ISO-10303-21;
HEADER;
/* Generated by software containing ST-Developer
 * from STEP Tools, Inc. (www.steptools.com) 
 */

FILE_DESCRIPTION(
/* description */ (''),
/* implementation_level */ '2;1');

FILE_NAME(
/* name */ 'PocketAudioDeck_Base.step',
/* time_stamp */ '2026-07-30T13:47:52+09:00',
/* author */ (''),
/* organization */ (''),
/* preprocessor_version */ 'ST-DEVELOPER v20.1',
/* originating_system */ 'Autodesk Translation Framework v15.8.0.0',
/* authorisation */ '');

FILE_SCHEMA (('AUTOMOTIVE_DESIGN { 1 0 10303 214 3 1 1 }'));
ENDSEC;

DATA;
#10=MECHANICAL_DESIGN_GEOMETRIC_PRESENTATION_REPRESENTATION('',(#13),#12109);
#11=SHAPE_REPRESENTATION_RELATIONSHIP('SRR','None',#12116,#12);
#12=ADVANCED_BREP_SHAPE_REPRESENTATION('',(#14),#12108);
#13=STYLED_ITEM('',(#12125),#14);
#14=MANIFOLD_SOLID_BREP('\X2\30DC30C730A3\X0\1',#6305);
#15=CONICAL_SURFACE('',#6495,1.6,0.197395559849882);
#16=CONICAL_SURFACE('',#6501,1.6,0.197395559849883);
#17=B_SPLINE_SURFACE_WITH_KNOTS('',3,1,((#8986,#8987),(#8988,#8989),(#8990,
#8991),(#8992,#8993),(#8994,#8995)),.UNSPECIFIED.,.F.,.F.,.F.,(4,1,4),(2,
2),(0.,0.0145543715815812,0.028658935460478),(0.,0.05),.UNSPECIFIED.);
#18=B_SPLINE_SURFACE_WITH_KNOTS('',3,1,((#9009,#9010),(#9011,#9012),(#9013,
#9014),(#9015,#9016),(#9017,#9018)),.UNSPECIFIED.,.F.,.F.,.F.,(4,1,4),(2,
2),(0.,0.00737068119528242,0.0147798480738334),(0.,0.05),.UNSPECIFIED.);
#19=B_SPLINE_SURFACE_WITH_KNOTS('',3,1,((#9026,#9027),(#9028,#9029),(#9030,
#9031),(#9032,#9033),(#9034,#9035)),.UNSPECIFIED.,.F.,.F.,.F.,(4,1,4),(2,
2),(0.,0.00715585787092956,0.0143824885071713),(0.,0.05),.UNSPECIFIED.);
#20=B_SPLINE_SURFACE_WITH_KNOTS('',3,1,((#9043,#9044),(#9045,#9046),(#9047,
#9048),(#9049,#9050),(#9051,#9052)),.UNSPECIFIED.,.F.,.F.,.F.,(4,1,4),(2,
2),(0.,0.00870448270899244,0.0174888128122621),(0.,0.05),.UNSPECIFIED.);
#21=B_SPLINE_SURFACE_WITH_KNOTS('',3,1,((#9060,#9061),(#9062,#9063),(#9064,
#9065),(#9066,#9067),(#9068,#9069)),.UNSPECIFIED.,.F.,.F.,.F.,(4,1,4),(2,
2),(0.,0.0097433556267381,0.0187891579564101),(0.,0.05),.UNSPECIFIED.);
#22=B_SPLINE_SURFACE_WITH_KNOTS('',3,1,((#9077,#9078),(#9079,#9080),(#9081,
#9082),(#9083,#9084),(#9085,#9086)),.UNSPECIFIED.,.F.,.F.,.F.,(4,1,4),(2,
2),(0.,0.0118608017146179,0.0225587071803598),(0.,0.05),.UNSPECIFIED.);
#23=B_SPLINE_SURFACE_WITH_KNOTS('',3,1,((#9094,#9095),(#9096,#9097),(#9098,
#9099),(#9100,#9101),(#9102,#9103)),.UNSPECIFIED.,.F.,.F.,.F.,(4,1,4),(2,
2),(0.,0.0105718088299472,0.0223961769571915),(0.,0.05),.UNSPECIFIED.);
#24=B_SPLINE_SURFACE_WITH_KNOTS('',3,1,((#9111,#9112),(#9113,#9114),(#9115,
#9116),(#9117,#9118),(#9119,#9120)),.UNSPECIFIED.,.F.,.F.,.F.,(4,1,4),(2,
2),(0.,0.00922139782947728,0.0188789615957369),(0.,0.05),.UNSPECIFIED.);
#25=B_SPLINE_SURFACE_WITH_KNOTS('',3,1,((#9128,#9129),(#9130,#9131),(#9132,
#9133),(#9134,#9135),(#9136,#9137)),.UNSPECIFIED.,.F.,.F.,.F.,(4,1,4),(2,
2),(0.,0.00988127276496232,0.0191627162779196),(0.,0.05),.UNSPECIFIED.);
#26=B_SPLINE_SURFACE_WITH_KNOTS('',3,1,((#9145,#9146),(#9147,#9148),(#9149,
#9150),(#9151,#9152),(#9153,#9154)),.UNSPECIFIED.,.F.,.F.,.F.,(4,1,4),(2,
2),(0.,0.00493698173541581,0.00975857530597335),(0.,0.05),.UNSPECIFIED.);
#27=B_SPLINE_SURFACE_WITH_KNOTS('',3,1,((#9162,#9163),(#9164,#9165),(#9166,
#9167),(#9168,#9169),(#9170,#9171)),.UNSPECIFIED.,.F.,.F.,.F.,(4,1,4),(2,
2),(0.,0.00621494517534235,0.0116180392043434),(0.,0.05),.UNSPECIFIED.);
#28=B_SPLINE_SURFACE_WITH_KNOTS('',3,1,((#9183,#9184),(#9185,#9186),(#9187,
#9188),(#9189,#9190),(#9191,#9192)),.UNSPECIFIED.,.F.,.F.,.F.,(4,1,4),(2,
2),(0.,0.0116305491917456,0.0230338673595644),(0.,0.05),.UNSPECIFIED.);
#29=B_SPLINE_SURFACE_WITH_KNOTS('',3,1,((#9200,#9201),(#9202,#9203),(#9204,
#9205),(#9206,#9207),(#9208,#9209)),.UNSPECIFIED.,.F.,.F.,.F.,(4,1,4),(2,
2),(0.,0.0132677960937431,0.0254735763778117),(0.,0.05),.UNSPECIFIED.);
#30=B_SPLINE_SURFACE_WITH_KNOTS('',3,1,((#9217,#9218),(#9219,#9220),(#9221,
#9222),(#9223,#9224),(#9225,#9226)),.UNSPECIFIED.,.F.,.F.,.F.,(4,1,4),(2,
2),(0.,0.0203879449410194,0.0410292522637163),(0.,0.05),.UNSPECIFIED.);
#31=B_SPLINE_SURFACE_WITH_KNOTS('',3,1,((#9234,#9235),(#9236,#9237),(#9238,
#9239),(#9240,#9241),(#9242,#9243)),.UNSPECIFIED.,.F.,.F.,.F.,(4,1,4),(2,
2),(0.,0.0204090769649101,0.0406479620032732),(0.,0.05),.UNSPECIFIED.);
#32=B_SPLINE_SURFACE_WITH_KNOTS('',3,1,((#9251,#9252),(#9253,#9254),(#9255,
#9256),(#9257,#9258),(#9259,#9260)),.UNSPECIFIED.,.F.,.F.,.F.,(4,1,4),(2,
2),(0.,0.0235545201202112,0.0449514429747445),(0.,0.05),.UNSPECIFIED.);
#33=B_SPLINE_SURFACE_WITH_KNOTS('',3,1,((#9268,#9269),(#9270,#9271),(#9272,
#9273),(#9274,#9275),(#9276,#9277)),.UNSPECIFIED.,.F.,.F.,.F.,(4,1,4),(2,
2),(0.,0.0211894766885199,0.0447471361273712),(0.,0.05),.UNSPECIFIED.);
#34=B_SPLINE_SURFACE_WITH_KNOTS('',3,1,((#9285,#9286),(#9287,#9288),(#9289,
#9290),(#9291,#9292),(#9293,#9294)),.UNSPECIFIED.,.F.,.F.,.F.,(4,1,4),(2,
2),(0.,0.0193088632005968,0.0391142906547169),(0.,0.05),.UNSPECIFIED.);
#35=B_SPLINE_SURFACE_WITH_KNOTS('',3,1,((#9302,#9303),(#9304,#9305),(#9306,
#9307),(#9308,#9309),(#9310,#9311)),.UNSPECIFIED.,.F.,.F.,.F.,(4,1,4),(2,
2),(0.,0.0205413408524334,0.0401458078593783),(0.,0.05),.UNSPECIFIED.);
#36=B_SPLINE_SURFACE_WITH_KNOTS('',3,1,((#9319,#9320),(#9321,#9322),(#9323,
#9324),(#9325,#9326),(#9327,#9328)),.UNSPECIFIED.,.F.,.F.,.F.,(4,1,4),(2,
2),(0.,0.0135292848697431,0.0260196037603582),(0.,0.05),.UNSPECIFIED.);
#37=B_SPLINE_SURFACE_WITH_KNOTS('',3,1,((#9341,#9342),(#9343,#9344),(#9345,
#9346),(#9347,#9348),(#9349,#9350)),.UNSPECIFIED.,.F.,.F.,.F.,(4,1,4),(2,
2),(0.,0.0118879426570974,0.0263729818065078),(0.,0.05),.UNSPECIFIED.);
#38=B_SPLINE_SURFACE_WITH_KNOTS('',3,1,((#9358,#9359),(#9360,#9361),(#9362,
#9363),(#9364,#9365),(#9366,#9367)),.UNSPECIFIED.,.F.,.F.,.F.,(4,1,4),(2,
2),(0.,0.00869513661658683,0.018840556848927),(0.,0.05),.UNSPECIFIED.);
#39=B_SPLINE_SURFACE_WITH_KNOTS('',3,1,((#9375,#9376),(#9377,#9378),(#9379,
#9380),(#9381,#9382),(#9383,#9384)),.UNSPECIFIED.,.F.,.F.,.F.,(4,1,4),(2,
2),(0.,0.00412477192109062,0.00889287793505495),(0.,0.05),.UNSPECIFIED.);
#40=B_SPLINE_SURFACE_WITH_KNOTS('',3,1,((#9392,#9393),(#9394,#9395),(#9396,
#9397),(#9398,#9399),(#9400,#9401)),.UNSPECIFIED.,.F.,.F.,.F.,(4,1,4),(2,
2),(0.,0.0042733440435443,0.008241721909591),(0.,0.05),.UNSPECIFIED.);
#41=B_SPLINE_SURFACE_WITH_KNOTS('',3,1,((#9413,#9414),(#9415,#9416),(#9417,
#9418),(#9419,#9420),(#9421,#9422)),.UNSPECIFIED.,.F.,.F.,.F.,(4,1,4),(2,
2),(0.,0.00406169121088523,0.00773429450954806),(0.,0.05),.UNSPECIFIED.);
#42=B_SPLINE_SURFACE_WITH_KNOTS('',3,1,((#9430,#9431),(#9432,#9433),(#9434,
#9435),(#9436,#9437),(#9438,#9439)),.UNSPECIFIED.,.F.,.F.,.F.,(4,1,4),(2,
2),(0.,0.00627957206430837,0.0111961017083839),(0.,0.05),.UNSPECIFIED.);
#43=B_SPLINE_SURFACE_WITH_KNOTS('',3,1,((#9447,#9448),(#9449,#9450),(#9451,
#9452),(#9453,#9454),(#9455,#9456)),.UNSPECIFIED.,.F.,.F.,.F.,(4,1,4),(2,
2),(0.,0.0129372403618423,0.0246659505350457),(0.,0.05),.UNSPECIFIED.);
#44=B_SPLINE_SURFACE_WITH_KNOTS('',3,1,((#9464,#9465),(#9466,#9467),(#9468,
#9469),(#9470,#9471),(#9472,#9473)),.UNSPECIFIED.,.F.,.F.,.F.,(4,1,4),(2,
2),(0.,0.0163104048415212,0.0307496574342338),(0.,0.05),.UNSPECIFIED.);
#45=B_SPLINE_SURFACE_WITH_KNOTS('',3,1,((#9500,#9501),(#9502,#9503),(#9504,
#9505),(#9506,#9507),(#9508,#9509)),.UNSPECIFIED.,.F.,.F.,.F.,(4,1,4),(2,
2),(0.,0.0169213227252709,0.0350329929333182),(0.,0.05),.UNSPECIFIED.);
#46=B_SPLINE_SURFACE_WITH_KNOTS('',3,1,((#9519,#9520),(#9521,#9522),(#9523,
#9524),(#9525,#9526),(#9527,#9528)),.UNSPECIFIED.,.F.,.F.,.F.,(4,1,4),(2,
2),(0.,0.0161970649988816,0.0324908723503871),(0.,0.05),.UNSPECIFIED.);
#47=B_SPLINE_SURFACE_WITH_KNOTS('',3,1,((#9536,#9537),(#9538,#9539),(#9540,
#9541),(#9542,#9543),(#9544,#9545)),.UNSPECIFIED.,.F.,.F.,.F.,(4,1,4),(2,
2),(0.,0.0118448732700624,0.025151832002636),(0.,0.05),.UNSPECIFIED.);
#48=B_SPLINE_SURFACE_WITH_KNOTS('',3,1,((#9553,#9554),(#9555,#9556),(#9557,
#9558),(#9559,#9560),(#9561,#9562)),.UNSPECIFIED.,.F.,.F.,.F.,(4,1,4),(2,
2),(0.,0.0113458158342054,0.0225565847269024),(0.,0.05),.UNSPECIFIED.);
#49=B_SPLINE_SURFACE_WITH_KNOTS('',3,1,((#9570,#9571),(#9572,#9573),(#9574,
#9575),(#9576,#9577),(#9578,#9579)),.UNSPECIFIED.,.F.,.F.,.F.,(4,1,4),(2,
2),(0.,0.0127278251249368,0.0246259449821738),(0.,0.05),.UNSPECIFIED.);
#50=B_SPLINE_SURFACE_WITH_KNOTS('',3,1,((#9591,#9592),(#9593,#9594),(#9595,
#9596),(#9597,#9598),(#9599,#9600)),.UNSPECIFIED.,.F.,.F.,.F.,(4,1,4),(2,
2),(0.,0.00787837073705168,0.0168516348920771),(0.,0.05),.UNSPECIFIED.);
#51=B_SPLINE_SURFACE_WITH_KNOTS('',3,1,((#9608,#9609),(#9610,#9611),(#9612,
#9613),(#9614,#9615),(#9616,#9617)),.UNSPECIFIED.,.F.,.F.,.F.,(4,1,4),(2,
2),(0.,0.0058127246185197,0.0125973167061699),(0.,0.05),.UNSPECIFIED.);
#52=B_SPLINE_SURFACE_WITH_KNOTS('',3,1,((#9625,#9626),(#9627,#9628),(#9629,
#9630),(#9631,#9632),(#9633,#9634)),.UNSPECIFIED.,.F.,.F.,.F.,(4,1,4),(2,
2),(0.,0.00525861428087022,0.0103967745385603),(0.,0.05),.UNSPECIFIED.);
#53=B_SPLINE_SURFACE_WITH_KNOTS('',3,1,((#9642,#9643),(#9644,#9645),(#9646,
#9647),(#9648,#9649),(#9650,#9651)),.UNSPECIFIED.,.F.,.F.,.F.,(4,1,4),(2,
2),(0.,0.0070066796746863,0.0140970606908511),(0.,0.05),.UNSPECIFIED.);
#54=B_SPLINE_SURFACE_WITH_KNOTS('',3,1,((#9659,#9660),(#9661,#9662),(#9663,
#9664),(#9665,#9666),(#9667,#9668)),.UNSPECIFIED.,.F.,.F.,.F.,(4,1,4),(2,
2),(0.,0.00989066822662106,0.01803786936712),(0.,0.05),.UNSPECIFIED.);
#55=B_SPLINE_SURFACE_WITH_KNOTS('',3,1,((#9676,#9677),(#9678,#9679),(#9680,
#9681),(#9682,#9683),(#9684,#9685)),.UNSPECIFIED.,.F.,.F.,.F.,(4,1,4),(2,
2),(0.,0.0106108635596185,0.021927955018238),(0.,0.05),.UNSPECIFIED.);
#56=B_SPLINE_SURFACE_WITH_KNOTS('',3,1,((#9693,#9694),(#9695,#9696),(#9697,
#9698),(#9699,#9700),(#9701,#9702)),.UNSPECIFIED.,.F.,.F.,.F.,(4,1,4),(2,
2),(0.,0.011875818708833,0.0227261592722276),(0.,0.05),.UNSPECIFIED.);
#57=B_SPLINE_SURFACE_WITH_KNOTS('',3,1,((#9714,#9715),(#9716,#9717),(#9718,
#9719),(#9720,#9721),(#9722,#9723)),.UNSPECIFIED.,.F.,.F.,.F.,(4,1,4),(2,
2),(0.,0.0181441150868431,0.036392918909713),(0.,0.05),.UNSPECIFIED.);
#58=B_SPLINE_SURFACE_WITH_KNOTS('',3,1,((#9731,#9732),(#9733,#9734),(#9735,
#9736),(#9737,#9738),(#9739,#9740)),.UNSPECIFIED.,.F.,.F.,.F.,(4,1,4),(2,
2),(0.,0.0174601005851895,0.0353999523990409),(0.,0.05),.UNSPECIFIED.);
#59=B_SPLINE_SURFACE_WITH_KNOTS('',3,1,((#9748,#9749),(#9750,#9751),(#9752,
#9753),(#9754,#9755),(#9756,#9757)),.UNSPECIFIED.,.F.,.F.,.F.,(4,1,4),(2,
2),(0.,0.0185924341153629,0.038693565715546),(0.,0.05),.UNSPECIFIED.);
#60=B_SPLINE_SURFACE_WITH_KNOTS('',3,1,((#9765,#9766),(#9767,#9768),(#9769,
#9770),(#9771,#9772),(#9773,#9774)),.UNSPECIFIED.,.F.,.F.,.F.,(4,1,4),(2,
2),(0.,0.0165145639913299,0.0339109090634305),(0.,0.05),.UNSPECIFIED.);
#61=B_SPLINE_SURFACE_WITH_KNOTS('',3,1,((#9782,#9783),(#9784,#9785),(#9786,
#9787),(#9788,#9789),(#9790,#9791)),.UNSPECIFIED.,.F.,.F.,.F.,(4,1,4),(2,
2),(0.,0.0162729465555089,0.0323479090838362),(0.,0.05),.UNSPECIFIED.);
#62=B_SPLINE_SURFACE_WITH_KNOTS('',3,1,((#9799,#9800),(#9801,#9802),(#9803,
#9804),(#9805,#9806),(#9807,#9808)),.UNSPECIFIED.,.F.,.F.,.F.,(4,1,4),(2,
2),(0.,0.0124543710512437,0.0260879939376548),(0.,0.05),.UNSPECIFIED.);
#63=B_SPLINE_SURFACE_WITH_KNOTS('',3,1,((#9816,#9817),(#9818,#9819),(#9820,
#9821),(#9822,#9823),(#9824,#9825)),.UNSPECIFIED.,.F.,.F.,.F.,(4,1,4),(2,
2),(0.,0.011675914203593,0.0235704538147146),(0.,0.05),.UNSPECIFIED.);
#64=B_SPLINE_SURFACE_WITH_KNOTS('',3,1,((#9833,#9834),(#9835,#9836),(#9837,
#9838),(#9839,#9840),(#9841,#9842)),.UNSPECIFIED.,.F.,.F.,.F.,(4,1,4),(2,
2),(0.,0.0113454992095903,0.0229146882028292),(0.,0.05),.UNSPECIFIED.);
#65=B_SPLINE_SURFACE_WITH_KNOTS('',3,1,((#9854,#9855),(#9856,#9857),(#9858,
#9859),(#9860,#9861),(#9862,#9863)),.UNSPECIFIED.,.F.,.F.,.F.,(4,1,4),(2,
2),(0.,0.00754020317815613,0.0162340431109719),(0.,0.05),.UNSPECIFIED.);
#66=B_SPLINE_SURFACE_WITH_KNOTS('',3,1,((#9871,#9872),(#9873,#9874),(#9875,
#9876),(#9877,#9878),(#9879,#9880)),.UNSPECIFIED.,.F.,.F.,.F.,(4,1,4),(2,
2),(0.,0.00543520045803342,0.0118496054544015),(0.,0.05),.UNSPECIFIED.);
#67=B_SPLINE_SURFACE_WITH_KNOTS('',3,1,((#9888,#9889),(#9890,#9891),(#9892,
#9893),(#9894,#9895),(#9896,#9897)),.UNSPECIFIED.,.F.,.F.,.F.,(4,1,4),(2,
2),(0.,0.00540643545194726,0.0103507258029107),(0.,0.05),.UNSPECIFIED.);
#68=B_SPLINE_SURFACE_WITH_KNOTS('',3,1,((#9905,#9906),(#9907,#9908),(#9909,
#9910),(#9911,#9912),(#9913,#9914)),.UNSPECIFIED.,.F.,.F.,.F.,(4,1,4),(2,
2),(0.,0.00728316670692298,0.0146683323970118),(0.,0.05),.UNSPECIFIED.);
#69=B_SPLINE_SURFACE_WITH_KNOTS('',3,1,((#9922,#9923),(#9924,#9925),(#9926,
#9927),(#9928,#9929),(#9930,#9931)),.UNSPECIFIED.,.F.,.F.,.F.,(4,1,4),(2,
2),(0.,0.0117033876967683,0.0205249011470065),(0.,0.05),.UNSPECIFIED.);
#70=B_SPLINE_SURFACE_WITH_KNOTS('',3,1,((#9939,#9940),(#9941,#9942),(#9943,
#9944),(#9945,#9946),(#9947,#9948)),.UNSPECIFIED.,.F.,.F.,.F.,(4,1,4),(2,
2),(0.,0.01340255847527,0.0255983200188099),(0.,0.05),.UNSPECIFIED.);
#71=B_SPLINE_SURFACE_WITH_KNOTS('',3,1,((#9956,#9957),(#9958,#9959),(#9960,
#9961),(#9962,#9963),(#9964,#9965)),.UNSPECIFIED.,.F.,.F.,.F.,(4,1,4),(2,
2),(0.,0.0138390607597809,0.0278286672990414),(0.,0.05),.UNSPECIFIED.);
#72=B_SPLINE_SURFACE_WITH_KNOTS('',3,1,((#9977,#9978),(#9979,#9980),(#9981,
#9982),(#9983,#9984),(#9985,#9986)),.UNSPECIFIED.,.F.,.F.,.F.,(4,1,4),(2,
2),(0.,0.0207423146141916,0.0415208611774772),(0.,0.05),.UNSPECIFIED.);
#73=B_SPLINE_SURFACE_WITH_KNOTS('',3,1,((#9994,#9995),(#9996,#9997),(#9998,
#9999),(#10000,#10001),(#10002,#10003)),.UNSPECIFIED.,.F.,.F.,.F.,(4,1,
4),(2,2),(0.,0.0197143056316887,0.0401486600461927),(0.,0.05),
 .UNSPECIFIED.);
#74=B_SPLINE_SURFACE_WITH_KNOTS('',3,1,((#10011,#10012),(#10013,#10014),
(#10015,#10016),(#10017,#10018),(#10019,#10020)),.UNSPECIFIED.,.F.,.F.,
 .F.,(4,1,4),(2,2),(0.,0.0199303173530385,0.0424189630780348),(0.,0.05),
 .UNSPECIFIED.);
#75=B_SPLINE_SURFACE_WITH_KNOTS('',3,1,((#10027,#10028),(#10029,#10030),
(#10031,#10032),(#10033,#10034),(#10035,#10036)),.UNSPECIFIED.,.F.,.F.,
 .F.,(4,1,4),(2,2),(0.,0.00905042061051439,0.017016672002467),(0.,0.05),
 .UNSPECIFIED.);
#76=B_SPLINE_SURFACE_WITH_KNOTS('',3,1,((#10053,#10054),(#10055,#10056),
(#10057,#10058),(#10059,#10060),(#10061,#10062)),.UNSPECIFIED.,.F.,.F.,
 .F.,(4,1,4),(2,2),(0.,0.0118330934651081,0.0222511895548284),(0.,0.05),
 .UNSPECIFIED.);
#77=B_SPLINE_SURFACE_WITH_KNOTS('',3,1,((#10076,#10077),(#10078,#10079),
(#10080,#10081),(#10082,#10083),(#10084,#10085)),.UNSPECIFIED.,.F.,.F.,
 .F.,(4,1,4),(2,2),(0.,0.010319553259467,0.0221191341653942),(0.,0.05),
 .UNSPECIFIED.);
#78=B_SPLINE_SURFACE_WITH_KNOTS('',3,1,((#10099,#10100),(#10101,#10102),
(#10103,#10104),(#10105,#10106),(#10107,#10108)),.UNSPECIFIED.,.F.,.F.,
 .F.,(4,1,4),(2,2),(0.,0.00794025840186684,0.0168982364234462),(0.,0.05),
 .UNSPECIFIED.);
#79=B_SPLINE_SURFACE_WITH_KNOTS('',3,1,((#10122,#10123),(#10124,#10125),
(#10126,#10127),(#10128,#10129),(#10130,#10131)),.UNSPECIFIED.,.F.,.F.,
 .F.,(4,1,4),(2,2),(0.,0.00818719393276592,0.015766952315823),(0.,0.05),
 .UNSPECIFIED.);
#80=B_SPLINE_SURFACE_WITH_KNOTS('',3,1,((#10145,#10146),(#10147,#10148),
(#10149,#10150),(#10151,#10152),(#10153,#10154)),.UNSPECIFIED.,.F.,.F.,
 .F.,(4,1,4),(2,2),(0.,0.00757982488068252,0.0157670141716939),(0.,0.05),
 .UNSPECIFIED.);
#81=B_SPLINE_SURFACE_WITH_KNOTS('',3,1,((#10168,#10169),(#10170,#10171),
(#10172,#10173),(#10174,#10175),(#10176,#10177)),.UNSPECIFIED.,.F.,.F.,
 .F.,(4,1,4),(2,2),(0.,0.00891846805526817,0.016837507553372),(0.,0.05),
 .UNSPECIFIED.);
#82=B_SPLINE_SURFACE_WITH_KNOTS('',3,1,((#10191,#10192),(#10193,#10194),
(#10195,#10196),(#10197,#10198),(#10199,#10200)),.UNSPECIFIED.,.F.,.F.,
 .F.,(4,1,4),(2,2),(0.,0.0117976243138751,0.0220970247108554),(0.,0.05),
 .UNSPECIFIED.);
#83=B_SPLINE_SURFACE_WITH_KNOTS('',3,1,((#10214,#10215),(#10216,#10217),
(#10218,#10219),(#10220,#10221),(#10222,#10223)),.UNSPECIFIED.,.F.,.F.,
 .F.,(4,1,4),(2,2),(0.,0.0103981342171077,0.0222292766323523),(0.,0.05),
 .UNSPECIFIED.);
#84=B_SPLINE_SURFACE_WITH_KNOTS('',3,1,((#10237,#10238),(#10239,#10240),
(#10241,#10242),(#10243,#10244),(#10245,#10246)),.UNSPECIFIED.,.F.,.F.,
 .F.,(4,1,4),(2,2),(0.,0.00794509039027418,0.016956419951682),(0.,0.05),
 .UNSPECIFIED.);
#85=B_SPLINE_SURFACE_WITH_KNOTS('',3,1,((#10260,#10261),(#10262,#10263),
(#10264,#10265),(#10266,#10267),(#10268,#10269)),.UNSPECIFIED.,.F.,.F.,
 .F.,(4,1,4),(2,2),(0.,0.00818719393276592,0.0157670188134484),(0.,0.05),
 .UNSPECIFIED.);
#86=B_SPLINE_SURFACE_WITH_KNOTS('',3,1,((#10283,#10284),(#10285,#10286),
(#10287,#10288),(#10289,#10290),(#10291,#10292)),.UNSPECIFIED.,.F.,.F.,
 .F.,(4,1,4),(2,2),(0.,0.00757977342426075,0.0157669673570267),(0.,0.05),
 .UNSPECIFIED.);
#87=B_SPLINE_SURFACE_WITH_KNOTS('',3,1,((#10303,#10304),(#10305,#10306),
(#10307,#10308),(#10309,#10310),(#10311,#10312)),.UNSPECIFIED.,.F.,.F.,
 .F.,(4,1,4),(2,2),(0.,0.0200283903531338,0.0393640328842752),(0.,0.05),
 .UNSPECIFIED.);
#88=B_SPLINE_SURFACE_WITH_KNOTS('',3,1,((#10322,#10323),(#10324,#10325),
(#10326,#10327),(#10328,#10329),(#10330,#10331)),.UNSPECIFIED.,.F.,.F.,
 .F.,(4,1,4),(2,2),(0.,0.0235723774765793,0.0449086605009221),(0.,0.05),
 .UNSPECIFIED.);
#89=B_SPLINE_SURFACE_WITH_KNOTS('',3,1,((#10339,#10340),(#10341,#10342),
(#10343,#10344),(#10345,#10346),(#10347,#10348)),.UNSPECIFIED.,.F.,.F.,
 .F.,(4,1,4),(2,2),(0.,0.0165020238455683,0.0345547220969161),(0.,0.05),
 .UNSPECIFIED.);
#90=B_SPLINE_SURFACE_WITH_KNOTS('',3,1,((#10356,#10357),(#10358,#10359),
(#10360,#10361),(#10362,#10363),(#10364,#10365)),.UNSPECIFIED.,.F.,.F.,
 .F.,(4,1,4),(2,2),(0.,0.0148062974995096,0.0302682147055972),(0.,0.05),
 .UNSPECIFIED.);
#91=B_SPLINE_SURFACE_WITH_KNOTS('',3,1,((#10373,#10374),(#10375,#10376),
(#10377,#10378),(#10379,#10380),(#10381,#10382)),.UNSPECIFIED.,.F.,.F.,
 .F.,(4,1,4),(2,2),(0.,0.0143038698792209,0.0287371751201609),(0.,0.05),
 .UNSPECIFIED.);
#92=B_SPLINE_SURFACE_WITH_KNOTS('',3,1,((#10390,#10391),(#10392,#10393),
(#10394,#10395),(#10396,#10397),(#10398,#10399)),.UNSPECIFIED.,.F.,.F.,
 .F.,(4,1,4),(2,2),(0.,0.0142913401641264,0.0285625469999983),(0.,0.05),
 .UNSPECIFIED.);
#93=B_SPLINE_SURFACE_WITH_KNOTS('',3,1,((#10407,#10408),(#10409,#10410),
(#10411,#10412),(#10413,#10414),(#10415,#10416)),.UNSPECIFIED.,.F.,.F.,
 .F.,(4,1,4),(2,2),(0.,0.0191055312609003,0.0380478795806756),(0.,0.05),
 .UNSPECIFIED.);
#94=B_SPLINE_SURFACE_WITH_KNOTS('',3,1,((#10424,#10425),(#10426,#10427),
(#10428,#10429),(#10430,#10431),(#10432,#10433)),.UNSPECIFIED.,.F.,.F.,
 .F.,(4,1,4),(2,2),(0.,0.0199692307767136,0.0393652788290448),(0.,0.05),
 .UNSPECIFIED.);
#95=B_SPLINE_SURFACE_WITH_KNOTS('',3,1,((#10441,#10442),(#10443,#10444),
(#10445,#10446),(#10447,#10448),(#10449,#10450)),.UNSPECIFIED.,.F.,.F.,
 .F.,(4,1,4),(2,2),(0.,0.0235390184417865,0.0447819451688129),(0.,0.05),
 .UNSPECIFIED.);
#96=B_SPLINE_SURFACE_WITH_KNOTS('',3,1,((#10458,#10459),(#10460,#10461),
(#10462,#10463),(#10464,#10465),(#10466,#10467)),.UNSPECIFIED.,.F.,.F.,
 .F.,(4,1,4),(2,2),(0.,0.0213362830243428,0.0449086605009221),(0.,0.05),
 .UNSPECIFIED.);
#97=B_SPLINE_SURFACE_WITH_KNOTS('',3,1,((#10475,#10476),(#10477,#10478),
(#10479,#10480),(#10481,#10482),(#10483,#10484)),.UNSPECIFIED.,.F.,.F.,
 .F.,(4,1,4),(2,2),(0.,0.0194161545991567,0.0394649919469722),(0.,0.05),
 .UNSPECIFIED.);
#98=B_SPLINE_SURFACE_WITH_KNOTS('',3,1,((#10492,#10493),(#10494,#10495),
(#10496,#10497),(#10498,#10499),(#10500,#10501)),.UNSPECIFIED.,.F.,.F.,
 .F.,(4,1,4),(2,2),(0.,0.0189423483197753,0.03804788515542),(0.,0.05),
 .UNSPECIFIED.);
#99=B_SPLINE_SURFACE_WITH_KNOTS('',3,1,((#10509,#10510),(#10511,#10512),
(#10513,#10514),(#10515,#10516),(#10517,#10518)),.UNSPECIFIED.,.F.,.F.,
 .F.,(4,1,4),(2,2),(0.,0.0190122124845843,0.0379213294927586),(0.,0.05),
 .UNSPECIFIED.);
#100=B_SPLINE_SURFACE_WITH_KNOTS('',3,1,((#10534,#10535),(#10536,#10537),
(#10538,#10539),(#10540,#10541),(#10542,#10543)),.UNSPECIFIED.,.F.,.F.,
 .F.,(4,1,4),(2,2),(0.,0.0139528891271521,0.0292104511422134),(0.,0.05),
 .UNSPECIFIED.);
#101=B_SPLINE_SURFACE_WITH_KNOTS('',3,1,((#10557,#10558),(#10559,#10560),
(#10561,#10562),(#10563,#10564),(#10565,#10566)),.UNSPECIFIED.,.F.,.F.,
 .F.,(4,1,4),(2,2),(0.,0.0139529851353799,0.0271979093057182),(0.,0.05),
 .UNSPECIFIED.);
#102=B_SPLINE_SURFACE_WITH_KNOTS('',3,1,((#10580,#10581),(#10582,#10583),
(#10584,#10585),(#10586,#10587),(#10588,#10589)),.UNSPECIFIED.,.F.,.F.,
 .F.,(4,1,4),(2,2),(0.,0.0212797298161101,0.0379613563790476),(0.,0.05),
 .UNSPECIFIED.);
#103=B_SPLINE_SURFACE_WITH_KNOTS('',3,1,((#10603,#10604),(#10605,#10606),
(#10607,#10608),(#10609,#10610),(#10611,#10612)),.UNSPECIFIED.,.F.,.F.,
 .F.,(4,1,4),(2,2),(0.,0.0170005608057909,0.0382133876881891),(0.,0.05),
 .UNSPECIFIED.);
#104=B_SPLINE_SURFACE_WITH_KNOTS('',3,1,((#10626,#10627),(#10628,#10629),
(#10630,#10631),(#10632,#10633),(#10634,#10635)),.UNSPECIFIED.,.F.,.F.,
 .F.,(4,1,4),(2,2),(0.,0.0134875182579605,0.027846793543293),(0.,0.05),
 .UNSPECIFIED.);
#105=B_SPLINE_SURFACE_WITH_KNOTS('',3,1,((#10649,#10650),(#10651,#10652),
(#10653,#10654),(#10655,#10656),(#10657,#10658)),.UNSPECIFIED.,.F.,.F.,
 .F.,(4,1,4),(2,2),(0.,0.015266528091596,0.0293073878553621),(0.,0.05),
 .UNSPECIFIED.);
#106=B_SPLINE_SURFACE_WITH_KNOTS('',3,1,((#10681,#10682),(#10683,#10684),
(#10685,#10686),(#10687,#10688),(#10689,#10690)),.UNSPECIFIED.,.F.,.F.,
 .F.,(4,1,4),(2,2),(0.,0.0252453510930565,0.052859378865684),(0.,0.05),
 .UNSPECIFIED.);
#107=B_SPLINE_SURFACE_WITH_KNOTS('',3,1,((#10700,#10701),(#10702,#10703),
(#10704,#10705),(#10706,#10707),(#10708,#10709)),.UNSPECIFIED.,.F.,.F.,
 .F.,(4,1,4),(2,2),(0.,0.0245378708737042,0.0485350838446187),(0.,0.05),
 .UNSPECIFIED.);
#108=B_SPLINE_SURFACE_WITH_KNOTS('',3,1,((#10717,#10718),(#10719,#10720),
(#10721,#10722),(#10723,#10724),(#10725,#10726)),.UNSPECIFIED.,.F.,.F.,
 .F.,(4,1,4),(2,2),(0.,0.0317310354618485,0.0588671017323849),(0.,0.05),
 .UNSPECIFIED.);
#109=B_SPLINE_SURFACE_WITH_KNOTS('',3,1,((#10734,#10735),(#10736,#10737),
(#10738,#10739),(#10740,#10741),(#10742,#10743)),.UNSPECIFIED.,.F.,.F.,
 .F.,(4,1,4),(2,2),(0.,0.0267624836988572,0.0585302375654344),(0.,0.05),
 .UNSPECIFIED.);
#110=B_SPLINE_SURFACE_WITH_KNOTS('',3,1,((#10751,#10752),(#10753,#10754),
(#10755,#10756),(#10757,#10758),(#10759,#10760)),.UNSPECIFIED.,.F.,.F.,
 .F.,(4,1,4),(2,2),(0.,0.0240969370395633,0.0483038032097335),(0.,0.05),
 .UNSPECIFIED.);
#111=B_SPLINE_SURFACE_WITH_KNOTS('',3,1,((#10768,#10769),(#10770,#10771),
(#10772,#10773),(#10774,#10775),(#10776,#10777)),.UNSPECIFIED.,.F.,.F.,
 .F.,(4,1,4),(2,2),(0.,0.0287406824165838,0.0545945248359535),(0.,0.05),
 .UNSPECIFIED.);
#112=B_SPLINE_SURFACE_WITH_KNOTS('',3,1,((#10796,#10797),(#10798,#10799),
(#10800,#10801),(#10802,#10803),(#10804,#10805)),.UNSPECIFIED.,.F.,.F.,
 .F.,(4,1,4),(2,2),(0.,0.0103009106542647,0.0199090883337916),(0.,0.05),
 .UNSPECIFIED.);
#113=B_SPLINE_SURFACE_WITH_KNOTS('',3,1,((#10815,#10816),(#10817,#10818),
(#10819,#10820),(#10821,#10822),(#10823,#10824)),.UNSPECIFIED.,.F.,.F.,
 .F.,(4,1,4),(2,2),(0.,0.00955340080907414,0.0196563096563869),(0.,0.05),
 .UNSPECIFIED.);
#114=B_SPLINE_SURFACE_WITH_KNOTS('',3,1,((#10832,#10833),(#10834,#10835),
(#10836,#10837),(#10838,#10839),(#10840,#10841)),.UNSPECIFIED.,.F.,.F.,
 .F.,(4,1,4),(2,2),(0.,0.0108353920336804,0.0207053300047111),(0.,0.05),
 .UNSPECIFIED.);
#115=B_SPLINE_SURFACE_WITH_KNOTS('',3,1,((#10849,#10850),(#10851,#10852),
(#10853,#10854),(#10855,#10856),(#10857,#10858)),.UNSPECIFIED.,.F.,.F.,
 .F.,(4,1,4),(2,2),(0.,0.00984109120000536,0.0208422760155674),(0.,0.05),
 .UNSPECIFIED.);
#116=B_SPLINE_SURFACE_WITH_KNOTS('',3,1,((#10866,#10867),(#10868,#10869),
(#10870,#10871),(#10872,#10873),(#10874,#10875)),.UNSPECIFIED.,.F.,.F.,
 .F.,(4,1,4),(2,2),(0.,0.0100968269400477,0.0195922350313184),(0.,0.05),
 .UNSPECIFIED.);
#117=B_SPLINE_SURFACE_WITH_KNOTS('',3,1,((#10883,#10884),(#10885,#10886),
(#10887,#10888),(#10889,#10890),(#10891,#10892)),.UNSPECIFIED.,.F.,.F.,
 .F.,(4,1,4),(2,2),(0.,0.00955050030603818,0.0198454513693603),(0.,0.05),
 .UNSPECIFIED.);
#118=B_SPLINE_SURFACE_WITH_KNOTS('',3,1,((#10900,#10901),(#10902,#10903),
(#10904,#10905),(#10906,#10907),(#10908,#10909)),.UNSPECIFIED.,.F.,.F.,
 .F.,(4,1,4),(2,2),(0.,0.0110011859518916,0.0208422809627514),(0.,0.05),
 .UNSPECIFIED.);
#119=B_SPLINE_SURFACE_WITH_KNOTS('',3,1,((#10917,#10918),(#10919,#10920),
(#10921,#10922),(#10923,#10924),(#10925,#10926)),.UNSPECIFIED.,.F.,.F.,
 .F.,(4,1,4),(2,2),(0.,0.00986994557045649,0.0207053376041369),(0.,0.05),
 .UNSPECIFIED.);
#120=B_SPLINE_SURFACE_WITH_KNOTS('',3,1,((#10939,#10940),(#10941,#10942),
(#10943,#10944),(#10945,#10946),(#10947,#10948)),.UNSPECIFIED.,.F.,.F.,
 .F.,(4,1,4),(2,2),(0.,0.00761332676745986,0.0165660001555544),(0.,0.05),
 .UNSPECIFIED.);
#121=B_SPLINE_SURFACE_WITH_KNOTS('',3,1,((#10956,#10957),(#10958,#10959),
(#10960,#10961),(#10962,#10963),(#10964,#10965)),.UNSPECIFIED.,.F.,.F.,
 .F.,(4,1,4),(2,2),(0.,0.00543427411188169,0.0118542068034183),(0.,0.05),
 .UNSPECIFIED.);
#122=B_SPLINE_SURFACE_WITH_KNOTS('',3,1,((#10973,#10974),(#10975,#10976),
(#10977,#10978),(#10979,#10980),(#10981,#10982)),.UNSPECIFIED.,.F.,.F.,
 .F.,(4,1,4),(2,2),(0.,0.00694006624455091,0.0149839616779041),(0.,0.05),
 .UNSPECIFIED.);
#123=B_SPLINE_SURFACE_WITH_KNOTS('',3,1,((#10990,#10991),(#10992,#10993),
(#10994,#10995),(#10996,#10997),(#10998,#10999)),.UNSPECIFIED.,.F.,.F.,
 .F.,(4,1,4),(2,2),(0.,0.0133319033815885,0.0221307656988541),(0.,0.05),
 .UNSPECIFIED.);
#124=B_SPLINE_SURFACE_WITH_KNOTS('',3,1,((#11019,#11020),(#11021,#11022),
(#11023,#11024),(#11025,#11026),(#11027,#11028)),.UNSPECIFIED.,.F.,.F.,
 .F.,(4,1,4),(2,2),(0.,0.00766903306451105,0.0167706403851672),(0.,0.05),
 .UNSPECIFIED.);
#125=B_SPLINE_SURFACE_WITH_KNOTS('',3,1,((#11036,#11037),(#11038,#11039),
(#11040,#11041),(#11042,#11043),(#11044,#11045)),.UNSPECIFIED.,.F.,.F.,
 .F.,(4,1,4),(2,2),(0.,0.00543427411188169,0.0118542068034183),(0.,0.05),
 .UNSPECIFIED.);
#126=B_SPLINE_SURFACE_WITH_KNOTS('',3,1,((#11053,#11054),(#11055,#11056),
(#11057,#11058),(#11059,#11060),(#11061,#11062)),.UNSPECIFIED.,.F.,.F.,
 .F.,(4,1,4),(2,2),(0.,0.00686050901029344,0.0148713976396858),(0.,0.05),
 .UNSPECIFIED.);
#127=B_SPLINE_SURFACE_WITH_KNOTS('',3,1,((#11070,#11071),(#11072,#11073),
(#11074,#11075),(#11076,#11077),(#11078,#11079)),.UNSPECIFIED.,.F.,.F.,
 .F.,(4,1,4),(2,2),(0.,0.0133292436196583,0.0220917375173449),(0.,0.05),
 .UNSPECIFIED.);
#128=B_SPLINE_SURFACE_WITH_KNOTS('',3,1,((#11099,#11100),(#11101,#11102),
(#11103,#11104),(#11105,#11106),(#11107,#11108)),.UNSPECIFIED.,.F.,.F.,
 .F.,(4,1,4),(2,2),(0.,0.0214455868413027,0.0473080565511202),(0.,0.05),
 .UNSPECIFIED.);
#129=B_SPLINE_SURFACE_WITH_KNOTS('',3,1,((#11116,#11117),(#11118,#11119),
(#11120,#11121),(#11122,#11123),(#11124,#11125)),.UNSPECIFIED.,.F.,.F.,
 .F.,(4,1,4),(2,2),(0.,0.0219747403938068,0.0413352845429942),(0.,0.05),
 .UNSPECIFIED.);
#130=B_SPLINE_SURFACE_WITH_KNOTS('',3,1,((#11133,#11134),(#11135,#11136),
(#11137,#11138),(#11139,#11140),(#11141,#11142)),.UNSPECIFIED.,.F.,.F.,
 .F.,(4,1,4),(2,2),(0.,0.0135139538337362,0.0279322484511703),(0.,0.05),
 .UNSPECIFIED.);
#131=B_SPLINE_SURFACE_WITH_KNOTS('',3,1,((#11150,#11151),(#11152,#11153),
(#11154,#11155),(#11156,#11157),(#11158,#11159)),.UNSPECIFIED.,.F.,.F.,
 .F.,(4,1,4),(2,2),(0.,0.0140095107931882,0.0276739477659384),(0.,0.05),
 .UNSPECIFIED.);
#132=B_SPLINE_SURFACE_WITH_KNOTS('',3,1,((#11167,#11168),(#11169,#11170),
(#11171,#11172),(#11173,#11174),(#11175,#11176)),.UNSPECIFIED.,.F.,.F.,
 .F.,(4,1,4),(2,2),(0.,0.0120084124893996,0.02491043703182),(0.,0.05),
 .UNSPECIFIED.);
#133=B_SPLINE_SURFACE_WITH_KNOTS('',3,1,((#11184,#11185),(#11186,#11187),
(#11188,#11189),(#11190,#11191),(#11192,#11193)),.UNSPECIFIED.,.F.,.F.,
 .F.,(4,1,4),(2,2),(0.,0.0144857984288362,0.0269690689276115),(0.,0.05),
 .UNSPECIFIED.);
#134=B_SPLINE_SURFACE_WITH_KNOTS('',3,1,((#11201,#11202),(#11203,#11204),
(#11205,#11206),(#11207,#11208),(#11209,#11210)),.UNSPECIFIED.,.F.,.F.,
 .F.,(4,1,4),(2,2),(0.,0.0130028703184142,0.0274668989789898),(0.,0.05),
 .UNSPECIFIED.);
#135=B_SPLINE_SURFACE_WITH_KNOTS('',3,1,((#11218,#11219),(#11220,#11221),
(#11222,#11223),(#11224,#11225),(#11226,#11227)),.UNSPECIFIED.,.F.,.F.,
 .F.,(4,1,4),(2,2),(0.,0.0130924702541997,0.0259070804107931),(0.,0.05),
 .UNSPECIFIED.);
#136=B_SPLINE_SURFACE_WITH_KNOTS('',3,1,((#11256,#11257),(#11258,#11259),
(#11260,#11261),(#11262,#11263),(#11264,#11265)),.UNSPECIFIED.,.F.,.F.,
 .F.,(4,1,4),(2,2),(0.,0.0140619985651681,0.026680553720968),(0.,0.05),
 .UNSPECIFIED.);
#137=B_SPLINE_SURFACE_WITH_KNOTS('',3,1,((#11282,#11283),(#11284,#11285),
(#11286,#11287),(#11288,#11289),(#11290,#11291)),.UNSPECIFIED.,.F.,.F.,
 .F.,(4,1,4),(2,2),(0.,0.0180986870777675,0.0340670412393342),(0.,0.05),
 .UNSPECIFIED.);
#138=B_SPLINE_SURFACE_WITH_KNOTS('',3,1,((#11305,#11306),(#11307,#11308),
(#11309,#11310),(#11311,#11312),(#11313,#11314)),.UNSPECIFIED.,.F.,.F.,
 .F.,(4,1,4),(2,2),(0.,0.0156753064823613,0.0336735750024023),(0.,0.05),
 .UNSPECIFIED.);
#139=B_SPLINE_SURFACE_WITH_KNOTS('',3,1,((#11328,#11329),(#11330,#11331),
(#11332,#11333),(#11334,#11335),(#11336,#11337)),.UNSPECIFIED.,.F.,.F.,
 .F.,(4,1,4),(2,2),(0.,0.0122483652344529,0.0259203019299598),(0.,0.05),
 .UNSPECIFIED.);
#140=B_SPLINE_SURFACE_WITH_KNOTS('',3,1,((#11351,#11352),(#11353,#11354),
(#11355,#11356),(#11357,#11358),(#11359,#11360)),.UNSPECIFIED.,.F.,.F.,
 .F.,(4,1,4),(2,2),(0.,0.0123816565831883,0.0241488891715352),(0.,0.05),
 .UNSPECIFIED.);
#141=B_SPLINE_SURFACE_WITH_KNOTS('',3,1,((#11374,#11375),(#11376,#11377),
(#11378,#11379),(#11380,#11381),(#11382,#11383)),.UNSPECIFIED.,.F.,.F.,
 .F.,(4,1,4),(2,2),(0.,0.0117672394724124,0.0241488643933576),(0.,0.05),
 .UNSPECIFIED.);
#142=B_SPLINE_SURFACE_WITH_KNOTS('',3,1,((#11397,#11398),(#11399,#11400),
(#11401,#11402),(#11403,#11404),(#11405,#11406)),.UNSPECIFIED.,.F.,.F.,
 .F.,(4,1,4),(2,2),(0.,0.0137179425213508,0.0259894083371103),(0.,0.05),
 .UNSPECIFIED.);
#143=B_SPLINE_SURFACE_WITH_KNOTS('',3,1,((#11420,#11421),(#11422,#11423),
(#11424,#11425),(#11426,#11427),(#11428,#11429)),.UNSPECIFIED.,.F.,.F.,
 .F.,(4,1,4),(2,2),(0.,0.0180006623318517,0.0337008553791115),(0.,0.05),
 .UNSPECIFIED.);
#144=B_SPLINE_SURFACE_WITH_KNOTS('',3,1,((#11443,#11444),(#11445,#11446),
(#11447,#11448),(#11449,#11450),(#11451,#11452)),.UNSPECIFIED.,.F.,.F.,
 .F.,(4,1,4),(2,2),(0.,0.0159927634254146,0.0340938479137173),(0.,0.05),
 .UNSPECIFIED.);
#145=B_SPLINE_SURFACE_WITH_KNOTS('',3,1,((#11466,#11467),(#11468,#11469),
(#11470,#11471),(#11472,#11473),(#11474,#11475)),.UNSPECIFIED.,.F.,.F.,
 .F.,(4,1,4),(2,2),(0.,0.0126409792567967,0.0267477116091143),(0.,0.05),
 .UNSPECIFIED.);
#146=B_SPLINE_SURFACE_WITH_KNOTS('',3,1,((#11489,#11490),(#11491,#11492),
(#11493,#11494),(#11495,#11496),(#11497,#11498)),.UNSPECIFIED.,.F.,.F.,
 .F.,(4,1,4),(2,2),(0.,0.0124019851853405,0.0243605867087409),(0.,0.05),
 .UNSPECIFIED.);
#147=B_SPLINE_SURFACE_WITH_KNOTS('',3,1,((#11512,#11513),(#11514,#11515),
(#11516,#11517),(#11518,#11519),(#11520,#11521)),.UNSPECIFIED.,.F.,.F.,
 .F.,(4,1,4),(2,2),(0.,0.0119586015234004,0.0243606161417722),(0.,0.05),
 .UNSPECIFIED.);
#148=B_SPLINE_SURFACE_WITH_KNOTS('',3,1,((#11532,#11533),(#11534,#11535),
(#11536,#11537),(#11538,#11539),(#11540,#11541)),.UNSPECIFIED.,.F.,.F.,
 .F.,(4,1,4),(2,2),(0.,0.0249056990997654,0.0487085151592418),(0.,0.05),
 .UNSPECIFIED.);
#149=B_SPLINE_SURFACE_WITH_KNOTS('',3,1,((#11551,#11552),(#11553,#11554),
(#11555,#11556),(#11557,#11558),(#11559,#11560)),.UNSPECIFIED.,.F.,.F.,
 .F.,(4,1,4),(2,2),(0.,0.0305727596322279,0.0577917324313051),(0.,0.05),
 .UNSPECIFIED.);
#150=B_SPLINE_SURFACE_WITH_KNOTS('',3,1,((#11568,#11569),(#11570,#11571),
(#11572,#11573),(#11574,#11575),(#11576,#11577)),.UNSPECIFIED.,.F.,.F.,
 .F.,(4,1,4),(2,2),(0.,0.0267422611525148,0.0571479870296694),(0.,0.05),
 .UNSPECIFIED.);
#151=B_SPLINE_SURFACE_WITH_KNOTS('',3,1,((#11585,#11586),(#11587,#11588),
(#11589,#11590),(#11591,#11592),(#11593,#11594)),.UNSPECIFIED.,.F.,.F.,
 .F.,(4,1,4),(2,2),(0.,0.0235049014363576,0.0479099312669681),(0.,0.05),
 .UNSPECIFIED.);
#152=B_SPLINE_SURFACE_WITH_KNOTS('',3,1,((#11602,#11603),(#11604,#11605),
(#11606,#11607),(#11608,#11609),(#11610,#11611)),.UNSPECIFIED.,.F.,.F.,
 .F.,(4,1,4),(2,2),(0.,0.0258481990066015,0.0498706654527647),(0.,0.05),
 .UNSPECIFIED.);
#153=B_SPLINE_SURFACE_WITH_KNOTS('',3,1,((#11619,#11620),(#11621,#11622),
(#11623,#11624),(#11625,#11626),(#11627,#11628)),.UNSPECIFIED.,.F.,.F.,
 .F.,(4,1,4),(2,2),(0.,0.0240158091000178,0.0496934530475572),(0.,0.05),
 .UNSPECIFIED.);
#154=B_SPLINE_SURFACE_WITH_KNOTS('',3,1,((#11636,#11637),(#11638,#11639),
(#11640,#11641),(#11642,#11643),(#11644,#11645)),.UNSPECIFIED.,.F.,.F.,
 .F.,(4,1,4),(2,2),(0.,0.024479366169469,0.048020721737629),(0.,0.05),
 .UNSPECIFIED.);
#155=B_SPLINE_SURFACE_WITH_KNOTS('',3,1,((#11653,#11654),(#11655,#11656),
(#11657,#11658),(#11659,#11660),(#11661,#11662)),.UNSPECIFIED.,.F.,.F.,
 .F.,(4,1,4),(2,2),(0.,0.0304391319652667,0.0572766633216922),(0.,0.05),
 .UNSPECIFIED.);
#156=B_SPLINE_SURFACE_WITH_KNOTS('',3,1,((#11670,#11671),(#11672,#11673),
(#11674,#11675),(#11676,#11677),(#11678,#11679)),.UNSPECIFIED.,.F.,.F.,
 .F.,(4,1,4),(2,2),(0.,0.0272189727990773,0.0577917324313051),(0.,0.05),
 .UNSPECIFIED.);
#157=B_SPLINE_SURFACE_WITH_KNOTS('',3,1,((#11687,#11688),(#11689,#11690),
(#11691,#11692),(#11693,#11694),(#11695,#11696)),.UNSPECIFIED.,.F.,.F.,
 .F.,(4,1,4),(2,2),(0.,0.023880272206638,0.0488045451535988),(0.,0.05),
 .UNSPECIFIED.);
#158=B_SPLINE_SURFACE_WITH_KNOTS('',3,1,((#11704,#11705),(#11706,#11707),
(#11708,#11709),(#11710,#11711),(#11712,#11713)),.UNSPECIFIED.,.F.,.F.,
 .F.,(4,1,4),(2,2),(0.,0.0256936021524853,0.04986253861257),(0.,0.05),
 .UNSPECIFIED.);
#159=B_SPLINE_SURFACE_WITH_KNOTS('',3,1,((#11721,#11722),(#11723,#11724),
(#11725,#11726),(#11727,#11728),(#11729,#11730)),.UNSPECIFIED.,.F.,.F.,
 .F.,(4,1,4),(2,2),(0.,0.0241380026260999,0.0499981575916134),(0.,0.05),
 .UNSPECIFIED.);
#160=B_SPLINE_SURFACE_WITH_KNOTS('',3,1,((#11776,#11777),(#11778,#11779),
(#11780,#11781),(#11782,#11783),(#11784,#11785)),.UNSPECIFIED.,.F.,.F.,
 .F.,(4,1,4),(2,2),(0.,0.0161099298054231,0.0325910830663899),(0.,0.05),
 .UNSPECIFIED.);
#161=B_SPLINE_SURFACE_WITH_KNOTS('',3,1,((#11793,#11794),(#11795,#11796),
(#11797,#11798),(#11799,#11800),(#11801,#11802)),.UNSPECIFIED.,.F.,.F.,
 .F.,(4,1,4),(2,2),(0.,0.0169213065018489,0.0331770835964782),(0.,0.05),
 .UNSPECIFIED.);
#162=B_SPLINE_SURFACE_WITH_KNOTS('',3,1,((#11814,#11815),(#11816,#11817),
(#11818,#11819),(#11820,#11821),(#11822,#11823)),.UNSPECIFIED.,.F.,.F.,
 .F.,(4,1,4),(2,2),(0.,0.0162408105313473,0.0331125322804532),(0.,0.05),
 .UNSPECIFIED.);
#163=B_SPLINE_SURFACE_WITH_KNOTS('',3,1,((#11831,#11832),(#11833,#11834),
(#11835,#11836),(#11837,#11838),(#11839,#11840)),.UNSPECIFIED.,.F.,.F.,
 .F.,(4,1,4),(2,2),(0.,0.0165319095013775,0.0326569273485245),(0.,0.05),
 .UNSPECIFIED.);
#164=TOROIDAL_SURFACE('',#6347,5.99999999999998,1.75);
#165=TOROIDAL_SURFACE('',#6354,5.99999999999998,1.75);
#166=B_SPLINE_CURVE_WITH_KNOTS('',3,(#7714,#7715,#7716,#7717,#7718,#7719,
#7720,#7721,#7722,#7723,#7724,#7725,#7726,#7727),.UNSPECIFIED.,.F.,.F.,
(4,2,2,2,2,2,4),(0.571001495184575,0.608621123165743,0.646240751146912,
0.72148000710925,0.797654482142925,0.8738289571766,0.923451321753209),
 .UNSPECIFIED.);
#167=B_SPLINE_CURVE_WITH_KNOTS('',3,(#7729,#7730,#7731,#7732,#7733,#7734,
#7735,#7736,#7737,#7738,#7739,#7740,#7741,#7742),.UNSPECIFIED.,.F.,.F.,
(4,2,2,2,2,2,4),(0.21855166861594,0.268174033192549,0.344348508226224,0.420522983259899,
0.495762239222237,0.533381867203406,0.571001495184575),.UNSPECIFIED.);
#168=B_SPLINE_CURVE_WITH_KNOTS('',3,(#7767,#7768,#7769,#7770,#7771,#7772,
#7773,#7774,#7775,#7776,#7777,#7778,#7779,#7780),.UNSPECIFIED.,.F.,.F.,
(4,2,2,2,2,2,4),(0.218551668615939,0.26817403319255,0.344348508226224,0.420522983259899,
0.495762239222237,0.533381867203406,0.571001495184575),.UNSPECIFIED.);
#169=B_SPLINE_CURVE_WITH_KNOTS('',3,(#7788,#7789,#7790,#7791,#7792,#7793,
#7794,#7795,#7796,#7797,#7798,#7799,#7800,#7801),.UNSPECIFIED.,.F.,.F.,
(4,2,2,2,2,2,4),(0.571001495184575,0.608621123165744,0.646240751146913,
0.721480007109251,0.797654482142926,0.8738289571766,0.92345132175321),
 .UNSPECIFIED.);
#170=B_SPLINE_CURVE_WITH_KNOTS('',3,(#8067,#8068,#8069,#8070,#8071),
 .UNSPECIFIED.,.F.,.F.,(4,1,4),(0.,0.0145543715815812,0.028658935460478),
 .UNSPECIFIED.);
#171=B_SPLINE_CURVE_WITH_KNOTS('',3,(#8073,#8074,#8075,#8076,#8077),
 .UNSPECIFIED.,.F.,.F.,(4,1,4),(0.,0.0135292848697431,0.0260196037603582),
 .UNSPECIFIED.);
#172=B_SPLINE_CURVE_WITH_KNOTS('',3,(#8079,#8080,#8081,#8082,#8083),
 .UNSPECIFIED.,.F.,.F.,(4,1,4),(0.,0.0205413408524334,0.0401458078593783),
 .UNSPECIFIED.);
#173=B_SPLINE_CURVE_WITH_KNOTS('',3,(#8085,#8086,#8087,#8088,#8089),
 .UNSPECIFIED.,.F.,.F.,(4,1,4),(0.,0.0193088632005968,0.0391142906547169),
 .UNSPECIFIED.);
#174=B_SPLINE_CURVE_WITH_KNOTS('',3,(#8091,#8092,#8093,#8094,#8095),
 .UNSPECIFIED.,.F.,.F.,(4,1,4),(0.,0.0211894766885199,0.0447471361273712),
 .UNSPECIFIED.);
#175=B_SPLINE_CURVE_WITH_KNOTS('',3,(#8097,#8098,#8099,#8100,#8101),
 .UNSPECIFIED.,.F.,.F.,(4,1,4),(0.,0.0235545201202112,0.0449514429747445),
 .UNSPECIFIED.);
#176=B_SPLINE_CURVE_WITH_KNOTS('',3,(#8103,#8104,#8105,#8106,#8107),
 .UNSPECIFIED.,.F.,.F.,(4,1,4),(0.,0.0204090769649101,0.0406479620032732),
 .UNSPECIFIED.);
#177=B_SPLINE_CURVE_WITH_KNOTS('',3,(#8109,#8110,#8111,#8112,#8113),
 .UNSPECIFIED.,.F.,.F.,(4,1,4),(0.,0.0203879449410194,0.0410292522637163),
 .UNSPECIFIED.);
#178=B_SPLINE_CURVE_WITH_KNOTS('',3,(#8115,#8116,#8117,#8118,#8119),
 .UNSPECIFIED.,.F.,.F.,(4,1,4),(0.,0.0132677960937431,0.0254735763778117),
 .UNSPECIFIED.);
#179=B_SPLINE_CURVE_WITH_KNOTS('',3,(#8121,#8122,#8123,#8124,#8125),
 .UNSPECIFIED.,.F.,.F.,(4,1,4),(0.,0.0116305491917456,0.0230338673595644),
 .UNSPECIFIED.);
#180=B_SPLINE_CURVE_WITH_KNOTS('',3,(#8129,#8130,#8131,#8132,#8133),
 .UNSPECIFIED.,.F.,.F.,(4,1,4),(0.,0.00621494517534235,0.0116180392043434),
 .UNSPECIFIED.);
#181=B_SPLINE_CURVE_WITH_KNOTS('',3,(#8135,#8136,#8137,#8138,#8139),
 .UNSPECIFIED.,.F.,.F.,(4,1,4),(0.,0.00493698173541581,0.00975857530597335),
 .UNSPECIFIED.);
#182=B_SPLINE_CURVE_WITH_KNOTS('',3,(#8141,#8142,#8143,#8144,#8145),
 .UNSPECIFIED.,.F.,.F.,(4,1,4),(0.,0.00988127276496232,0.0191627162779196),
 .UNSPECIFIED.);
#183=B_SPLINE_CURVE_WITH_KNOTS('',3,(#8147,#8148,#8149,#8150,#8151),
 .UNSPECIFIED.,.F.,.F.,(4,1,4),(0.,0.00922139782947728,0.0188789615957369),
 .UNSPECIFIED.);
#184=B_SPLINE_CURVE_WITH_KNOTS('',3,(#8153,#8154,#8155,#8156,#8157),
 .UNSPECIFIED.,.F.,.F.,(4,1,4),(0.,0.0105718088299472,0.0223961769571915),
 .UNSPECIFIED.);
#185=B_SPLINE_CURVE_WITH_KNOTS('',3,(#8159,#8160,#8161,#8162,#8163),
 .UNSPECIFIED.,.F.,.F.,(4,1,4),(0.,0.0118608017146179,0.0225587071803598),
 .UNSPECIFIED.);
#186=B_SPLINE_CURVE_WITH_KNOTS('',3,(#8165,#8166,#8167,#8168,#8169),
 .UNSPECIFIED.,.F.,.F.,(4,1,4),(0.,0.0097433556267381,0.0187891579564101),
 .UNSPECIFIED.);
#187=B_SPLINE_CURVE_WITH_KNOTS('',3,(#8171,#8172,#8173,#8174,#8175),
 .UNSPECIFIED.,.F.,.F.,(4,1,4),(0.,0.00870448270899244,0.0174888128122621),
 .UNSPECIFIED.);
#188=B_SPLINE_CURVE_WITH_KNOTS('',3,(#8177,#8178,#8179,#8180,#8181),
 .UNSPECIFIED.,.F.,.F.,(4,1,4),(0.,0.00715585787092956,0.0143824885071713),
 .UNSPECIFIED.);
#189=B_SPLINE_CURVE_WITH_KNOTS('',3,(#8183,#8184,#8185,#8186,#8187),
 .UNSPECIFIED.,.F.,.F.,(4,1,4),(0.,0.00737068119528242,0.0147798480738334),
 .UNSPECIFIED.);
#190=B_SPLINE_CURVE_WITH_KNOTS('',3,(#8203,#8204,#8205,#8206,#8207),
 .UNSPECIFIED.,.F.,.F.,(4,1,4),(0.,0.0163104048415212,0.0307496574342338),
 .UNSPECIFIED.);
#191=B_SPLINE_CURVE_WITH_KNOTS('',3,(#8209,#8210,#8211,#8212,#8213),
 .UNSPECIFIED.,.F.,.F.,(4,1,4),(0.,0.0129372403618423,0.0246659505350457),
 .UNSPECIFIED.);
#192=B_SPLINE_CURVE_WITH_KNOTS('',3,(#8215,#8216,#8217,#8218,#8219),
 .UNSPECIFIED.,.F.,.F.,(4,1,4),(0.,0.00627957206430837,0.0111961017083839),
 .UNSPECIFIED.);
#193=B_SPLINE_CURVE_WITH_KNOTS('',3,(#8221,#8222,#8223,#8224,#8225),
 .UNSPECIFIED.,.F.,.F.,(4,1,4),(0.,0.00406169121088523,0.00773429450954806),
 .UNSPECIFIED.);
#194=B_SPLINE_CURVE_WITH_KNOTS('',3,(#8229,#8230,#8231,#8232,#8233),
 .UNSPECIFIED.,.F.,.F.,(4,1,4),(0.,0.0042733440435443,0.008241721909591),
 .UNSPECIFIED.);
#195=B_SPLINE_CURVE_WITH_KNOTS('',3,(#8235,#8236,#8237,#8238,#8239),
 .UNSPECIFIED.,.F.,.F.,(4,1,4),(0.,0.00412477192109062,0.00889287793505495),
 .UNSPECIFIED.);
#196=B_SPLINE_CURVE_WITH_KNOTS('',3,(#8241,#8242,#8243,#8244,#8245),
 .UNSPECIFIED.,.F.,.F.,(4,1,4),(0.,0.00869513661658683,0.018840556848927),
 .UNSPECIFIED.);
#197=B_SPLINE_CURVE_WITH_KNOTS('',3,(#8246,#8247,#8248,#8249,#8250),
 .UNSPECIFIED.,.F.,.F.,(4,1,4),(0.,0.0118879426570974,0.0263729818065078),
 .UNSPECIFIED.);
#198=B_SPLINE_CURVE_WITH_KNOTS('',3,(#8253,#8254,#8255,#8256,#8257),
 .UNSPECIFIED.,.F.,.F.,(4,1,4),(0.,0.0169213227252709,0.0350329929333182),
 .UNSPECIFIED.);
#199=B_SPLINE_CURVE_WITH_KNOTS('',3,(#8259,#8260,#8261,#8262,#8263),
 .UNSPECIFIED.,.F.,.F.,(4,1,4),(0.,0.0199303173530385,0.0424189630780348),
 .UNSPECIFIED.);
#200=B_SPLINE_CURVE_WITH_KNOTS('',3,(#8265,#8266,#8267,#8268,#8269),
 .UNSPECIFIED.,.F.,.F.,(4,1,4),(0.,0.0197143056316887,0.0401486600461927),
 .UNSPECIFIED.);
#201=B_SPLINE_CURVE_WITH_KNOTS('',3,(#8271,#8272,#8273,#8274,#8275),
 .UNSPECIFIED.,.F.,.F.,(4,1,4),(0.,0.0207423146141916,0.0415208611774772),
 .UNSPECIFIED.);
#202=B_SPLINE_CURVE_WITH_KNOTS('',3,(#8279,#8280,#8281,#8282,#8283),
 .UNSPECIFIED.,.F.,.F.,(4,1,4),(0.,0.0138390607597809,0.0278286672990414),
 .UNSPECIFIED.);
#203=B_SPLINE_CURVE_WITH_KNOTS('',3,(#8285,#8286,#8287,#8288,#8289),
 .UNSPECIFIED.,.F.,.F.,(4,1,4),(0.,0.01340255847527,0.0255983200188099),
 .UNSPECIFIED.);
#204=B_SPLINE_CURVE_WITH_KNOTS('',3,(#8291,#8292,#8293,#8294,#8295),
 .UNSPECIFIED.,.F.,.F.,(4,1,4),(0.,0.0117033876967683,0.0205249011470065),
 .UNSPECIFIED.);
#205=B_SPLINE_CURVE_WITH_KNOTS('',3,(#8297,#8298,#8299,#8300,#8301),
 .UNSPECIFIED.,.F.,.F.,(4,1,4),(0.,0.00728316670692298,0.0146683323970118),
 .UNSPECIFIED.);
#206=B_SPLINE_CURVE_WITH_KNOTS('',3,(#8303,#8304,#8305,#8306,#8307),
 .UNSPECIFIED.,.F.,.F.,(4,1,4),(0.,0.00540643545194726,0.0103507258029107),
 .UNSPECIFIED.);
#207=B_SPLINE_CURVE_WITH_KNOTS('',3,(#8309,#8310,#8311,#8312,#8313),
 .UNSPECIFIED.,.F.,.F.,(4,1,4),(0.,0.00543520045803342,0.0118496054544015),
 .UNSPECIFIED.);
#208=B_SPLINE_CURVE_WITH_KNOTS('',3,(#8315,#8316,#8317,#8318,#8319),
 .UNSPECIFIED.,.F.,.F.,(4,1,4),(0.,0.00754020317815613,0.0162340431109719),
 .UNSPECIFIED.);
#209=B_SPLINE_CURVE_WITH_KNOTS('',3,(#8323,#8324,#8325,#8326,#8327),
 .UNSPECIFIED.,.F.,.F.,(4,1,4),(0.,0.0113454992095903,0.0229146882028292),
 .UNSPECIFIED.);
#210=B_SPLINE_CURVE_WITH_KNOTS('',3,(#8329,#8330,#8331,#8332,#8333),
 .UNSPECIFIED.,.F.,.F.,(4,1,4),(0.,0.011675914203593,0.0235704538147146),
 .UNSPECIFIED.);
#211=B_SPLINE_CURVE_WITH_KNOTS('',3,(#8335,#8336,#8337,#8338,#8339),
 .UNSPECIFIED.,.F.,.F.,(4,1,4),(0.,0.0124543710512437,0.0260879939376548),
 .UNSPECIFIED.);
#212=B_SPLINE_CURVE_WITH_KNOTS('',3,(#8341,#8342,#8343,#8344,#8345),
 .UNSPECIFIED.,.F.,.F.,(4,1,4),(0.,0.0162729465555089,0.0323479090838362),
 .UNSPECIFIED.);
#213=B_SPLINE_CURVE_WITH_KNOTS('',3,(#8347,#8348,#8349,#8350,#8351),
 .UNSPECIFIED.,.F.,.F.,(4,1,4),(0.,0.0165145639913299,0.0339109090634305),
 .UNSPECIFIED.);
#214=B_SPLINE_CURVE_WITH_KNOTS('',3,(#8353,#8354,#8355,#8356,#8357),
 .UNSPECIFIED.,.F.,.F.,(4,1,4),(0.,0.0185924341153629,0.038693565715546),
 .UNSPECIFIED.);
#215=B_SPLINE_CURVE_WITH_KNOTS('',3,(#8359,#8360,#8361,#8362,#8363),
 .UNSPECIFIED.,.F.,.F.,(4,1,4),(0.,0.0174601005851895,0.0353999523990409),
 .UNSPECIFIED.);
#216=B_SPLINE_CURVE_WITH_KNOTS('',3,(#8365,#8366,#8367,#8368,#8369),
 .UNSPECIFIED.,.F.,.F.,(4,1,4),(0.,0.0181441150868431,0.036392918909713),
 .UNSPECIFIED.);
#217=B_SPLINE_CURVE_WITH_KNOTS('',3,(#8373,#8374,#8375,#8376,#8377),
 .UNSPECIFIED.,.F.,.F.,(4,1,4),(0.,0.011875818708833,0.0227261592722276),
 .UNSPECIFIED.);
#218=B_SPLINE_CURVE_WITH_KNOTS('',3,(#8379,#8380,#8381,#8382,#8383),
 .UNSPECIFIED.,.F.,.F.,(4,1,4),(0.,0.0106108635596185,0.021927955018238),
 .UNSPECIFIED.);
#219=B_SPLINE_CURVE_WITH_KNOTS('',3,(#8385,#8386,#8387,#8388,#8389),
 .UNSPECIFIED.,.F.,.F.,(4,1,4),(0.,0.00989066822662106,0.01803786936712),
 .UNSPECIFIED.);
#220=B_SPLINE_CURVE_WITH_KNOTS('',3,(#8391,#8392,#8393,#8394,#8395),
 .UNSPECIFIED.,.F.,.F.,(4,1,4),(0.,0.0070066796746863,0.0140970606908511),
 .UNSPECIFIED.);
#221=B_SPLINE_CURVE_WITH_KNOTS('',3,(#8397,#8398,#8399,#8400,#8401),
 .UNSPECIFIED.,.F.,.F.,(4,1,4),(0.,0.00525861428087022,0.0103967745385603),
 .UNSPECIFIED.);
#222=B_SPLINE_CURVE_WITH_KNOTS('',3,(#8403,#8404,#8405,#8406,#8407),
 .UNSPECIFIED.,.F.,.F.,(4,1,4),(0.,0.0058127246185197,0.0125973167061699),
 .UNSPECIFIED.);
#223=B_SPLINE_CURVE_WITH_KNOTS('',3,(#8409,#8410,#8411,#8412,#8413),
 .UNSPECIFIED.,.F.,.F.,(4,1,4),(0.,0.00787837073705168,0.0168516348920771),
 .UNSPECIFIED.);
#224=B_SPLINE_CURVE_WITH_KNOTS('',3,(#8417,#8418,#8419,#8420,#8421),
 .UNSPECIFIED.,.F.,.F.,(4,1,4),(0.,0.0127278251249368,0.0246259449821738),
 .UNSPECIFIED.);
#225=B_SPLINE_CURVE_WITH_KNOTS('',3,(#8423,#8424,#8425,#8426,#8427),
 .UNSPECIFIED.,.F.,.F.,(4,1,4),(0.,0.0113458158342054,0.0225565847269024),
 .UNSPECIFIED.);
#226=B_SPLINE_CURVE_WITH_KNOTS('',3,(#8429,#8430,#8431,#8432,#8433),
 .UNSPECIFIED.,.F.,.F.,(4,1,4),(0.,0.0118448732700624,0.025151832002636),
 .UNSPECIFIED.);
#227=B_SPLINE_CURVE_WITH_KNOTS('',3,(#8434,#8435,#8436,#8437,#8438),
 .UNSPECIFIED.,.F.,.F.,(4,1,4),(0.,0.0161970649988816,0.0324908723503871),
 .UNSPECIFIED.);
#228=B_SPLINE_CURVE_WITH_KNOTS('',3,(#8441,#8442,#8443,#8444,#8445),
 .UNSPECIFIED.,.F.,.F.,(4,1,4),(0.,0.0200283903531338,0.0393640328842752),
 .UNSPECIFIED.);
#229=B_SPLINE_CURVE_WITH_KNOTS('',3,(#8447,#8448,#8449,#8450,#8451),
 .UNSPECIFIED.,.F.,.F.,(4,1,4),(0.,0.0190122124845843,0.0379213294927586),
 .UNSPECIFIED.);
#230=B_SPLINE_CURVE_WITH_KNOTS('',3,(#8453,#8454,#8455,#8456,#8457),
 .UNSPECIFIED.,.F.,.F.,(4,1,4),(0.,0.0189423483197753,0.03804788515542),
 .UNSPECIFIED.);
#231=B_SPLINE_CURVE_WITH_KNOTS('',3,(#8459,#8460,#8461,#8462,#8463),
 .UNSPECIFIED.,.F.,.F.,(4,1,4),(0.,0.0194161545991567,0.0394649919469722),
 .UNSPECIFIED.);
#232=B_SPLINE_CURVE_WITH_KNOTS('',3,(#8465,#8466,#8467,#8468,#8469),
 .UNSPECIFIED.,.F.,.F.,(4,1,4),(0.,0.0213362830243428,0.0449086605009221),
 .UNSPECIFIED.);
#233=B_SPLINE_CURVE_WITH_KNOTS('',3,(#8471,#8472,#8473,#8474,#8475),
 .UNSPECIFIED.,.F.,.F.,(4,1,4),(0.,0.0235390184417865,0.0447819451688129),
 .UNSPECIFIED.);
#234=B_SPLINE_CURVE_WITH_KNOTS('',3,(#8477,#8478,#8479,#8480,#8481),
 .UNSPECIFIED.,.F.,.F.,(4,1,4),(0.,0.0199692307767136,0.0393652788290448),
 .UNSPECIFIED.);
#235=B_SPLINE_CURVE_WITH_KNOTS('',3,(#8483,#8484,#8485,#8486,#8487),
 .UNSPECIFIED.,.F.,.F.,(4,1,4),(0.,0.0191055312609003,0.0380478795806756),
 .UNSPECIFIED.);
#236=B_SPLINE_CURVE_WITH_KNOTS('',3,(#8489,#8490,#8491,#8492,#8493),
 .UNSPECIFIED.,.F.,.F.,(4,1,4),(0.,0.0142913401641264,0.0285625469999983),
 .UNSPECIFIED.);
#237=B_SPLINE_CURVE_WITH_KNOTS('',3,(#8495,#8496,#8497,#8498,#8499),
 .UNSPECIFIED.,.F.,.F.,(4,1,4),(0.,0.0143038698792209,0.0287371751201609),
 .UNSPECIFIED.);
#238=B_SPLINE_CURVE_WITH_KNOTS('',3,(#8501,#8502,#8503,#8504,#8505),
 .UNSPECIFIED.,.F.,.F.,(4,1,4),(0.,0.0148062974995096,0.0302682147055972),
 .UNSPECIFIED.);
#239=B_SPLINE_CURVE_WITH_KNOTS('',3,(#8507,#8508,#8509,#8510,#8511),
 .UNSPECIFIED.,.F.,.F.,(4,1,4),(0.,0.0165020238455683,0.0345547220969161),
 .UNSPECIFIED.);
#240=B_SPLINE_CURVE_WITH_KNOTS('',3,(#8512,#8513,#8514,#8515,#8516),
 .UNSPECIFIED.,.F.,.F.,(4,1,4),(0.,0.0235723774765793,0.0449086605009221),
 .UNSPECIFIED.);
#241=B_SPLINE_CURVE_WITH_KNOTS('',3,(#8519,#8520,#8521,#8522,#8523),
 .UNSPECIFIED.,.F.,.F.,(4,1,4),(0.,0.0252453510930565,0.052859378865684),
 .UNSPECIFIED.);
#242=B_SPLINE_CURVE_WITH_KNOTS('',3,(#8531,#8532,#8533,#8534,#8535),
 .UNSPECIFIED.,.F.,.F.,(4,1,4),(0.,0.0287406824165838,0.0545945248359535),
 .UNSPECIFIED.);
#243=B_SPLINE_CURVE_WITH_KNOTS('',3,(#8537,#8538,#8539,#8540,#8541),
 .UNSPECIFIED.,.F.,.F.,(4,1,4),(0.,0.0240969370395633,0.0483038032097335),
 .UNSPECIFIED.);
#244=B_SPLINE_CURVE_WITH_KNOTS('',3,(#8543,#8544,#8545,#8546,#8547),
 .UNSPECIFIED.,.F.,.F.,(4,1,4),(0.,0.0267624836988572,0.0585302375654344),
 .UNSPECIFIED.);
#245=B_SPLINE_CURVE_WITH_KNOTS('',3,(#8549,#8550,#8551,#8552,#8553),
 .UNSPECIFIED.,.F.,.F.,(4,1,4),(0.,0.0317310354618485,0.0588671017323849),
 .UNSPECIFIED.);
#246=B_SPLINE_CURVE_WITH_KNOTS('',3,(#8554,#8555,#8556,#8557,#8558),
 .UNSPECIFIED.,.F.,.F.,(4,1,4),(0.,0.0245378708737042,0.0485350838446187),
 .UNSPECIFIED.);
#247=B_SPLINE_CURVE_WITH_KNOTS('',3,(#8561,#8562,#8563,#8564,#8565),
 .UNSPECIFIED.,.F.,.F.,(4,1,4),(0.,0.0103009106542647,0.0199090883337916),
 .UNSPECIFIED.);
#248=B_SPLINE_CURVE_WITH_KNOTS('',3,(#8567,#8568,#8569,#8570,#8571),
 .UNSPECIFIED.,.F.,.F.,(4,1,4),(0.,0.00986994557045649,0.0207053376041369),
 .UNSPECIFIED.);
#249=B_SPLINE_CURVE_WITH_KNOTS('',3,(#8573,#8574,#8575,#8576,#8577),
 .UNSPECIFIED.,.F.,.F.,(4,1,4),(0.,0.0110011859518916,0.0208422809627514),
 .UNSPECIFIED.);
#250=B_SPLINE_CURVE_WITH_KNOTS('',3,(#8579,#8580,#8581,#8582,#8583),
 .UNSPECIFIED.,.F.,.F.,(4,1,4),(0.,0.00955050030603818,0.0198454513693603),
 .UNSPECIFIED.);
#251=B_SPLINE_CURVE_WITH_KNOTS('',3,(#8585,#8586,#8587,#8588,#8589),
 .UNSPECIFIED.,.F.,.F.,(4,1,4),(0.,0.0100968269400477,0.0195922350313184),
 .UNSPECIFIED.);
#252=B_SPLINE_CURVE_WITH_KNOTS('',3,(#8591,#8592,#8593,#8594,#8595),
 .UNSPECIFIED.,.F.,.F.,(4,1,4),(0.,0.00984109120000536,0.0208422760155674),
 .UNSPECIFIED.);
#253=B_SPLINE_CURVE_WITH_KNOTS('',3,(#8597,#8598,#8599,#8600,#8601),
 .UNSPECIFIED.,.F.,.F.,(4,1,4),(0.,0.0108353920336804,0.0207053300047111),
 .UNSPECIFIED.);
#254=B_SPLINE_CURVE_WITH_KNOTS('',3,(#8602,#8603,#8604,#8605,#8606),
 .UNSPECIFIED.,.F.,.F.,(4,1,4),(0.,0.00955340080907414,0.0196563096563869),
 .UNSPECIFIED.);
#255=B_SPLINE_CURVE_WITH_KNOTS('',3,(#8621,#8622,#8623,#8624,#8625),
 .UNSPECIFIED.,.F.,.F.,(4,1,4),(0.,0.0130924702541997,0.0259070804107931),
 .UNSPECIFIED.);
#256=B_SPLINE_CURVE_WITH_KNOTS('',3,(#8627,#8628,#8629,#8630,#8631),
 .UNSPECIFIED.,.F.,.F.,(4,1,4),(0.,0.0130028703184142,0.0274668989789898),
 .UNSPECIFIED.);
#257=B_SPLINE_CURVE_WITH_KNOTS('',3,(#8633,#8634,#8635,#8636,#8637),
 .UNSPECIFIED.,.F.,.F.,(4,1,4),(0.,0.0144857984288362,0.0269690689276115),
 .UNSPECIFIED.);
#258=B_SPLINE_CURVE_WITH_KNOTS('',3,(#8639,#8640,#8641,#8642,#8643),
 .UNSPECIFIED.,.F.,.F.,(4,1,4),(0.,0.0120084124893996,0.02491043703182),
 .UNSPECIFIED.);
#259=B_SPLINE_CURVE_WITH_KNOTS('',3,(#8645,#8646,#8647,#8648,#8649),
 .UNSPECIFIED.,.F.,.F.,(4,1,4),(0.,0.0140095107931882,0.0276739477659384),
 .UNSPECIFIED.);
#260=B_SPLINE_CURVE_WITH_KNOTS('',3,(#8651,#8652,#8653,#8654,#8655),
 .UNSPECIFIED.,.F.,.F.,(4,1,4),(0.,0.0135139538337362,0.0279322484511703),
 .UNSPECIFIED.);
#261=B_SPLINE_CURVE_WITH_KNOTS('',3,(#8657,#8658,#8659,#8660,#8661),
 .UNSPECIFIED.,.F.,.F.,(4,1,4),(0.,0.0219747403938068,0.0413352845429942),
 .UNSPECIFIED.);
#262=B_SPLINE_CURVE_WITH_KNOTS('',3,(#8663,#8664,#8665,#8666,#8667),
 .UNSPECIFIED.,.F.,.F.,(4,1,4),(0.,0.0214455868413027,0.0473080565511202),
 .UNSPECIFIED.);
#263=B_SPLINE_CURVE_WITH_KNOTS('',3,(#8675,#8676,#8677,#8678,#8679),
 .UNSPECIFIED.,.F.,.F.,(4,1,4),(0.,0.0133292436196583,0.0220917375173449),
 .UNSPECIFIED.);
#264=B_SPLINE_CURVE_WITH_KNOTS('',3,(#8681,#8682,#8683,#8684,#8685),
 .UNSPECIFIED.,.F.,.F.,(4,1,4),(0.,0.00686050901029344,0.0148713976396858),
 .UNSPECIFIED.);
#265=B_SPLINE_CURVE_WITH_KNOTS('',3,(#8687,#8688,#8689,#8690,#8691),
 .UNSPECIFIED.,.F.,.F.,(4,1,4),(0.,0.00543427411188169,0.0118542068034183),
 .UNSPECIFIED.);
#266=B_SPLINE_CURVE_WITH_KNOTS('',3,(#8693,#8694,#8695,#8696,#8697),
 .UNSPECIFIED.,.F.,.F.,(4,1,4),(0.,0.00766903306451105,0.0167706403851672),
 .UNSPECIFIED.);
#267=B_SPLINE_CURVE_WITH_KNOTS('',3,(#8705,#8706,#8707,#8708,#8709),
 .UNSPECIFIED.,.F.,.F.,(4,1,4),(0.,0.0133319033815885,0.0221307656988541),
 .UNSPECIFIED.);
#268=B_SPLINE_CURVE_WITH_KNOTS('',3,(#8711,#8712,#8713,#8714,#8715),
 .UNSPECIFIED.,.F.,.F.,(4,1,4),(0.,0.00694006624455091,0.0149839616779041),
 .UNSPECIFIED.);
#269=B_SPLINE_CURVE_WITH_KNOTS('',3,(#8717,#8718,#8719,#8720,#8721),
 .UNSPECIFIED.,.F.,.F.,(4,1,4),(0.,0.00543427411188169,0.0118542068034183),
 .UNSPECIFIED.);
#270=B_SPLINE_CURVE_WITH_KNOTS('',3,(#8722,#8723,#8724,#8725,#8726),
 .UNSPECIFIED.,.F.,.F.,(4,1,4),(0.,0.00761332676745986,0.0165660001555544),
 .UNSPECIFIED.);
#271=B_SPLINE_CURVE_WITH_KNOTS('',3,(#8761,#8762,#8763,#8764,#8765),
 .UNSPECIFIED.,.F.,.F.,(4,1,4),(0.,0.0165319095013775,0.0326569273485245),
 .UNSPECIFIED.);
#272=B_SPLINE_CURVE_WITH_KNOTS('',3,(#8767,#8768,#8769,#8770,#8771),
 .UNSPECIFIED.,.F.,.F.,(4,1,4),(0.,0.0162408105313473,0.0331125322804532),
 .UNSPECIFIED.);
#273=B_SPLINE_CURVE_WITH_KNOTS('',3,(#8775,#8776,#8777,#8778,#8779),
 .UNSPECIFIED.,.F.,.F.,(4,1,4),(0.,0.0169213065018489,0.0331770835964782),
 .UNSPECIFIED.);
#274=B_SPLINE_CURVE_WITH_KNOTS('',3,(#8781,#8782,#8783,#8784,#8785),
 .UNSPECIFIED.,.F.,.F.,(4,1,4),(0.,0.0161099298054231,0.0325910830663899),
 .UNSPECIFIED.);
#275=B_SPLINE_CURVE_WITH_KNOTS('',3,(#8803,#8804,#8805,#8806,#8807),
 .UNSPECIFIED.,.F.,.F.,(4,1,4),(0.,0.0249056990997654,0.0487085151592418),
 .UNSPECIFIED.);
#276=B_SPLINE_CURVE_WITH_KNOTS('',3,(#8809,#8810,#8811,#8812,#8813),
 .UNSPECIFIED.,.F.,.F.,(4,1,4),(0.,0.0241380026260999,0.0499981575916134),
 .UNSPECIFIED.);
#277=B_SPLINE_CURVE_WITH_KNOTS('',3,(#8815,#8816,#8817,#8818,#8819),
 .UNSPECIFIED.,.F.,.F.,(4,1,4),(0.,0.0256936021524853,0.04986253861257),
 .UNSPECIFIED.);
#278=B_SPLINE_CURVE_WITH_KNOTS('',3,(#8821,#8822,#8823,#8824,#8825),
 .UNSPECIFIED.,.F.,.F.,(4,1,4),(0.,0.023880272206638,0.0488045451535988),
 .UNSPECIFIED.);
#279=B_SPLINE_CURVE_WITH_KNOTS('',3,(#8827,#8828,#8829,#8830,#8831),
 .UNSPECIFIED.,.F.,.F.,(4,1,4),(0.,0.0272189727990773,0.0577917324313051),
 .UNSPECIFIED.);
#280=B_SPLINE_CURVE_WITH_KNOTS('',3,(#8833,#8834,#8835,#8836,#8837),
 .UNSPECIFIED.,.F.,.F.,(4,1,4),(0.,0.0304391319652667,0.0572766633216922),
 .UNSPECIFIED.);
#281=B_SPLINE_CURVE_WITH_KNOTS('',3,(#8839,#8840,#8841,#8842,#8843),
 .UNSPECIFIED.,.F.,.F.,(4,1,4),(0.,0.024479366169469,0.048020721737629),
 .UNSPECIFIED.);
#282=B_SPLINE_CURVE_WITH_KNOTS('',3,(#8845,#8846,#8847,#8848,#8849),
 .UNSPECIFIED.,.F.,.F.,(4,1,4),(0.,0.0240158091000178,0.0496934530475572),
 .UNSPECIFIED.);
#283=B_SPLINE_CURVE_WITH_KNOTS('',3,(#8851,#8852,#8853,#8854,#8855),
 .UNSPECIFIED.,.F.,.F.,(4,1,4),(0.,0.0258481990066015,0.0498706654527647),
 .UNSPECIFIED.);
#284=B_SPLINE_CURVE_WITH_KNOTS('',3,(#8857,#8858,#8859,#8860,#8861),
 .UNSPECIFIED.,.F.,.F.,(4,1,4),(0.,0.0235049014363576,0.0479099312669681),
 .UNSPECIFIED.);
#285=B_SPLINE_CURVE_WITH_KNOTS('',3,(#8863,#8864,#8865,#8866,#8867),
 .UNSPECIFIED.,.F.,.F.,(4,1,4),(0.,0.0267422611525148,0.0571479870296694),
 .UNSPECIFIED.);
#286=B_SPLINE_CURVE_WITH_KNOTS('',3,(#8868,#8869,#8870,#8871,#8872),
 .UNSPECIFIED.,.F.,.F.,(4,1,4),(0.,0.0305727596322279,0.0577917324313051),
 .UNSPECIFIED.);
#287=B_SPLINE_CURVE_WITH_KNOTS('',3,(#8999,#9000,#9001,#9002,#9003),
 .UNSPECIFIED.,.F.,.F.,(4,1,4),(0.,0.0145543715815812,0.028658935460478),
 .UNSPECIFIED.);
#288=B_SPLINE_CURVE_WITH_KNOTS('',3,(#9021,#9022,#9023,#9024,#9025),
 .UNSPECIFIED.,.F.,.F.,(4,1,4),(0.,0.00737068119528242,0.0147798480738334),
 .UNSPECIFIED.);
#289=B_SPLINE_CURVE_WITH_KNOTS('',3,(#9038,#9039,#9040,#9041,#9042),
 .UNSPECIFIED.,.F.,.F.,(4,1,4),(0.,0.00715585787092956,0.0143824885071713),
 .UNSPECIFIED.);
#290=B_SPLINE_CURVE_WITH_KNOTS('',3,(#9055,#9056,#9057,#9058,#9059),
 .UNSPECIFIED.,.F.,.F.,(4,1,4),(0.,0.00870448270899244,0.0174888128122621),
 .UNSPECIFIED.);
#291=B_SPLINE_CURVE_WITH_KNOTS('',3,(#9072,#9073,#9074,#9075,#9076),
 .UNSPECIFIED.,.F.,.F.,(4,1,4),(0.,0.0097433556267381,0.0187891579564101),
 .UNSPECIFIED.);
#292=B_SPLINE_CURVE_WITH_KNOTS('',3,(#9089,#9090,#9091,#9092,#9093),
 .UNSPECIFIED.,.F.,.F.,(4,1,4),(0.,0.0118608017146179,0.0225587071803598),
 .UNSPECIFIED.);
#293=B_SPLINE_CURVE_WITH_KNOTS('',3,(#9106,#9107,#9108,#9109,#9110),
 .UNSPECIFIED.,.F.,.F.,(4,1,4),(0.,0.0105718088299472,0.0223961769571915),
 .UNSPECIFIED.);
#294=B_SPLINE_CURVE_WITH_KNOTS('',3,(#9123,#9124,#9125,#9126,#9127),
 .UNSPECIFIED.,.F.,.F.,(4,1,4),(0.,0.00922139782947728,0.0188789615957369),
 .UNSPECIFIED.);
#295=B_SPLINE_CURVE_WITH_KNOTS('',3,(#9140,#9141,#9142,#9143,#9144),
 .UNSPECIFIED.,.F.,.F.,(4,1,4),(0.,0.00988127276496232,0.0191627162779196),
 .UNSPECIFIED.);
#296=B_SPLINE_CURVE_WITH_KNOTS('',3,(#9157,#9158,#9159,#9160,#9161),
 .UNSPECIFIED.,.F.,.F.,(4,1,4),(0.,0.00493698173541581,0.00975857530597335),
 .UNSPECIFIED.);
#297=B_SPLINE_CURVE_WITH_KNOTS('',3,(#9174,#9175,#9176,#9177,#9178),
 .UNSPECIFIED.,.F.,.F.,(4,1,4),(0.,0.00621494517534235,0.0116180392043434),
 .UNSPECIFIED.);
#298=B_SPLINE_CURVE_WITH_KNOTS('',3,(#9195,#9196,#9197,#9198,#9199),
 .UNSPECIFIED.,.F.,.F.,(4,1,4),(0.,0.0116305491917456,0.0230338673595644),
 .UNSPECIFIED.);
#299=B_SPLINE_CURVE_WITH_KNOTS('',3,(#9212,#9213,#9214,#9215,#9216),
 .UNSPECIFIED.,.F.,.F.,(4,1,4),(0.,0.0132677960937431,0.0254735763778117),
 .UNSPECIFIED.);
#300=B_SPLINE_CURVE_WITH_KNOTS('',3,(#9229,#9230,#9231,#9232,#9233),
 .UNSPECIFIED.,.F.,.F.,(4,1,4),(0.,0.0203879449410194,0.0410292522637163),
 .UNSPECIFIED.);
#301=B_SPLINE_CURVE_WITH_KNOTS('',3,(#9246,#9247,#9248,#9249,#9250),
 .UNSPECIFIED.,.F.,.F.,(4,1,4),(0.,0.0204090769649101,0.0406479620032732),
 .UNSPECIFIED.);
#302=B_SPLINE_CURVE_WITH_KNOTS('',3,(#9263,#9264,#9265,#9266,#9267),
 .UNSPECIFIED.,.F.,.F.,(4,1,4),(0.,0.0235545201202112,0.0449514429747445),
 .UNSPECIFIED.);
#303=B_SPLINE_CURVE_WITH_KNOTS('',3,(#9280,#9281,#9282,#9283,#9284),
 .UNSPECIFIED.,.F.,.F.,(4,1,4),(0.,0.0211894766885199,0.0447471361273712),
 .UNSPECIFIED.);
#304=B_SPLINE_CURVE_WITH_KNOTS('',3,(#9297,#9298,#9299,#9300,#9301),
 .UNSPECIFIED.,.F.,.F.,(4,1,4),(0.,0.0193088632005968,0.0391142906547169),
 .UNSPECIFIED.);
#305=B_SPLINE_CURVE_WITH_KNOTS('',3,(#9314,#9315,#9316,#9317,#9318),
 .UNSPECIFIED.,.F.,.F.,(4,1,4),(0.,0.0205413408524334,0.0401458078593783),
 .UNSPECIFIED.);
#306=B_SPLINE_CURVE_WITH_KNOTS('',3,(#9329,#9330,#9331,#9332,#9333),
 .UNSPECIFIED.,.F.,.F.,(4,1,4),(0.,0.0135292848697431,0.0260196037603582),
 .UNSPECIFIED.);
#307=B_SPLINE_CURVE_WITH_KNOTS('',3,(#9353,#9354,#9355,#9356,#9357),
 .UNSPECIFIED.,.F.,.F.,(4,1,4),(0.,0.0118879426570974,0.0263729818065078),
 .UNSPECIFIED.);
#308=B_SPLINE_CURVE_WITH_KNOTS('',3,(#9370,#9371,#9372,#9373,#9374),
 .UNSPECIFIED.,.F.,.F.,(4,1,4),(0.,0.00869513661658683,0.018840556848927),
 .UNSPECIFIED.);
#309=B_SPLINE_CURVE_WITH_KNOTS('',3,(#9387,#9388,#9389,#9390,#9391),
 .UNSPECIFIED.,.F.,.F.,(4,1,4),(0.,0.00412477192109062,0.00889287793505495),
 .UNSPECIFIED.);
#310=B_SPLINE_CURVE_WITH_KNOTS('',3,(#9404,#9405,#9406,#9407,#9408),
 .UNSPECIFIED.,.F.,.F.,(4,1,4),(0.,0.0042733440435443,0.008241721909591),
 .UNSPECIFIED.);
#311=B_SPLINE_CURVE_WITH_KNOTS('',3,(#9425,#9426,#9427,#9428,#9429),
 .UNSPECIFIED.,.F.,.F.,(4,1,4),(0.,0.00406169121088523,0.00773429450954806),
 .UNSPECIFIED.);
#312=B_SPLINE_CURVE_WITH_KNOTS('',3,(#9442,#9443,#9444,#9445,#9446),
 .UNSPECIFIED.,.F.,.F.,(4,1,4),(0.,0.00627957206430837,0.0111961017083839),
 .UNSPECIFIED.);
#313=B_SPLINE_CURVE_WITH_KNOTS('',3,(#9459,#9460,#9461,#9462,#9463),
 .UNSPECIFIED.,.F.,.F.,(4,1,4),(0.,0.0129372403618423,0.0246659505350457),
 .UNSPECIFIED.);
#314=B_SPLINE_CURVE_WITH_KNOTS('',3,(#9476,#9477,#9478,#9479,#9480),
 .UNSPECIFIED.,.F.,.F.,(4,1,4),(0.,0.0163104048415212,0.0307496574342338),
 .UNSPECIFIED.);
#315=B_SPLINE_CURVE_WITH_KNOTS('',3,(#9513,#9514,#9515,#9516,#9517),
 .UNSPECIFIED.,.F.,.F.,(4,1,4),(0.,0.0169213227252709,0.0350329929333182),
 .UNSPECIFIED.);
#316=B_SPLINE_CURVE_WITH_KNOTS('',3,(#9531,#9532,#9533,#9534,#9535),
 .UNSPECIFIED.,.F.,.F.,(4,1,4),(0.,0.0161970649988816,0.0324908723503871),
 .UNSPECIFIED.);
#317=B_SPLINE_CURVE_WITH_KNOTS('',3,(#9548,#9549,#9550,#9551,#9552),
 .UNSPECIFIED.,.F.,.F.,(4,1,4),(0.,0.0118448732700624,0.025151832002636),
 .UNSPECIFIED.);
#318=B_SPLINE_CURVE_WITH_KNOTS('',3,(#9565,#9566,#9567,#9568,#9569),
 .UNSPECIFIED.,.F.,.F.,(4,1,4),(0.,0.0113458158342054,0.0225565847269024),
 .UNSPECIFIED.);
#319=B_SPLINE_CURVE_WITH_KNOTS('',3,(#9582,#9583,#9584,#9585,#9586),
 .UNSPECIFIED.,.F.,.F.,(4,1,4),(0.,0.0127278251249368,0.0246259449821738),
 .UNSPECIFIED.);
#320=B_SPLINE_CURVE_WITH_KNOTS('',3,(#9603,#9604,#9605,#9606,#9607),
 .UNSPECIFIED.,.F.,.F.,(4,1,4),(0.,0.00787837073705168,0.0168516348920771),
 .UNSPECIFIED.);
#321=B_SPLINE_CURVE_WITH_KNOTS('',3,(#9620,#9621,#9622,#9623,#9624),
 .UNSPECIFIED.,.F.,.F.,(4,1,4),(0.,0.0058127246185197,0.0125973167061699),
 .UNSPECIFIED.);
#322=B_SPLINE_CURVE_WITH_KNOTS('',3,(#9637,#9638,#9639,#9640,#9641),
 .UNSPECIFIED.,.F.,.F.,(4,1,4),(0.,0.00525861428087022,0.0103967745385603),
 .UNSPECIFIED.);
#323=B_SPLINE_CURVE_WITH_KNOTS('',3,(#9654,#9655,#9656,#9657,#9658),
 .UNSPECIFIED.,.F.,.F.,(4,1,4),(0.,0.0070066796746863,0.0140970606908511),
 .UNSPECIFIED.);
#324=B_SPLINE_CURVE_WITH_KNOTS('',3,(#9671,#9672,#9673,#9674,#9675),
 .UNSPECIFIED.,.F.,.F.,(4,1,4),(0.,0.00989066822662106,0.01803786936712),
 .UNSPECIFIED.);
#325=B_SPLINE_CURVE_WITH_KNOTS('',3,(#9688,#9689,#9690,#9691,#9692),
 .UNSPECIFIED.,.F.,.F.,(4,1,4),(0.,0.0106108635596185,0.021927955018238),
 .UNSPECIFIED.);
#326=B_SPLINE_CURVE_WITH_KNOTS('',3,(#9705,#9706,#9707,#9708,#9709),
 .UNSPECIFIED.,.F.,.F.,(4,1,4),(0.,0.011875818708833,0.0227261592722276),
 .UNSPECIFIED.);
#327=B_SPLINE_CURVE_WITH_KNOTS('',3,(#9726,#9727,#9728,#9729,#9730),
 .UNSPECIFIED.,.F.,.F.,(4,1,4),(0.,0.0181441150868431,0.036392918909713),
 .UNSPECIFIED.);
#328=B_SPLINE_CURVE_WITH_KNOTS('',3,(#9743,#9744,#9745,#9746,#9747),
 .UNSPECIFIED.,.F.,.F.,(4,1,4),(0.,0.0174601005851895,0.0353999523990409),
 .UNSPECIFIED.);
#329=B_SPLINE_CURVE_WITH_KNOTS('',3,(#9760,#9761,#9762,#9763,#9764),
 .UNSPECIFIED.,.F.,.F.,(4,1,4),(0.,0.0185924341153629,0.038693565715546),
 .UNSPECIFIED.);
#330=B_SPLINE_CURVE_WITH_KNOTS('',3,(#9777,#9778,#9779,#9780,#9781),
 .UNSPECIFIED.,.F.,.F.,(4,1,4),(0.,0.0165145639913299,0.0339109090634305),
 .UNSPECIFIED.);
#331=B_SPLINE_CURVE_WITH_KNOTS('',3,(#9794,#9795,#9796,#9797,#9798),
 .UNSPECIFIED.,.F.,.F.,(4,1,4),(0.,0.0162729465555089,0.0323479090838362),
 .UNSPECIFIED.);
#332=B_SPLINE_CURVE_WITH_KNOTS('',3,(#9811,#9812,#9813,#9814,#9815),
 .UNSPECIFIED.,.F.,.F.,(4,1,4),(0.,0.0124543710512437,0.0260879939376548),
 .UNSPECIFIED.);
#333=B_SPLINE_CURVE_WITH_KNOTS('',3,(#9828,#9829,#9830,#9831,#9832),
 .UNSPECIFIED.,.F.,.F.,(4,1,4),(0.,0.011675914203593,0.0235704538147146),
 .UNSPECIFIED.);
#334=B_SPLINE_CURVE_WITH_KNOTS('',3,(#9845,#9846,#9847,#9848,#9849),
 .UNSPECIFIED.,.F.,.F.,(4,1,4),(0.,0.0113454992095903,0.0229146882028292),
 .UNSPECIFIED.);
#335=B_SPLINE_CURVE_WITH_KNOTS('',3,(#9866,#9867,#9868,#9869,#9870),
 .UNSPECIFIED.,.F.,.F.,(4,1,4),(0.,0.00754020317815613,0.0162340431109719),
 .UNSPECIFIED.);
#336=B_SPLINE_CURVE_WITH_KNOTS('',3,(#9883,#9884,#9885,#9886,#9887),
 .UNSPECIFIED.,.F.,.F.,(4,1,4),(0.,0.00543520045803342,0.0118496054544015),
 .UNSPECIFIED.);
#337=B_SPLINE_CURVE_WITH_KNOTS('',3,(#9900,#9901,#9902,#9903,#9904),
 .UNSPECIFIED.,.F.,.F.,(4,1,4),(0.,0.00540643545194726,0.0103507258029107),
 .UNSPECIFIED.);
#338=B_SPLINE_CURVE_WITH_KNOTS('',3,(#9917,#9918,#9919,#9920,#9921),
 .UNSPECIFIED.,.F.,.F.,(4,1,4),(0.,0.00728316670692298,0.0146683323970118),
 .UNSPECIFIED.);
#339=B_SPLINE_CURVE_WITH_KNOTS('',3,(#9934,#9935,#9936,#9937,#9938),
 .UNSPECIFIED.,.F.,.F.,(4,1,4),(0.,0.0117033876967683,0.0205249011470065),
 .UNSPECIFIED.);
#340=B_SPLINE_CURVE_WITH_KNOTS('',3,(#9951,#9952,#9953,#9954,#9955),
 .UNSPECIFIED.,.F.,.F.,(4,1,4),(0.,0.01340255847527,0.0255983200188099),
 .UNSPECIFIED.);
#341=B_SPLINE_CURVE_WITH_KNOTS('',3,(#9968,#9969,#9970,#9971,#9972),
 .UNSPECIFIED.,.F.,.F.,(4,1,4),(0.,0.0138390607597809,0.0278286672990414),
 .UNSPECIFIED.);
#342=B_SPLINE_CURVE_WITH_KNOTS('',3,(#9989,#9990,#9991,#9992,#9993),
 .UNSPECIFIED.,.F.,.F.,(4,1,4),(0.,0.0207423146141916,0.0415208611774772),
 .UNSPECIFIED.);
#343=B_SPLINE_CURVE_WITH_KNOTS('',3,(#10006,#10007,#10008,#10009,#10010),
 .UNSPECIFIED.,.F.,.F.,(4,1,4),(0.,0.0197143056316887,0.0401486600461927),
 .UNSPECIFIED.);
#344=B_SPLINE_CURVE_WITH_KNOTS('',3,(#10021,#10022,#10023,#10024,#10025),
 .UNSPECIFIED.,.F.,.F.,(4,1,4),(0.,0.0199303173530385,0.0424189630780348),
 .UNSPECIFIED.);
#345=B_SPLINE_CURVE_WITH_KNOTS('',3,(#10039,#10040,#10041,#10042,#10043),
 .UNSPECIFIED.,.F.,.F.,(4,1,4),(0.,0.00905042061051439,0.017016672002467),
 .UNSPECIFIED.);
#346=B_SPLINE_CURVE_WITH_KNOTS('',3,(#10047,#10048,#10049,#10050,#10051),
 .UNSPECIFIED.,.F.,.F.,(4,1,4),(0.,0.00905042061051439,0.017016672002467),
 .UNSPECIFIED.);
#347=B_SPLINE_CURVE_WITH_KNOTS('',3,(#10064,#10065,#10066,#10067,#10068),
 .UNSPECIFIED.,.F.,.F.,(4,1,4),(0.,0.0118330934651081,0.0222511895548284),
 .UNSPECIFIED.);
#348=B_SPLINE_CURVE_WITH_KNOTS('',3,(#10071,#10072,#10073,#10074,#10075),
 .UNSPECIFIED.,.F.,.F.,(4,1,4),(0.,0.0118330934651081,0.0222511895548284),
 .UNSPECIFIED.);
#349=B_SPLINE_CURVE_WITH_KNOTS('',3,(#10087,#10088,#10089,#10090,#10091),
 .UNSPECIFIED.,.F.,.F.,(4,1,4),(0.,0.010319553259467,0.0221191341653942),
 .UNSPECIFIED.);
#350=B_SPLINE_CURVE_WITH_KNOTS('',3,(#10094,#10095,#10096,#10097,#10098),
 .UNSPECIFIED.,.F.,.F.,(4,1,4),(0.,0.010319553259467,0.0221191341653942),
 .UNSPECIFIED.);
#351=B_SPLINE_CURVE_WITH_KNOTS('',3,(#10110,#10111,#10112,#10113,#10114),
 .UNSPECIFIED.,.F.,.F.,(4,1,4),(0.,0.00794025840186684,0.0168982364234462),
 .UNSPECIFIED.);
#352=B_SPLINE_CURVE_WITH_KNOTS('',3,(#10117,#10118,#10119,#10120,#10121),
 .UNSPECIFIED.,.F.,.F.,(4,1,4),(0.,0.00794025840186684,0.0168982364234462),
 .UNSPECIFIED.);
#353=B_SPLINE_CURVE_WITH_KNOTS('',3,(#10133,#10134,#10135,#10136,#10137),
 .UNSPECIFIED.,.F.,.F.,(4,1,4),(0.,0.00818719393276592,0.015766952315823),
 .UNSPECIFIED.);
#354=B_SPLINE_CURVE_WITH_KNOTS('',3,(#10140,#10141,#10142,#10143,#10144),
 .UNSPECIFIED.,.F.,.F.,(4,1,4),(0.,0.00818719393276592,0.015766952315823),
 .UNSPECIFIED.);
#355=B_SPLINE_CURVE_WITH_KNOTS('',3,(#10156,#10157,#10158,#10159,#10160),
 .UNSPECIFIED.,.F.,.F.,(4,1,4),(0.,0.00757982488068252,0.0157670141716939),
 .UNSPECIFIED.);
#356=B_SPLINE_CURVE_WITH_KNOTS('',3,(#10163,#10164,#10165,#10166,#10167),
 .UNSPECIFIED.,.F.,.F.,(4,1,4),(0.,0.00757982488068252,0.0157670141716939),
 .UNSPECIFIED.);
#357=B_SPLINE_CURVE_WITH_KNOTS('',3,(#10179,#10180,#10181,#10182,#10183),
 .UNSPECIFIED.,.F.,.F.,(4,1,4),(0.,0.00891846805526817,0.016837507553372),
 .UNSPECIFIED.);
#358=B_SPLINE_CURVE_WITH_KNOTS('',3,(#10186,#10187,#10188,#10189,#10190),
 .UNSPECIFIED.,.F.,.F.,(4,1,4),(0.,0.00891846805526817,0.016837507553372),
 .UNSPECIFIED.);
#359=B_SPLINE_CURVE_WITH_KNOTS('',3,(#10202,#10203,#10204,#10205,#10206),
 .UNSPECIFIED.,.F.,.F.,(4,1,4),(0.,0.0117976243138751,0.0220970247108554),
 .UNSPECIFIED.);
#360=B_SPLINE_CURVE_WITH_KNOTS('',3,(#10209,#10210,#10211,#10212,#10213),
 .UNSPECIFIED.,.F.,.F.,(4,1,4),(0.,0.0117976243138751,0.0220970247108554),
 .UNSPECIFIED.);
#361=B_SPLINE_CURVE_WITH_KNOTS('',3,(#10225,#10226,#10227,#10228,#10229),
 .UNSPECIFIED.,.F.,.F.,(4,1,4),(0.,0.0103981342171077,0.0222292766323523),
 .UNSPECIFIED.);
#362=B_SPLINE_CURVE_WITH_KNOTS('',3,(#10232,#10233,#10234,#10235,#10236),
 .UNSPECIFIED.,.F.,.F.,(4,1,4),(0.,0.0103981342171077,0.0222292766323523),
 .UNSPECIFIED.);
#363=B_SPLINE_CURVE_WITH_KNOTS('',3,(#10248,#10249,#10250,#10251,#10252),
 .UNSPECIFIED.,.F.,.F.,(4,1,4),(0.,0.00794509039027418,0.016956419951682),
 .UNSPECIFIED.);
#364=B_SPLINE_CURVE_WITH_KNOTS('',3,(#10255,#10256,#10257,#10258,#10259),
 .UNSPECIFIED.,.F.,.F.,(4,1,4),(0.,0.00794509039027418,0.016956419951682),
 .UNSPECIFIED.);
#365=B_SPLINE_CURVE_WITH_KNOTS('',3,(#10271,#10272,#10273,#10274,#10275),
 .UNSPECIFIED.,.F.,.F.,(4,1,4),(0.,0.00818719393276592,0.0157670188134484),
 .UNSPECIFIED.);
#366=B_SPLINE_CURVE_WITH_KNOTS('',3,(#10278,#10279,#10280,#10281,#10282),
 .UNSPECIFIED.,.F.,.F.,(4,1,4),(0.,0.00818719393276592,0.0157670188134484),
 .UNSPECIFIED.);
#367=B_SPLINE_CURVE_WITH_KNOTS('',3,(#10293,#10294,#10295,#10296,#10297),
 .UNSPECIFIED.,.F.,.F.,(4,1,4),(0.,0.00757977342426075,0.0157669673570267),
 .UNSPECIFIED.);
#368=B_SPLINE_CURVE_WITH_KNOTS('',3,(#10298,#10299,#10300,#10301,#10302),
 .UNSPECIFIED.,.F.,.F.,(4,1,4),(0.,0.00757977342426075,0.0157669673570267),
 .UNSPECIFIED.);
#369=B_SPLINE_CURVE_WITH_KNOTS('',3,(#10316,#10317,#10318,#10319,#10320),
 .UNSPECIFIED.,.F.,.F.,(4,1,4),(0.,0.0200283903531338,0.0393640328842752),
 .UNSPECIFIED.);
#370=B_SPLINE_CURVE_WITH_KNOTS('',3,(#10334,#10335,#10336,#10337,#10338),
 .UNSPECIFIED.,.F.,.F.,(4,1,4),(0.,0.0235723774765793,0.0449086605009221),
 .UNSPECIFIED.);
#371=B_SPLINE_CURVE_WITH_KNOTS('',3,(#10351,#10352,#10353,#10354,#10355),
 .UNSPECIFIED.,.F.,.F.,(4,1,4),(0.,0.0165020238455683,0.0345547220969161),
 .UNSPECIFIED.);
#372=B_SPLINE_CURVE_WITH_KNOTS('',3,(#10368,#10369,#10370,#10371,#10372),
 .UNSPECIFIED.,.F.,.F.,(4,1,4),(0.,0.0148062974995096,0.0302682147055972),
 .UNSPECIFIED.);
#373=B_SPLINE_CURVE_WITH_KNOTS('',3,(#10385,#10386,#10387,#10388,#10389),
 .UNSPECIFIED.,.F.,.F.,(4,1,4),(0.,0.0143038698792209,0.0287371751201609),
 .UNSPECIFIED.);
#374=B_SPLINE_CURVE_WITH_KNOTS('',3,(#10402,#10403,#10404,#10405,#10406),
 .UNSPECIFIED.,.F.,.F.,(4,1,4),(0.,0.0142913401641264,0.0285625469999983),
 .UNSPECIFIED.);
#375=B_SPLINE_CURVE_WITH_KNOTS('',3,(#10419,#10420,#10421,#10422,#10423),
 .UNSPECIFIED.,.F.,.F.,(4,1,4),(0.,0.0191055312609003,0.0380478795806756),
 .UNSPECIFIED.);
#376=B_SPLINE_CURVE_WITH_KNOTS('',3,(#10436,#10437,#10438,#10439,#10440),
 .UNSPECIFIED.,.F.,.F.,(4,1,4),(0.,0.0199692307767136,0.0393652788290448),
 .UNSPECIFIED.);
#377=B_SPLINE_CURVE_WITH_KNOTS('',3,(#10453,#10454,#10455,#10456,#10457),
 .UNSPECIFIED.,.F.,.F.,(4,1,4),(0.,0.0235390184417865,0.0447819451688129),
 .UNSPECIFIED.);
#378=B_SPLINE_CURVE_WITH_KNOTS('',3,(#10470,#10471,#10472,#10473,#10474),
 .UNSPECIFIED.,.F.,.F.,(4,1,4),(0.,0.0213362830243428,0.0449086605009221),
 .UNSPECIFIED.);
#379=B_SPLINE_CURVE_WITH_KNOTS('',3,(#10487,#10488,#10489,#10490,#10491),
 .UNSPECIFIED.,.F.,.F.,(4,1,4),(0.,0.0194161545991567,0.0394649919469722),
 .UNSPECIFIED.);
#380=B_SPLINE_CURVE_WITH_KNOTS('',3,(#10504,#10505,#10506,#10507,#10508),
 .UNSPECIFIED.,.F.,.F.,(4,1,4),(0.,0.0189423483197753,0.03804788515542),
 .UNSPECIFIED.);
#381=B_SPLINE_CURVE_WITH_KNOTS('',3,(#10519,#10520,#10521,#10522,#10523),
 .UNSPECIFIED.,.F.,.F.,(4,1,4),(0.,0.0190122124845843,0.0379213294927586),
 .UNSPECIFIED.);
#382=B_SPLINE_CURVE_WITH_KNOTS('',3,(#10545,#10546,#10547,#10548,#10549),
 .UNSPECIFIED.,.F.,.F.,(4,1,4),(0.,0.0139528891271521,0.0292104511422134),
 .UNSPECIFIED.);
#383=B_SPLINE_CURVE_WITH_KNOTS('',3,(#10552,#10553,#10554,#10555,#10556),
 .UNSPECIFIED.,.F.,.F.,(4,1,4),(0.,0.0139528891271521,0.0292104511422134),
 .UNSPECIFIED.);
#384=B_SPLINE_CURVE_WITH_KNOTS('',3,(#10568,#10569,#10570,#10571,#10572),
 .UNSPECIFIED.,.F.,.F.,(4,1,4),(0.,0.0139529851353799,0.0271979093057182),
 .UNSPECIFIED.);
#385=B_SPLINE_CURVE_WITH_KNOTS('',3,(#10575,#10576,#10577,#10578,#10579),
 .UNSPECIFIED.,.F.,.F.,(4,1,4),(0.,0.0139529851353799,0.0271979093057182),
 .UNSPECIFIED.);
#386=B_SPLINE_CURVE_WITH_KNOTS('',3,(#10591,#10592,#10593,#10594,#10595),
 .UNSPECIFIED.,.F.,.F.,(4,1,4),(0.,0.0212797298161101,0.0379613563790476),
 .UNSPECIFIED.);
#387=B_SPLINE_CURVE_WITH_KNOTS('',3,(#10598,#10599,#10600,#10601,#10602),
 .UNSPECIFIED.,.F.,.F.,(4,1,4),(0.,0.0212797298161101,0.0379613563790476),
 .UNSPECIFIED.);
#388=B_SPLINE_CURVE_WITH_KNOTS('',3,(#10614,#10615,#10616,#10617,#10618),
 .UNSPECIFIED.,.F.,.F.,(4,1,4),(0.,0.0170005608057909,0.0382133876881891),
 .UNSPECIFIED.);
#389=B_SPLINE_CURVE_WITH_KNOTS('',3,(#10621,#10622,#10623,#10624,#10625),
 .UNSPECIFIED.,.F.,.F.,(4,1,4),(0.,0.0170005608057909,0.0382133876881891),
 .UNSPECIFIED.);
#390=B_SPLINE_CURVE_WITH_KNOTS('',3,(#10637,#10638,#10639,#10640,#10641),
 .UNSPECIFIED.,.F.,.F.,(4,1,4),(0.,0.0134875182579605,0.027846793543293),
 .UNSPECIFIED.);
#391=B_SPLINE_CURVE_WITH_KNOTS('',3,(#10644,#10645,#10646,#10647,#10648),
 .UNSPECIFIED.,.F.,.F.,(4,1,4),(0.,0.0134875182579605,0.027846793543293),
 .UNSPECIFIED.);
#392=B_SPLINE_CURVE_WITH_KNOTS('',3,(#10660,#10661,#10662,#10663,#10664),
 .UNSPECIFIED.,.F.,.F.,(4,1,4),(0.,0.015266528091596,0.0293073878553621),
 .UNSPECIFIED.);
#393=B_SPLINE_CURVE_WITH_KNOTS('',3,(#10667,#10668,#10669,#10670,#10671),
 .UNSPECIFIED.,.F.,.F.,(4,1,4),(0.,0.015266528091596,0.0293073878553621),
 .UNSPECIFIED.);
#394=B_SPLINE_CURVE_WITH_KNOTS('',3,(#10694,#10695,#10696,#10697,#10698),
 .UNSPECIFIED.,.F.,.F.,(4,1,4),(0.,0.0252453510930565,0.052859378865684),
 .UNSPECIFIED.);
#395=B_SPLINE_CURVE_WITH_KNOTS('',3,(#10712,#10713,#10714,#10715,#10716),
 .UNSPECIFIED.,.F.,.F.,(4,1,4),(0.,0.0245378708737042,0.0485350838446187),
 .UNSPECIFIED.);
#396=B_SPLINE_CURVE_WITH_KNOTS('',3,(#10729,#10730,#10731,#10732,#10733),
 .UNSPECIFIED.,.F.,.F.,(4,1,4),(0.,0.0317310354618485,0.0588671017323849),
 .UNSPECIFIED.);
#397=B_SPLINE_CURVE_WITH_KNOTS('',3,(#10746,#10747,#10748,#10749,#10750),
 .UNSPECIFIED.,.F.,.F.,(4,1,4),(0.,0.0267624836988572,0.0585302375654344),
 .UNSPECIFIED.);
#398=B_SPLINE_CURVE_WITH_KNOTS('',3,(#10763,#10764,#10765,#10766,#10767),
 .UNSPECIFIED.,.F.,.F.,(4,1,4),(0.,0.0240969370395633,0.0483038032097335),
 .UNSPECIFIED.);
#399=B_SPLINE_CURVE_WITH_KNOTS('',3,(#10780,#10781,#10782,#10783,#10784),
 .UNSPECIFIED.,.F.,.F.,(4,1,4),(0.,0.0287406824165838,0.0545945248359535),
 .UNSPECIFIED.);
#400=B_SPLINE_CURVE_WITH_KNOTS('',3,(#10809,#10810,#10811,#10812,#10813),
 .UNSPECIFIED.,.F.,.F.,(4,1,4),(0.,0.0103009106542647,0.0199090883337916),
 .UNSPECIFIED.);
#401=B_SPLINE_CURVE_WITH_KNOTS('',3,(#10827,#10828,#10829,#10830,#10831),
 .UNSPECIFIED.,.F.,.F.,(4,1,4),(0.,0.00955340080907414,0.0196563096563869),
 .UNSPECIFIED.);
#402=B_SPLINE_CURVE_WITH_KNOTS('',3,(#10844,#10845,#10846,#10847,#10848),
 .UNSPECIFIED.,.F.,.F.,(4,1,4),(0.,0.0108353920336804,0.0207053300047111),
 .UNSPECIFIED.);
#403=B_SPLINE_CURVE_WITH_KNOTS('',3,(#10861,#10862,#10863,#10864,#10865),
 .UNSPECIFIED.,.F.,.F.,(4,1,4),(0.,0.00984109120000536,0.0208422760155674),
 .UNSPECIFIED.);
#404=B_SPLINE_CURVE_WITH_KNOTS('',3,(#10878,#10879,#10880,#10881,#10882),
 .UNSPECIFIED.,.F.,.F.,(4,1,4),(0.,0.0100968269400477,0.0195922350313184),
 .UNSPECIFIED.);
#405=B_SPLINE_CURVE_WITH_KNOTS('',3,(#10895,#10896,#10897,#10898,#10899),
 .UNSPECIFIED.,.F.,.F.,(4,1,4),(0.,0.00955050030603818,0.0198454513693603),
 .UNSPECIFIED.);
#406=B_SPLINE_CURVE_WITH_KNOTS('',3,(#10912,#10913,#10914,#10915,#10916),
 .UNSPECIFIED.,.F.,.F.,(4,1,4),(0.,0.0110011859518916,0.0208422809627514),
 .UNSPECIFIED.);
#407=B_SPLINE_CURVE_WITH_KNOTS('',3,(#10927,#10928,#10929,#10930,#10931),
 .UNSPECIFIED.,.F.,.F.,(4,1,4),(0.,0.00986994557045649,0.0207053376041369),
 .UNSPECIFIED.);
#408=B_SPLINE_CURVE_WITH_KNOTS('',3,(#10951,#10952,#10953,#10954,#10955),
 .UNSPECIFIED.,.F.,.F.,(4,1,4),(0.,0.00761332676745986,0.0165660001555544),
 .UNSPECIFIED.);
#409=B_SPLINE_CURVE_WITH_KNOTS('',3,(#10968,#10969,#10970,#10971,#10972),
 .UNSPECIFIED.,.F.,.F.,(4,1,4),(0.,0.00543427411188169,0.0118542068034183),
 .UNSPECIFIED.);
#410=B_SPLINE_CURVE_WITH_KNOTS('',3,(#10985,#10986,#10987,#10988,#10989),
 .UNSPECIFIED.,.F.,.F.,(4,1,4),(0.,0.00694006624455091,0.0149839616779041),
 .UNSPECIFIED.);
#411=B_SPLINE_CURVE_WITH_KNOTS('',3,(#11002,#11003,#11004,#11005,#11006),
 .UNSPECIFIED.,.F.,.F.,(4,1,4),(0.,0.0133319033815885,0.0221307656988541),
 .UNSPECIFIED.);
#412=B_SPLINE_CURVE_WITH_KNOTS('',3,(#11031,#11032,#11033,#11034,#11035),
 .UNSPECIFIED.,.F.,.F.,(4,1,4),(0.,0.00766903306451105,0.0167706403851672),
 .UNSPECIFIED.);
#413=B_SPLINE_CURVE_WITH_KNOTS('',3,(#11048,#11049,#11050,#11051,#11052),
 .UNSPECIFIED.,.F.,.F.,(4,1,4),(0.,0.00543427411188169,0.0118542068034183),
 .UNSPECIFIED.);
#414=B_SPLINE_CURVE_WITH_KNOTS('',3,(#11065,#11066,#11067,#11068,#11069),
 .UNSPECIFIED.,.F.,.F.,(4,1,4),(0.,0.00686050901029344,0.0148713976396858),
 .UNSPECIFIED.);
#415=B_SPLINE_CURVE_WITH_KNOTS('',3,(#11082,#11083,#11084,#11085,#11086),
 .UNSPECIFIED.,.F.,.F.,(4,1,4),(0.,0.0133292436196583,0.0220917375173449),
 .UNSPECIFIED.);
#416=B_SPLINE_CURVE_WITH_KNOTS('',3,(#11111,#11112,#11113,#11114,#11115),
 .UNSPECIFIED.,.F.,.F.,(4,1,4),(0.,0.0214455868413027,0.0473080565511202),
 .UNSPECIFIED.);
#417=B_SPLINE_CURVE_WITH_KNOTS('',3,(#11128,#11129,#11130,#11131,#11132),
 .UNSPECIFIED.,.F.,.F.,(4,1,4),(0.,0.0219747403938068,0.0413352845429942),
 .UNSPECIFIED.);
#418=B_SPLINE_CURVE_WITH_KNOTS('',3,(#11145,#11146,#11147,#11148,#11149),
 .UNSPECIFIED.,.F.,.F.,(4,1,4),(0.,0.0135139538337362,0.0279322484511703),
 .UNSPECIFIED.);
#419=B_SPLINE_CURVE_WITH_KNOTS('',3,(#11162,#11163,#11164,#11165,#11166),
 .UNSPECIFIED.,.F.,.F.,(4,1,4),(0.,0.0140095107931882,0.0276739477659384),
 .UNSPECIFIED.);
#420=B_SPLINE_CURVE_WITH_KNOTS('',3,(#11179,#11180,#11181,#11182,#11183),
 .UNSPECIFIED.,.F.,.F.,(4,1,4),(0.,0.0120084124893996,0.02491043703182),
 .UNSPECIFIED.);
#421=B_SPLINE_CURVE_WITH_KNOTS('',3,(#11196,#11197,#11198,#11199,#11200),
 .UNSPECIFIED.,.F.,.F.,(4,1,4),(0.,0.0144857984288362,0.0269690689276115),
 .UNSPECIFIED.);
#422=B_SPLINE_CURVE_WITH_KNOTS('',3,(#11213,#11214,#11215,#11216,#11217),
 .UNSPECIFIED.,.F.,.F.,(4,1,4),(0.,0.0130028703184142,0.0274668989789898),
 .UNSPECIFIED.);
#423=B_SPLINE_CURVE_WITH_KNOTS('',3,(#11230,#11231,#11232,#11233,#11234),
 .UNSPECIFIED.,.F.,.F.,(4,1,4),(0.,0.0130924702541997,0.0259070804107931),
 .UNSPECIFIED.);
#424=B_SPLINE_CURVE_WITH_KNOTS('',3,(#11268,#11269,#11270,#11271,#11272),
 .UNSPECIFIED.,.F.,.F.,(4,1,4),(0.,0.0140619985651681,0.026680553720968),
 .UNSPECIFIED.);
#425=B_SPLINE_CURVE_WITH_KNOTS('',3,(#11276,#11277,#11278,#11279,#11280),
 .UNSPECIFIED.,.F.,.F.,(4,1,4),(0.,0.0140619985651681,0.026680553720968),
 .UNSPECIFIED.);
#426=B_SPLINE_CURVE_WITH_KNOTS('',3,(#11293,#11294,#11295,#11296,#11297),
 .UNSPECIFIED.,.F.,.F.,(4,1,4),(0.,0.0180986870777675,0.0340670412393342),
 .UNSPECIFIED.);
#427=B_SPLINE_CURVE_WITH_KNOTS('',3,(#11300,#11301,#11302,#11303,#11304),
 .UNSPECIFIED.,.F.,.F.,(4,1,4),(0.,0.0180986870777675,0.0340670412393342),
 .UNSPECIFIED.);
#428=B_SPLINE_CURVE_WITH_KNOTS('',3,(#11316,#11317,#11318,#11319,#11320),
 .UNSPECIFIED.,.F.,.F.,(4,1,4),(0.,0.0156753064823613,0.0336735750024023),
 .UNSPECIFIED.);
#429=B_SPLINE_CURVE_WITH_KNOTS('',3,(#11323,#11324,#11325,#11326,#11327),
 .UNSPECIFIED.,.F.,.F.,(4,1,4),(0.,0.0156753064823613,0.0336735750024023),
 .UNSPECIFIED.);
#430=B_SPLINE_CURVE_WITH_KNOTS('',3,(#11339,#11340,#11341,#11342,#11343),
 .UNSPECIFIED.,.F.,.F.,(4,1,4),(0.,0.0122483652344529,0.0259203019299598),
 .UNSPECIFIED.);
#431=B_SPLINE_CURVE_WITH_KNOTS('',3,(#11346,#11347,#11348,#11349,#11350),
 .UNSPECIFIED.,.F.,.F.,(4,1,4),(0.,0.0122483652344529,0.0259203019299598),
 .UNSPECIFIED.);
#432=B_SPLINE_CURVE_WITH_KNOTS('',3,(#11362,#11363,#11364,#11365,#11366),
 .UNSPECIFIED.,.F.,.F.,(4,1,4),(0.,0.0123816565831883,0.0241488891715352),
 .UNSPECIFIED.);
#433=B_SPLINE_CURVE_WITH_KNOTS('',3,(#11369,#11370,#11371,#11372,#11373),
 .UNSPECIFIED.,.F.,.F.,(4,1,4),(0.,0.0123816565831883,0.0241488891715352),
 .UNSPECIFIED.);
#434=B_SPLINE_CURVE_WITH_KNOTS('',3,(#11385,#11386,#11387,#11388,#11389),
 .UNSPECIFIED.,.F.,.F.,(4,1,4),(0.,0.0117672394724124,0.0241488643933576),
 .UNSPECIFIED.);
#435=B_SPLINE_CURVE_WITH_KNOTS('',3,(#11392,#11393,#11394,#11395,#11396),
 .UNSPECIFIED.,.F.,.F.,(4,1,4),(0.,0.0117672394724124,0.0241488643933576),
 .UNSPECIFIED.);
#436=B_SPLINE_CURVE_WITH_KNOTS('',3,(#11408,#11409,#11410,#11411,#11412),
 .UNSPECIFIED.,.F.,.F.,(4,1,4),(0.,0.0137179425213508,0.0259894083371103),
 .UNSPECIFIED.);
#437=B_SPLINE_CURVE_WITH_KNOTS('',3,(#11415,#11416,#11417,#11418,#11419),
 .UNSPECIFIED.,.F.,.F.,(4,1,4),(0.,0.0137179425213508,0.0259894083371103),
 .UNSPECIFIED.);
#438=B_SPLINE_CURVE_WITH_KNOTS('',3,(#11431,#11432,#11433,#11434,#11435),
 .UNSPECIFIED.,.F.,.F.,(4,1,4),(0.,0.0180006623318517,0.0337008553791115),
 .UNSPECIFIED.);
#439=B_SPLINE_CURVE_WITH_KNOTS('',3,(#11438,#11439,#11440,#11441,#11442),
 .UNSPECIFIED.,.F.,.F.,(4,1,4),(0.,0.0180006623318517,0.0337008553791115),
 .UNSPECIFIED.);
#440=B_SPLINE_CURVE_WITH_KNOTS('',3,(#11454,#11455,#11456,#11457,#11458),
 .UNSPECIFIED.,.F.,.F.,(4,1,4),(0.,0.0159927634254146,0.0340938479137173),
 .UNSPECIFIED.);
#441=B_SPLINE_CURVE_WITH_KNOTS('',3,(#11461,#11462,#11463,#11464,#11465),
 .UNSPECIFIED.,.F.,.F.,(4,1,4),(0.,0.0159927634254146,0.0340938479137173),
 .UNSPECIFIED.);
#442=B_SPLINE_CURVE_WITH_KNOTS('',3,(#11477,#11478,#11479,#11480,#11481),
 .UNSPECIFIED.,.F.,.F.,(4,1,4),(0.,0.0126409792567967,0.0267477116091143),
 .UNSPECIFIED.);
#443=B_SPLINE_CURVE_WITH_KNOTS('',3,(#11484,#11485,#11486,#11487,#11488),
 .UNSPECIFIED.,.F.,.F.,(4,1,4),(0.,0.0126409792567967,0.0267477116091143),
 .UNSPECIFIED.);
#444=B_SPLINE_CURVE_WITH_KNOTS('',3,(#11500,#11501,#11502,#11503,#11504),
 .UNSPECIFIED.,.F.,.F.,(4,1,4),(0.,0.0124019851853405,0.0243605867087409),
 .UNSPECIFIED.);
#445=B_SPLINE_CURVE_WITH_KNOTS('',3,(#11507,#11508,#11509,#11510,#11511),
 .UNSPECIFIED.,.F.,.F.,(4,1,4),(0.,0.0124019851853405,0.0243605867087409),
 .UNSPECIFIED.);
#446=B_SPLINE_CURVE_WITH_KNOTS('',3,(#11522,#11523,#11524,#11525,#11526),
 .UNSPECIFIED.,.F.,.F.,(4,1,4),(0.,0.0119586015234004,0.0243606161417722),
 .UNSPECIFIED.);
#447=B_SPLINE_CURVE_WITH_KNOTS('',3,(#11527,#11528,#11529,#11530,#11531),
 .UNSPECIFIED.,.F.,.F.,(4,1,4),(0.,0.0119586015234004,0.0243606161417722),
 .UNSPECIFIED.);
#448=B_SPLINE_CURVE_WITH_KNOTS('',3,(#11545,#11546,#11547,#11548,#11549),
 .UNSPECIFIED.,.F.,.F.,(4,1,4),(0.,0.0249056990997654,0.0487085151592418),
 .UNSPECIFIED.);
#449=B_SPLINE_CURVE_WITH_KNOTS('',3,(#11563,#11564,#11565,#11566,#11567),
 .UNSPECIFIED.,.F.,.F.,(4,1,4),(0.,0.0305727596322279,0.0577917324313051),
 .UNSPECIFIED.);
#450=B_SPLINE_CURVE_WITH_KNOTS('',3,(#11580,#11581,#11582,#11583,#11584),
 .UNSPECIFIED.,.F.,.F.,(4,1,4),(0.,0.0267422611525148,0.0571479870296694),
 .UNSPECIFIED.);
#451=B_SPLINE_CURVE_WITH_KNOTS('',3,(#11597,#11598,#11599,#11600,#11601),
 .UNSPECIFIED.,.F.,.F.,(4,1,4),(0.,0.0235049014363576,0.0479099312669681),
 .UNSPECIFIED.);
#452=B_SPLINE_CURVE_WITH_KNOTS('',3,(#11614,#11615,#11616,#11617,#11618),
 .UNSPECIFIED.,.F.,.F.,(4,1,4),(0.,0.0258481990066015,0.0498706654527647),
 .UNSPECIFIED.);
#453=B_SPLINE_CURVE_WITH_KNOTS('',3,(#11631,#11632,#11633,#11634,#11635),
 .UNSPECIFIED.,.F.,.F.,(4,1,4),(0.,0.0240158091000178,0.0496934530475572),
 .UNSPECIFIED.);
#454=B_SPLINE_CURVE_WITH_KNOTS('',3,(#11648,#11649,#11650,#11651,#11652),
 .UNSPECIFIED.,.F.,.F.,(4,1,4),(0.,0.024479366169469,0.048020721737629),
 .UNSPECIFIED.);
#455=B_SPLINE_CURVE_WITH_KNOTS('',3,(#11665,#11666,#11667,#11668,#11669),
 .UNSPECIFIED.,.F.,.F.,(4,1,4),(0.,0.0304391319652667,0.0572766633216922),
 .UNSPECIFIED.);
#456=B_SPLINE_CURVE_WITH_KNOTS('',3,(#11682,#11683,#11684,#11685,#11686),
 .UNSPECIFIED.,.F.,.F.,(4,1,4),(0.,0.0272189727990773,0.0577917324313051),
 .UNSPECIFIED.);
#457=B_SPLINE_CURVE_WITH_KNOTS('',3,(#11699,#11700,#11701,#11702,#11703),
 .UNSPECIFIED.,.F.,.F.,(4,1,4),(0.,0.023880272206638,0.0488045451535988),
 .UNSPECIFIED.);
#458=B_SPLINE_CURVE_WITH_KNOTS('',3,(#11716,#11717,#11718,#11719,#11720),
 .UNSPECIFIED.,.F.,.F.,(4,1,4),(0.,0.0256936021524853,0.04986253861257),
 .UNSPECIFIED.);
#459=B_SPLINE_CURVE_WITH_KNOTS('',3,(#11731,#11732,#11733,#11734,#11735),
 .UNSPECIFIED.,.F.,.F.,(4,1,4),(0.,0.0241380026260999,0.0499981575916134),
 .UNSPECIFIED.);
#460=B_SPLINE_CURVE_WITH_KNOTS('',3,(#11788,#11789,#11790,#11791,#11792),
 .UNSPECIFIED.,.F.,.F.,(4,1,4),(0.,0.0161099298054231,0.0325910830663899),
 .UNSPECIFIED.);
#461=B_SPLINE_CURVE_WITH_KNOTS('',3,(#11805,#11806,#11807,#11808,#11809),
 .UNSPECIFIED.,.F.,.F.,(4,1,4),(0.,0.0169213065018489,0.0331770835964782),
 .UNSPECIFIED.);
#462=B_SPLINE_CURVE_WITH_KNOTS('',3,(#11826,#11827,#11828,#11829,#11830),
 .UNSPECIFIED.,.F.,.F.,(4,1,4),(0.,0.0162408105313473,0.0331125322804532),
 .UNSPECIFIED.);
#463=B_SPLINE_CURVE_WITH_KNOTS('',3,(#11843,#11844,#11845,#11846,#11847),
 .UNSPECIFIED.,.F.,.F.,(4,1,4),(0.,0.0165319095013775,0.0326569273485245),
 .UNSPECIFIED.);
#464=CYLINDRICAL_SURFACE('',#6323,2.5);
#465=CYLINDRICAL_SURFACE('',#6328,2.5);
#466=CYLINDRICAL_SURFACE('',#6338,2.5);
#467=CYLINDRICAL_SURFACE('',#6343,1.75);
#468=CYLINDRICAL_SURFACE('',#6351,1.75);
#469=CYLINDRICAL_SURFACE('',#6358,1.75);
#470=CYLINDRICAL_SURFACE('',#6367,1.15);
#471=CYLINDRICAL_SURFACE('',#6375,1.15);
#472=CYLINDRICAL_SURFACE('',#6389,1.15);
#473=CYLINDRICAL_SURFACE('',#6391,1.15);
#474=CYLINDRICAL_SURFACE('',#6398,2.5);
#475=CYLINDRICAL_SURFACE('',#6400,2.5);
#476=CYLINDRICAL_SURFACE('',#6489,0.75);
#477=CYLINDRICAL_SURFACE('',#6492,0.75);
#478=CYLINDRICAL_SURFACE('',#6509,1.75);
#479=CYLINDRICAL_SURFACE('',#6513,2.05);
#480=CYLINDRICAL_SURFACE('',#6518,1.75);
#481=CYLINDRICAL_SURFACE('',#6522,2.05);
#482=CYLINDRICAL_SURFACE('',#6550,2.49999955296517);
#483=CYLINDRICAL_SURFACE('',#6561,2.5);
#484=CYLINDRICAL_SURFACE('',#6566,3.85);
#485=CYLINDRICAL_SURFACE('',#6567,3.85);
#486=CYLINDRICAL_SURFACE('',#6568,3.85);
#487=CYLINDRICAL_SURFACE('',#6569,3.85);
#488=CYLINDRICAL_SURFACE('',#6570,2.5);
#489=CYLINDRICAL_SURFACE('',#6571,2.5);
#490=CYLINDRICAL_SURFACE('',#6572,2.5);
#491=CYLINDRICAL_SURFACE('',#6573,1.1);
#492=CYLINDRICAL_SURFACE('',#6577,2.5);
#493=CYLINDRICAL_SURFACE('',#6579,1.1);
#494=CYLINDRICAL_SURFACE('',#6582,1.1);
#495=CYLINDRICAL_SURFACE('',#6583,2.5);
#496=CYLINDRICAL_SURFACE('',#6585,1.1);
#497=FACE_BOUND('',#873,.T.);
#498=FACE_BOUND('',#876,.T.);
#499=FACE_BOUND('',#879,.T.);
#500=FACE_BOUND('',#880,.T.);
#501=FACE_BOUND('',#881,.T.);
#502=FACE_BOUND('',#882,.T.);
#503=FACE_BOUND('',#895,.T.);
#504=FACE_BOUND('',#896,.T.);
#505=FACE_BOUND('',#898,.T.);
#506=FACE_BOUND('',#903,.T.);
#507=FACE_BOUND('',#905,.T.);
#508=FACE_BOUND('',#906,.T.);
#509=FACE_BOUND('',#907,.T.);
#510=FACE_BOUND('',#908,.T.);
#511=FACE_BOUND('',#916,.T.);
#512=FACE_BOUND('',#917,.T.);
#513=FACE_BOUND('',#918,.T.);
#514=FACE_BOUND('',#919,.T.);
#515=FACE_BOUND('',#920,.T.);
#516=FACE_BOUND('',#921,.T.);
#517=FACE_BOUND('',#922,.T.);
#518=FACE_BOUND('',#923,.T.);
#519=FACE_BOUND('',#924,.T.);
#520=FACE_BOUND('',#925,.T.);
#521=FACE_BOUND('',#926,.T.);
#522=FACE_BOUND('',#927,.T.);
#523=FACE_BOUND('',#928,.T.);
#524=FACE_BOUND('',#929,.T.);
#525=FACE_BOUND('',#1055,.T.);
#526=FACE_BOUND('',#1075,.T.);
#527=FACE_BOUND('',#1141,.T.);
#528=FACE_BOUND('',#1207,.T.);
#529=FACE_BOUND('',#1209,.T.);
#530=FACE_BOUND('',#1230,.T.);
#531=FACE_BOUND('',#1235,.T.);
#532=FACE_BOUND('',#1242,.T.);
#533=FACE_BOUND('',#1243,.T.);
#534=FACE_BOUND('',#1244,.T.);
#535=FACE_BOUND('',#1245,.T.);
#536=FACE_OUTER_BOUND('',#872,.T.);
#537=FACE_OUTER_BOUND('',#874,.T.);
#538=FACE_OUTER_BOUND('',#875,.T.);
#539=FACE_OUTER_BOUND('',#877,.T.);
#540=FACE_OUTER_BOUND('',#878,.T.);
#541=FACE_OUTER_BOUND('',#883,.T.);
#542=FACE_OUTER_BOUND('',#884,.T.);
#543=FACE_OUTER_BOUND('',#885,.T.);
#544=FACE_OUTER_BOUND('',#886,.T.);
#545=FACE_OUTER_BOUND('',#887,.T.);
#546=FACE_OUTER_BOUND('',#888,.T.);
#547=FACE_OUTER_BOUND('',#889,.T.);
#548=FACE_OUTER_BOUND('',#890,.T.);
#549=FACE_OUTER_BOUND('',#891,.T.);
#550=FACE_OUTER_BOUND('',#892,.T.);
#551=FACE_OUTER_BOUND('',#893,.T.);
#552=FACE_OUTER_BOUND('',#894,.T.);
#553=FACE_OUTER_BOUND('',#897,.T.);
#554=FACE_OUTER_BOUND('',#899,.T.);
#555=FACE_OUTER_BOUND('',#900,.T.);
#556=FACE_OUTER_BOUND('',#901,.T.);
#557=FACE_OUTER_BOUND('',#902,.T.);
#558=FACE_OUTER_BOUND('',#904,.T.);
#559=FACE_OUTER_BOUND('',#909,.T.);
#560=FACE_OUTER_BOUND('',#910,.T.);
#561=FACE_OUTER_BOUND('',#911,.T.);
#562=FACE_OUTER_BOUND('',#912,.T.);
#563=FACE_OUTER_BOUND('',#913,.T.);
#564=FACE_OUTER_BOUND('',#914,.T.);
#565=FACE_OUTER_BOUND('',#915,.T.);
#566=FACE_OUTER_BOUND('',#930,.T.);
#567=FACE_OUTER_BOUND('',#931,.T.);
#568=FACE_OUTER_BOUND('',#932,.T.);
#569=FACE_OUTER_BOUND('',#933,.T.);
#570=FACE_OUTER_BOUND('',#934,.T.);
#571=FACE_OUTER_BOUND('',#935,.T.);
#572=FACE_OUTER_BOUND('',#936,.T.);
#573=FACE_OUTER_BOUND('',#937,.T.);
#574=FACE_OUTER_BOUND('',#938,.T.);
#575=FACE_OUTER_BOUND('',#939,.T.);
#576=FACE_OUTER_BOUND('',#940,.T.);
#577=FACE_OUTER_BOUND('',#941,.T.);
#578=FACE_OUTER_BOUND('',#942,.T.);
#579=FACE_OUTER_BOUND('',#943,.T.);
#580=FACE_OUTER_BOUND('',#944,.T.);
#581=FACE_OUTER_BOUND('',#945,.T.);
#582=FACE_OUTER_BOUND('',#946,.T.);
#583=FACE_OUTER_BOUND('',#947,.T.);
#584=FACE_OUTER_BOUND('',#948,.T.);
#585=FACE_OUTER_BOUND('',#949,.T.);
#586=FACE_OUTER_BOUND('',#950,.T.);
#587=FACE_OUTER_BOUND('',#951,.T.);
#588=FACE_OUTER_BOUND('',#952,.T.);
#589=FACE_OUTER_BOUND('',#953,.T.);
#590=FACE_OUTER_BOUND('',#954,.T.);
#591=FACE_OUTER_BOUND('',#955,.T.);
#592=FACE_OUTER_BOUND('',#956,.T.);
#593=FACE_OUTER_BOUND('',#957,.T.);
#594=FACE_OUTER_BOUND('',#958,.T.);
#595=FACE_OUTER_BOUND('',#959,.T.);
#596=FACE_OUTER_BOUND('',#960,.T.);
#597=FACE_OUTER_BOUND('',#961,.T.);
#598=FACE_OUTER_BOUND('',#962,.T.);
#599=FACE_OUTER_BOUND('',#963,.T.);
#600=FACE_OUTER_BOUND('',#964,.T.);
#601=FACE_OUTER_BOUND('',#965,.T.);
#602=FACE_OUTER_BOUND('',#966,.T.);
#603=FACE_OUTER_BOUND('',#967,.T.);
#604=FACE_OUTER_BOUND('',#968,.T.);
#605=FACE_OUTER_BOUND('',#969,.T.);
#606=FACE_OUTER_BOUND('',#970,.T.);
#607=FACE_OUTER_BOUND('',#971,.T.);
#608=FACE_OUTER_BOUND('',#972,.T.);
#609=FACE_OUTER_BOUND('',#973,.T.);
#610=FACE_OUTER_BOUND('',#974,.T.);
#611=FACE_OUTER_BOUND('',#975,.T.);
#612=FACE_OUTER_BOUND('',#976,.T.);
#613=FACE_OUTER_BOUND('',#977,.T.);
#614=FACE_OUTER_BOUND('',#978,.T.);
#615=FACE_OUTER_BOUND('',#979,.T.);
#616=FACE_OUTER_BOUND('',#980,.T.);
#617=FACE_OUTER_BOUND('',#981,.T.);
#618=FACE_OUTER_BOUND('',#982,.T.);
#619=FACE_OUTER_BOUND('',#983,.T.);
#620=FACE_OUTER_BOUND('',#984,.T.);
#621=FACE_OUTER_BOUND('',#985,.T.);
#622=FACE_OUTER_BOUND('',#986,.T.);
#623=FACE_OUTER_BOUND('',#987,.T.);
#624=FACE_OUTER_BOUND('',#988,.T.);
#625=FACE_OUTER_BOUND('',#989,.T.);
#626=FACE_OUTER_BOUND('',#990,.T.);
#627=FACE_OUTER_BOUND('',#991,.T.);
#628=FACE_OUTER_BOUND('',#992,.T.);
#629=FACE_OUTER_BOUND('',#993,.T.);
#630=FACE_OUTER_BOUND('',#994,.T.);
#631=FACE_OUTER_BOUND('',#995,.T.);
#632=FACE_OUTER_BOUND('',#996,.T.);
#633=FACE_OUTER_BOUND('',#997,.T.);
#634=FACE_OUTER_BOUND('',#998,.T.);
#635=FACE_OUTER_BOUND('',#999,.T.);
#636=FACE_OUTER_BOUND('',#1000,.T.);
#637=FACE_OUTER_BOUND('',#1001,.T.);
#638=FACE_OUTER_BOUND('',#1002,.T.);
#639=FACE_OUTER_BOUND('',#1003,.T.);
#640=FACE_OUTER_BOUND('',#1004,.T.);
#641=FACE_OUTER_BOUND('',#1005,.T.);
#642=FACE_OUTER_BOUND('',#1006,.T.);
#643=FACE_OUTER_BOUND('',#1007,.T.);
#644=FACE_OUTER_BOUND('',#1008,.T.);
#645=FACE_OUTER_BOUND('',#1009,.T.);
#646=FACE_OUTER_BOUND('',#1010,.T.);
#647=FACE_OUTER_BOUND('',#1011,.T.);
#648=FACE_OUTER_BOUND('',#1012,.T.);
#649=FACE_OUTER_BOUND('',#1013,.T.);
#650=FACE_OUTER_BOUND('',#1014,.T.);
#651=FACE_OUTER_BOUND('',#1015,.T.);
#652=FACE_OUTER_BOUND('',#1016,.T.);
#653=FACE_OUTER_BOUND('',#1017,.T.);
#654=FACE_OUTER_BOUND('',#1018,.T.);
#655=FACE_OUTER_BOUND('',#1019,.T.);
#656=FACE_OUTER_BOUND('',#1020,.T.);
#657=FACE_OUTER_BOUND('',#1021,.T.);
#658=FACE_OUTER_BOUND('',#1022,.T.);
#659=FACE_OUTER_BOUND('',#1023,.T.);
#660=FACE_OUTER_BOUND('',#1024,.T.);
#661=FACE_OUTER_BOUND('',#1025,.T.);
#662=FACE_OUTER_BOUND('',#1026,.T.);
#663=FACE_OUTER_BOUND('',#1027,.T.);
#664=FACE_OUTER_BOUND('',#1028,.T.);
#665=FACE_OUTER_BOUND('',#1029,.T.);
#666=FACE_OUTER_BOUND('',#1030,.T.);
#667=FACE_OUTER_BOUND('',#1031,.T.);
#668=FACE_OUTER_BOUND('',#1032,.T.);
#669=FACE_OUTER_BOUND('',#1033,.T.);
#670=FACE_OUTER_BOUND('',#1034,.T.);
#671=FACE_OUTER_BOUND('',#1035,.T.);
#672=FACE_OUTER_BOUND('',#1036,.T.);
#673=FACE_OUTER_BOUND('',#1037,.T.);
#674=FACE_OUTER_BOUND('',#1038,.T.);
#675=FACE_OUTER_BOUND('',#1039,.T.);
#676=FACE_OUTER_BOUND('',#1040,.T.);
#677=FACE_OUTER_BOUND('',#1041,.T.);
#678=FACE_OUTER_BOUND('',#1042,.T.);
#679=FACE_OUTER_BOUND('',#1043,.T.);
#680=FACE_OUTER_BOUND('',#1044,.T.);
#681=FACE_OUTER_BOUND('',#1045,.T.);
#682=FACE_OUTER_BOUND('',#1046,.T.);
#683=FACE_OUTER_BOUND('',#1047,.T.);
#684=FACE_OUTER_BOUND('',#1048,.T.);
#685=FACE_OUTER_BOUND('',#1049,.T.);
#686=FACE_OUTER_BOUND('',#1050,.T.);
#687=FACE_OUTER_BOUND('',#1051,.T.);
#688=FACE_OUTER_BOUND('',#1052,.T.);
#689=FACE_OUTER_BOUND('',#1053,.T.);
#690=FACE_OUTER_BOUND('',#1054,.T.);
#691=FACE_OUTER_BOUND('',#1056,.T.);
#692=FACE_OUTER_BOUND('',#1057,.T.);
#693=FACE_OUTER_BOUND('',#1058,.T.);
#694=FACE_OUTER_BOUND('',#1059,.T.);
#695=FACE_OUTER_BOUND('',#1060,.T.);
#696=FACE_OUTER_BOUND('',#1061,.T.);
#697=FACE_OUTER_BOUND('',#1062,.T.);
#698=FACE_OUTER_BOUND('',#1063,.T.);
#699=FACE_OUTER_BOUND('',#1064,.T.);
#700=FACE_OUTER_BOUND('',#1065,.T.);
#701=FACE_OUTER_BOUND('',#1066,.T.);
#702=FACE_OUTER_BOUND('',#1067,.T.);
#703=FACE_OUTER_BOUND('',#1068,.T.);
#704=FACE_OUTER_BOUND('',#1069,.T.);
#705=FACE_OUTER_BOUND('',#1070,.T.);
#706=FACE_OUTER_BOUND('',#1071,.T.);
#707=FACE_OUTER_BOUND('',#1072,.T.);
#708=FACE_OUTER_BOUND('',#1073,.T.);
#709=FACE_OUTER_BOUND('',#1074,.T.);
#710=FACE_OUTER_BOUND('',#1076,.T.);
#711=FACE_OUTER_BOUND('',#1077,.T.);
#712=FACE_OUTER_BOUND('',#1078,.T.);
#713=FACE_OUTER_BOUND('',#1079,.T.);
#714=FACE_OUTER_BOUND('',#1080,.T.);
#715=FACE_OUTER_BOUND('',#1081,.T.);
#716=FACE_OUTER_BOUND('',#1082,.T.);
#717=FACE_OUTER_BOUND('',#1083,.T.);
#718=FACE_OUTER_BOUND('',#1084,.T.);
#719=FACE_OUTER_BOUND('',#1085,.T.);
#720=FACE_OUTER_BOUND('',#1086,.T.);
#721=FACE_OUTER_BOUND('',#1087,.T.);
#722=FACE_OUTER_BOUND('',#1088,.T.);
#723=FACE_OUTER_BOUND('',#1089,.T.);
#724=FACE_OUTER_BOUND('',#1090,.T.);
#725=FACE_OUTER_BOUND('',#1091,.T.);
#726=FACE_OUTER_BOUND('',#1092,.T.);
#727=FACE_OUTER_BOUND('',#1093,.T.);
#728=FACE_OUTER_BOUND('',#1094,.T.);
#729=FACE_OUTER_BOUND('',#1095,.T.);
#730=FACE_OUTER_BOUND('',#1096,.T.);
#731=FACE_OUTER_BOUND('',#1097,.T.);
#732=FACE_OUTER_BOUND('',#1098,.T.);
#733=FACE_OUTER_BOUND('',#1099,.T.);
#734=FACE_OUTER_BOUND('',#1100,.T.);
#735=FACE_OUTER_BOUND('',#1101,.T.);
#736=FACE_OUTER_BOUND('',#1102,.T.);
#737=FACE_OUTER_BOUND('',#1103,.T.);
#738=FACE_OUTER_BOUND('',#1104,.T.);
#739=FACE_OUTER_BOUND('',#1105,.T.);
#740=FACE_OUTER_BOUND('',#1106,.T.);
#741=FACE_OUTER_BOUND('',#1107,.T.);
#742=FACE_OUTER_BOUND('',#1108,.T.);
#743=FACE_OUTER_BOUND('',#1109,.T.);
#744=FACE_OUTER_BOUND('',#1110,.T.);
#745=FACE_OUTER_BOUND('',#1111,.T.);
#746=FACE_OUTER_BOUND('',#1112,.T.);
#747=FACE_OUTER_BOUND('',#1113,.T.);
#748=FACE_OUTER_BOUND('',#1114,.T.);
#749=FACE_OUTER_BOUND('',#1115,.T.);
#750=FACE_OUTER_BOUND('',#1116,.T.);
#751=FACE_OUTER_BOUND('',#1117,.T.);
#752=FACE_OUTER_BOUND('',#1118,.T.);
#753=FACE_OUTER_BOUND('',#1119,.T.);
#754=FACE_OUTER_BOUND('',#1120,.T.);
#755=FACE_OUTER_BOUND('',#1121,.T.);
#756=FACE_OUTER_BOUND('',#1122,.T.);
#757=FACE_OUTER_BOUND('',#1123,.T.);
#758=FACE_OUTER_BOUND('',#1124,.T.);
#759=FACE_OUTER_BOUND('',#1125,.T.);
#760=FACE_OUTER_BOUND('',#1126,.T.);
#761=FACE_OUTER_BOUND('',#1127,.T.);
#762=FACE_OUTER_BOUND('',#1128,.T.);
#763=FACE_OUTER_BOUND('',#1129,.T.);
#764=FACE_OUTER_BOUND('',#1130,.T.);
#765=FACE_OUTER_BOUND('',#1131,.T.);
#766=FACE_OUTER_BOUND('',#1132,.T.);
#767=FACE_OUTER_BOUND('',#1133,.T.);
#768=FACE_OUTER_BOUND('',#1134,.T.);
#769=FACE_OUTER_BOUND('',#1135,.T.);
#770=FACE_OUTER_BOUND('',#1136,.T.);
#771=FACE_OUTER_BOUND('',#1137,.T.);
#772=FACE_OUTER_BOUND('',#1138,.T.);
#773=FACE_OUTER_BOUND('',#1139,.T.);
#774=FACE_OUTER_BOUND('',#1140,.T.);
#775=FACE_OUTER_BOUND('',#1142,.T.);
#776=FACE_OUTER_BOUND('',#1143,.T.);
#777=FACE_OUTER_BOUND('',#1144,.T.);
#778=FACE_OUTER_BOUND('',#1145,.T.);
#779=FACE_OUTER_BOUND('',#1146,.T.);
#780=FACE_OUTER_BOUND('',#1147,.T.);
#781=FACE_OUTER_BOUND('',#1148,.T.);
#782=FACE_OUTER_BOUND('',#1149,.T.);
#783=FACE_OUTER_BOUND('',#1150,.T.);
#784=FACE_OUTER_BOUND('',#1151,.T.);
#785=FACE_OUTER_BOUND('',#1152,.T.);
#786=FACE_OUTER_BOUND('',#1153,.T.);
#787=FACE_OUTER_BOUND('',#1154,.T.);
#788=FACE_OUTER_BOUND('',#1155,.T.);
#789=FACE_OUTER_BOUND('',#1156,.T.);
#790=FACE_OUTER_BOUND('',#1157,.T.);
#791=FACE_OUTER_BOUND('',#1158,.T.);
#792=FACE_OUTER_BOUND('',#1159,.T.);
#793=FACE_OUTER_BOUND('',#1160,.T.);
#794=FACE_OUTER_BOUND('',#1161,.T.);
#795=FACE_OUTER_BOUND('',#1162,.T.);
#796=FACE_OUTER_BOUND('',#1163,.T.);
#797=FACE_OUTER_BOUND('',#1164,.T.);
#798=FACE_OUTER_BOUND('',#1165,.T.);
#799=FACE_OUTER_BOUND('',#1166,.T.);
#800=FACE_OUTER_BOUND('',#1167,.T.);
#801=FACE_OUTER_BOUND('',#1168,.T.);
#802=FACE_OUTER_BOUND('',#1169,.T.);
#803=FACE_OUTER_BOUND('',#1170,.T.);
#804=FACE_OUTER_BOUND('',#1171,.T.);
#805=FACE_OUTER_BOUND('',#1172,.T.);
#806=FACE_OUTER_BOUND('',#1173,.T.);
#807=FACE_OUTER_BOUND('',#1174,.T.);
#808=FACE_OUTER_BOUND('',#1175,.T.);
#809=FACE_OUTER_BOUND('',#1176,.T.);
#810=FACE_OUTER_BOUND('',#1177,.T.);
#811=FACE_OUTER_BOUND('',#1178,.T.);
#812=FACE_OUTER_BOUND('',#1179,.T.);
#813=FACE_OUTER_BOUND('',#1180,.T.);
#814=FACE_OUTER_BOUND('',#1181,.T.);
#815=FACE_OUTER_BOUND('',#1182,.T.);
#816=FACE_OUTER_BOUND('',#1183,.T.);
#817=FACE_OUTER_BOUND('',#1184,.T.);
#818=FACE_OUTER_BOUND('',#1185,.T.);
#819=FACE_OUTER_BOUND('',#1186,.T.);
#820=FACE_OUTER_BOUND('',#1187,.T.);
#821=FACE_OUTER_BOUND('',#1188,.T.);
#822=FACE_OUTER_BOUND('',#1189,.T.);
#823=FACE_OUTER_BOUND('',#1190,.T.);
#824=FACE_OUTER_BOUND('',#1191,.T.);
#825=FACE_OUTER_BOUND('',#1192,.T.);
#826=FACE_OUTER_BOUND('',#1193,.T.);
#827=FACE_OUTER_BOUND('',#1194,.T.);
#828=FACE_OUTER_BOUND('',#1195,.T.);
#829=FACE_OUTER_BOUND('',#1196,.T.);
#830=FACE_OUTER_BOUND('',#1197,.T.);
#831=FACE_OUTER_BOUND('',#1198,.T.);
#832=FACE_OUTER_BOUND('',#1199,.T.);
#833=FACE_OUTER_BOUND('',#1200,.T.);
#834=FACE_OUTER_BOUND('',#1201,.T.);
#835=FACE_OUTER_BOUND('',#1202,.T.);
#836=FACE_OUTER_BOUND('',#1203,.T.);
#837=FACE_OUTER_BOUND('',#1204,.T.);
#838=FACE_OUTER_BOUND('',#1205,.T.);
#839=FACE_OUTER_BOUND('',#1206,.T.);
#840=FACE_OUTER_BOUND('',#1208,.T.);
#841=FACE_OUTER_BOUND('',#1210,.T.);
#842=FACE_OUTER_BOUND('',#1211,.T.);
#843=FACE_OUTER_BOUND('',#1212,.T.);
#844=FACE_OUTER_BOUND('',#1213,.T.);
#845=FACE_OUTER_BOUND('',#1214,.T.);
#846=FACE_OUTER_BOUND('',#1215,.T.);
#847=FACE_OUTER_BOUND('',#1216,.T.);
#848=FACE_OUTER_BOUND('',#1217,.T.);
#849=FACE_OUTER_BOUND('',#1218,.T.);
#850=FACE_OUTER_BOUND('',#1219,.T.);
#851=FACE_OUTER_BOUND('',#1220,.T.);
#852=FACE_OUTER_BOUND('',#1221,.T.);
#853=FACE_OUTER_BOUND('',#1222,.T.);
#854=FACE_OUTER_BOUND('',#1223,.T.);
#855=FACE_OUTER_BOUND('',#1224,.T.);
#856=FACE_OUTER_BOUND('',#1225,.T.);
#857=FACE_OUTER_BOUND('',#1226,.T.);
#858=FACE_OUTER_BOUND('',#1227,.T.);
#859=FACE_OUTER_BOUND('',#1228,.T.);
#860=FACE_OUTER_BOUND('',#1229,.T.);
#861=FACE_OUTER_BOUND('',#1231,.T.);
#862=FACE_OUTER_BOUND('',#1232,.T.);
#863=FACE_OUTER_BOUND('',#1233,.T.);
#864=FACE_OUTER_BOUND('',#1234,.T.);
#865=FACE_OUTER_BOUND('',#1236,.T.);
#866=FACE_OUTER_BOUND('',#1237,.T.);
#867=FACE_OUTER_BOUND('',#1238,.T.);
#868=FACE_OUTER_BOUND('',#1239,.T.);
#869=FACE_OUTER_BOUND('',#1240,.T.);
#870=FACE_OUTER_BOUND('',#1241,.T.);
#871=FACE_OUTER_BOUND('',#1246,.T.);
#872=EDGE_LOOP('',(#3963,#3964,#3965));
#873=EDGE_LOOP('',(#3966));
#874=EDGE_LOOP('',(#3967,#3968,#3969,#3970,#3971,#3972,#3973,#3974));
#875=EDGE_LOOP('',(#3975));
#876=EDGE_LOOP('',(#3976));
#877=EDGE_LOOP('',(#3977,#3978,#3979,#3980,#3981,#3982,#3983));
#878=EDGE_LOOP('',(#3984,#3985,#3986,#3987,#3988,#3989,#3990,#3991));
#879=EDGE_LOOP('',(#3992));
#880=EDGE_LOOP('',(#3993));
#881=EDGE_LOOP('',(#3994));
#882=EDGE_LOOP('',(#3995));
#883=EDGE_LOOP('',(#3996,#3997,#3998,#3999,#4000,#4001,#4002));
#884=EDGE_LOOP('',(#4003,#4004,#4005,#4006,#4007,#4008,#4009,#4010,#4011,
#4012,#4013,#4014));
#885=EDGE_LOOP('',(#4015,#4016,#4017,#4018,#4019,#4020,#4021));
#886=EDGE_LOOP('',(#4022,#4023,#4024,#4025,#4026,#4027));
#887=EDGE_LOOP('',(#4028,#4029,#4030,#4031,#4032,#4033));
#888=EDGE_LOOP('',(#4034,#4035,#4036,#4037,#4038,#4039));
#889=EDGE_LOOP('',(#4040,#4041,#4042,#4043,#4044,#4045,#4046));
#890=EDGE_LOOP('',(#4047,#4048,#4049,#4050));
#891=EDGE_LOOP('',(#4051,#4052,#4053,#4054));
#892=EDGE_LOOP('',(#4055,#4056,#4057,#4058,#4059,#4060,#4061,#4062,#4063,
#4064,#4065,#4066));
#893=EDGE_LOOP('',(#4067,#4068,#4069,#4070,#4071,#4072));
#894=EDGE_LOOP('',(#4073,#4074,#4075,#4076,#4077,#4078,#4079,#4080,#4081,
#4082,#4083,#4084,#4085,#4086,#4087,#4088,#4089,#4090));
#895=EDGE_LOOP('',(#4091,#4092,#4093,#4094));
#896=EDGE_LOOP('',(#4095,#4096,#4097,#4098));
#897=EDGE_LOOP('',(#4099,#4100,#4101,#4102,#4103));
#898=EDGE_LOOP('',(#4104));
#899=EDGE_LOOP('',(#4105,#4106,#4107,#4108));
#900=EDGE_LOOP('',(#4109,#4110,#4111,#4112,#4113,#4114));
#901=EDGE_LOOP('',(#4115,#4116,#4117,#4118));
#902=EDGE_LOOP('',(#4119,#4120,#4121,#4122,#4123));
#903=EDGE_LOOP('',(#4124));
#904=EDGE_LOOP('',(#4125,#4126,#4127,#4128,#4129,#4130,#4131,#4132,#4133,
#4134,#4135,#4136,#4137,#4138,#4139,#4140,#4141,#4142));
#905=EDGE_LOOP('',(#4143));
#906=EDGE_LOOP('',(#4144));
#907=EDGE_LOOP('',(#4145,#4146,#4147,#4148,#4149,#4150,#4151,#4152));
#908=EDGE_LOOP('',(#4153,#4154,#4155,#4156,#4157,#4158,#4159,#4160));
#909=EDGE_LOOP('',(#4161,#4162,#4163,#4164));
#910=EDGE_LOOP('',(#4165,#4166,#4167,#4168));
#911=EDGE_LOOP('',(#4169,#4170,#4171,#4172,#4173,#4174,#4175,#4176,#4177,
#4178,#4179,#4180));
#912=EDGE_LOOP('',(#4181,#4182,#4183,#4184));
#913=EDGE_LOOP('',(#4185,#4186,#4187,#4188));
#914=EDGE_LOOP('',(#4189,#4190,#4191,#4192));
#915=EDGE_LOOP('',(#4193,#4194,#4195,#4196,#4197,#4198));
#916=EDGE_LOOP('',(#4199,#4200,#4201,#4202));
#917=EDGE_LOOP('',(#4203,#4204,#4205,#4206,#4207,#4208,#4209,#4210,#4211,
#4212,#4213,#4214,#4215,#4216,#4217,#4218,#4219,#4220,#4221,#4222,#4223,
#4224));
#918=EDGE_LOOP('',(#4225,#4226,#4227,#4228,#4229,#4230,#4231,#4232,#4233,
#4234,#4235,#4236,#4237,#4238,#4239));
#919=EDGE_LOOP('',(#4240,#4241,#4242,#4243,#4244,#4245,#4246,#4247,#4248,
#4249,#4250,#4251,#4252,#4253,#4254,#4255,#4256,#4257,#4258,#4259,#4260,
#4261,#4262,#4263,#4264,#4265,#4266,#4267,#4268,#4269,#4270,#4271,#4272,
#4273));
#920=EDGE_LOOP('',(#4274,#4275,#4276,#4277,#4278,#4279,#4280,#4281,#4282,
#4283,#4284,#4285,#4286));
#921=EDGE_LOOP('',(#4287,#4288,#4289,#4290,#4291,#4292,#4293,#4294,#4295));
#922=EDGE_LOOP('',(#4296,#4297,#4298,#4299,#4300,#4301,#4302,#4303));
#923=EDGE_LOOP('',(#4304,#4305,#4306,#4307,#4308,#4309,#4310,#4311,#4312,
#4313,#4314,#4315,#4316,#4317,#4318,#4319,#4320,#4321,#4322,#4323,#4324,
#4325,#4326,#4327,#4328,#4329,#4330,#4331));
#924=EDGE_LOOP('',(#4332,#4333,#4334,#4335));
#925=EDGE_LOOP('',(#4336,#4337,#4338,#4339));
#926=EDGE_LOOP('',(#4340,#4341,#4342));
#927=EDGE_LOOP('',(#4343,#4344,#4345,#4346,#4347,#4348,#4349,#4350,#4351,
#4352,#4353,#4354));
#928=EDGE_LOOP('',(#4355,#4356,#4357,#4358,#4359,#4360));
#929=EDGE_LOOP('',(#4361,#4362,#4363,#4364,#4365,#4366,#4367,#4368,#4369,
#4370,#4371,#4372));
#930=EDGE_LOOP('',(#4373,#4374,#4375,#4376));
#931=EDGE_LOOP('',(#4377,#4378,#4379,#4380));
#932=EDGE_LOOP('',(#4381,#4382,#4383,#4384));
#933=EDGE_LOOP('',(#4385,#4386,#4387));
#934=EDGE_LOOP('',(#4388,#4389,#4390,#4391));
#935=EDGE_LOOP('',(#4392,#4393,#4394,#4395));
#936=EDGE_LOOP('',(#4396,#4397,#4398,#4399));
#937=EDGE_LOOP('',(#4400,#4401,#4402,#4403));
#938=EDGE_LOOP('',(#4404,#4405,#4406,#4407));
#939=EDGE_LOOP('',(#4408,#4409,#4410,#4411,#4412));
#940=EDGE_LOOP('',(#4413,#4414,#4415,#4416));
#941=EDGE_LOOP('',(#4417,#4418,#4419,#4420));
#942=EDGE_LOOP('',(#4421,#4422,#4423,#4424));
#943=EDGE_LOOP('',(#4425,#4426,#4427));
#944=EDGE_LOOP('',(#4428,#4429,#4430,#4431));
#945=EDGE_LOOP('',(#4432,#4433,#4434,#4435));
#946=EDGE_LOOP('',(#4436,#4437,#4438,#4439));
#947=EDGE_LOOP('',(#4440,#4441,#4442,#4443));
#948=EDGE_LOOP('',(#4444,#4445,#4446,#4447));
#949=EDGE_LOOP('',(#4448,#4449,#4450,#4451,#4452));
#950=EDGE_LOOP('',(#4453,#4454,#4455,#4456));
#951=EDGE_LOOP('',(#4457,#4458,#4459,#4460));
#952=EDGE_LOOP('',(#4461,#4462,#4463,#4464));
#953=EDGE_LOOP('',(#4465,#4466,#4467,#4468));
#954=EDGE_LOOP('',(#4469,#4470,#4471,#4472));
#955=EDGE_LOOP('',(#4473,#4474,#4475,#4476));
#956=EDGE_LOOP('',(#4477,#4478,#4479,#4480));
#957=EDGE_LOOP('',(#4481,#4482,#4483,#4484));
#958=EDGE_LOOP('',(#4485,#4486,#4487,#4488));
#959=EDGE_LOOP('',(#4489,#4490,#4491,#4492));
#960=EDGE_LOOP('',(#4493,#4494,#4495,#4496));
#961=EDGE_LOOP('',(#4497,#4498,#4499,#4500));
#962=EDGE_LOOP('',(#4501,#4502,#4503,#4504));
#963=EDGE_LOOP('',(#4505,#4506,#4507,#4508));
#964=EDGE_LOOP('',(#4509,#4510,#4511,#4512));
#965=EDGE_LOOP('',(#4513,#4514,#4515,#4516));
#966=EDGE_LOOP('',(#4517,#4518,#4519,#4520));
#967=EDGE_LOOP('',(#4521,#4522,#4523,#4524));
#968=EDGE_LOOP('',(#4525,#4526,#4527,#4528));
#969=EDGE_LOOP('',(#4529,#4530,#4531,#4532));
#970=EDGE_LOOP('',(#4533,#4534,#4535,#4536));
#971=EDGE_LOOP('',(#4537,#4538,#4539,#4540));
#972=EDGE_LOOP('',(#4541,#4542,#4543,#4544));
#973=EDGE_LOOP('',(#4545,#4546,#4547,#4548));
#974=EDGE_LOOP('',(#4549,#4550,#4551,#4552));
#975=EDGE_LOOP('',(#4553,#4554,#4555,#4556));
#976=EDGE_LOOP('',(#4557,#4558,#4559,#4560));
#977=EDGE_LOOP('',(#4561,#4562,#4563,#4564,#4565,#4566,#4567,#4568,#4569,
#4570,#4571,#4572,#4573,#4574,#4575,#4576,#4577,#4578,#4579,#4580,#4581,
#4582));
#978=EDGE_LOOP('',(#4583,#4584,#4585,#4586));
#979=EDGE_LOOP('',(#4587,#4588,#4589,#4590));
#980=EDGE_LOOP('',(#4591,#4592,#4593,#4594));
#981=EDGE_LOOP('',(#4595,#4596,#4597,#4598));
#982=EDGE_LOOP('',(#4599,#4600,#4601,#4602));
#983=EDGE_LOOP('',(#4603,#4604,#4605,#4606));
#984=EDGE_LOOP('',(#4607,#4608,#4609,#4610));
#985=EDGE_LOOP('',(#4611,#4612,#4613,#4614));
#986=EDGE_LOOP('',(#4615,#4616,#4617,#4618));
#987=EDGE_LOOP('',(#4619,#4620,#4621,#4622));
#988=EDGE_LOOP('',(#4623,#4624,#4625,#4626));
#989=EDGE_LOOP('',(#4627,#4628,#4629,#4630));
#990=EDGE_LOOP('',(#4631,#4632,#4633,#4634));
#991=EDGE_LOOP('',(#4635,#4636,#4637,#4638));
#992=EDGE_LOOP('',(#4639,#4640,#4641,#4642));
#993=EDGE_LOOP('',(#4643,#4644,#4645,#4646,#4647,#4648,#4649,#4650,#4651,
#4652,#4653,#4654,#4655,#4656,#4657));
#994=EDGE_LOOP('',(#4658,#4659,#4660,#4661));
#995=EDGE_LOOP('',(#4662,#4663,#4664,#4665));
#996=EDGE_LOOP('',(#4666,#4667,#4668,#4669));
#997=EDGE_LOOP('',(#4670,#4671,#4672,#4673));
#998=EDGE_LOOP('',(#4674,#4675,#4676,#4677));
#999=EDGE_LOOP('',(#4678,#4679,#4680,#4681));
#1000=EDGE_LOOP('',(#4682,#4683,#4684,#4685));
#1001=EDGE_LOOP('',(#4686,#4687,#4688,#4689));
#1002=EDGE_LOOP('',(#4690,#4691,#4692,#4693));
#1003=EDGE_LOOP('',(#4694,#4695,#4696,#4697));
#1004=EDGE_LOOP('',(#4698,#4699,#4700,#4701));
#1005=EDGE_LOOP('',(#4702,#4703,#4704,#4705));
#1006=EDGE_LOOP('',(#4706,#4707,#4708,#4709));
#1007=EDGE_LOOP('',(#4710,#4711,#4712,#4713));
#1008=EDGE_LOOP('',(#4714,#4715,#4716,#4717));
#1009=EDGE_LOOP('',(#4718,#4719,#4720,#4721));
#1010=EDGE_LOOP('',(#4722,#4723,#4724,#4725));
#1011=EDGE_LOOP('',(#4726,#4727,#4728,#4729));
#1012=EDGE_LOOP('',(#4730,#4731,#4732,#4733));
#1013=EDGE_LOOP('',(#4734,#4735,#4736,#4737));
#1014=EDGE_LOOP('',(#4738,#4739,#4740,#4741));
#1015=EDGE_LOOP('',(#4742,#4743,#4744,#4745));
#1016=EDGE_LOOP('',(#4746,#4747,#4748,#4749));
#1017=EDGE_LOOP('',(#4750,#4751,#4752,#4753));
#1018=EDGE_LOOP('',(#4754,#4755,#4756,#4757));
#1019=EDGE_LOOP('',(#4758,#4759,#4760,#4761));
#1020=EDGE_LOOP('',(#4762,#4763,#4764,#4765));
#1021=EDGE_LOOP('',(#4766,#4767,#4768,#4769));
#1022=EDGE_LOOP('',(#4770,#4771,#4772,#4773));
#1023=EDGE_LOOP('',(#4774,#4775,#4776,#4777));
#1024=EDGE_LOOP('',(#4778,#4779,#4780,#4781));
#1025=EDGE_LOOP('',(#4782,#4783,#4784,#4785));
#1026=EDGE_LOOP('',(#4786,#4787,#4788,#4789));
#1027=EDGE_LOOP('',(#4790,#4791,#4792,#4793));
#1028=EDGE_LOOP('',(#4794,#4795,#4796,#4797,#4798,#4799,#4800,#4801,#4802,
#4803,#4804,#4805,#4806,#4807,#4808,#4809,#4810,#4811,#4812,#4813,#4814,
#4815,#4816,#4817,#4818,#4819,#4820,#4821,#4822,#4823,#4824,#4825,#4826,
#4827));
#1029=EDGE_LOOP('',(#4828,#4829,#4830,#4831));
#1030=EDGE_LOOP('',(#4832,#4833,#4834,#4835));
#1031=EDGE_LOOP('',(#4836,#4837,#4838,#4839));
#1032=EDGE_LOOP('',(#4840,#4841,#4842,#4843));
#1033=EDGE_LOOP('',(#4844,#4845,#4846,#4847));
#1034=EDGE_LOOP('',(#4848,#4849,#4850,#4851));
#1035=EDGE_LOOP('',(#4852,#4853,#4854,#4855));
#1036=EDGE_LOOP('',(#4856,#4857,#4858,#4859));
#1037=EDGE_LOOP('',(#4860,#4861,#4862,#4863));
#1038=EDGE_LOOP('',(#4864,#4865,#4866,#4867));
#1039=EDGE_LOOP('',(#4868,#4869,#4870,#4871));
#1040=EDGE_LOOP('',(#4872,#4873,#4874,#4875));
#1041=EDGE_LOOP('',(#4876,#4877,#4878,#4879));
#1042=EDGE_LOOP('',(#4880,#4881,#4882,#4883));
#1043=EDGE_LOOP('',(#4884,#4885,#4886,#4887));
#1044=EDGE_LOOP('',(#4888,#4889,#4890,#4891));
#1045=EDGE_LOOP('',(#4892,#4893,#4894,#4895));
#1046=EDGE_LOOP('',(#4896,#4897,#4898,#4899));
#1047=EDGE_LOOP('',(#4900,#4901,#4902,#4903));
#1048=EDGE_LOOP('',(#4904,#4905,#4906,#4907));
#1049=EDGE_LOOP('',(#4908,#4909,#4910,#4911));
#1050=EDGE_LOOP('',(#4912,#4913,#4914,#4915));
#1051=EDGE_LOOP('',(#4916,#4917,#4918,#4919));
#1052=EDGE_LOOP('',(#4920,#4921,#4922,#4923));
#1053=EDGE_LOOP('',(#4924,#4925,#4926,#4927));
#1054=EDGE_LOOP('',(#4928,#4929,#4930,#4931,#4932,#4933,#4934,#4935,#4936,
#4937,#4938,#4939,#4940));
#1055=EDGE_LOOP('',(#4941,#4942,#4943,#4944,#4945,#4946,#4947,#4948,#4949,
#4950,#4951,#4952));
#1056=EDGE_LOOP('',(#4953,#4954,#4955,#4956));
#1057=EDGE_LOOP('',(#4957,#4958,#4959,#4960));
#1058=EDGE_LOOP('',(#4961,#4962,#4963,#4964));
#1059=EDGE_LOOP('',(#4965,#4966,#4967,#4968));
#1060=EDGE_LOOP('',(#4969,#4970,#4971,#4972));
#1061=EDGE_LOOP('',(#4973,#4974,#4975,#4976));
#1062=EDGE_LOOP('',(#4977,#4978,#4979,#4980));
#1063=EDGE_LOOP('',(#4981,#4982,#4983,#4984));
#1064=EDGE_LOOP('',(#4985,#4986,#4987,#4988));
#1065=EDGE_LOOP('',(#4989,#4990,#4991,#4992));
#1066=EDGE_LOOP('',(#4993,#4994,#4995,#4996));
#1067=EDGE_LOOP('',(#4997,#4998,#4999,#5000));
#1068=EDGE_LOOP('',(#5001,#5002,#5003,#5004));
#1069=EDGE_LOOP('',(#5005,#5006,#5007,#5008));
#1070=EDGE_LOOP('',(#5009,#5010,#5011,#5012));
#1071=EDGE_LOOP('',(#5013,#5014,#5015,#5016));
#1072=EDGE_LOOP('',(#5017,#5018,#5019,#5020));
#1073=EDGE_LOOP('',(#5021,#5022,#5023,#5024));
#1074=EDGE_LOOP('',(#5025,#5026,#5027,#5028,#5029,#5030,#5031,#5032,#5033));
#1075=EDGE_LOOP('',(#5034,#5035,#5036,#5037,#5038,#5039,#5040,#5041,#5042));
#1076=EDGE_LOOP('',(#5043,#5044,#5045,#5046));
#1077=EDGE_LOOP('',(#5047,#5048,#5049,#5050));
#1078=EDGE_LOOP('',(#5051,#5052,#5053,#5054));
#1079=EDGE_LOOP('',(#5055,#5056,#5057,#5058));
#1080=EDGE_LOOP('',(#5059,#5060,#5061,#5062));
#1081=EDGE_LOOP('',(#5063,#5064,#5065,#5066));
#1082=EDGE_LOOP('',(#5067,#5068,#5069,#5070));
#1083=EDGE_LOOP('',(#5071,#5072,#5073,#5074));
#1084=EDGE_LOOP('',(#5075,#5076,#5077,#5078,#5079,#5080,#5081,#5082));
#1085=EDGE_LOOP('',(#5083,#5084,#5085,#5086));
#1086=EDGE_LOOP('',(#5087,#5088,#5089,#5090));
#1087=EDGE_LOOP('',(#5091,#5092,#5093,#5094));
#1088=EDGE_LOOP('',(#5095,#5096,#5097,#5098));
#1089=EDGE_LOOP('',(#5099,#5100,#5101,#5102));
#1090=EDGE_LOOP('',(#5103,#5104,#5105,#5106));
#1091=EDGE_LOOP('',(#5107,#5108,#5109,#5110));
#1092=EDGE_LOOP('',(#5111,#5112,#5113,#5114));
#1093=EDGE_LOOP('',(#5115,#5116,#5117,#5118));
#1094=EDGE_LOOP('',(#5119,#5120,#5121,#5122));
#1095=EDGE_LOOP('',(#5123,#5124,#5125,#5126));
#1096=EDGE_LOOP('',(#5127,#5128,#5129,#5130));
#1097=EDGE_LOOP('',(#5131,#5132,#5133,#5134));
#1098=EDGE_LOOP('',(#5135,#5136,#5137,#5138));
#1099=EDGE_LOOP('',(#5139,#5140,#5141,#5142));
#1100=EDGE_LOOP('',(#5143,#5144,#5145,#5146));
#1101=EDGE_LOOP('',(#5147,#5148,#5149,#5150));
#1102=EDGE_LOOP('',(#5151,#5152,#5153,#5154));
#1103=EDGE_LOOP('',(#5155,#5156,#5157,#5158));
#1104=EDGE_LOOP('',(#5159,#5160,#5161,#5162));
#1105=EDGE_LOOP('',(#5163,#5164,#5165,#5166));
#1106=EDGE_LOOP('',(#5167,#5168,#5169,#5170));
#1107=EDGE_LOOP('',(#5171,#5172,#5173,#5174));
#1108=EDGE_LOOP('',(#5175,#5176,#5177,#5178));
#1109=EDGE_LOOP('',(#5179,#5180,#5181,#5182));
#1110=EDGE_LOOP('',(#5183,#5184,#5185,#5186));
#1111=EDGE_LOOP('',(#5187,#5188,#5189,#5190));
#1112=EDGE_LOOP('',(#5191,#5192,#5193,#5194));
#1113=EDGE_LOOP('',(#5195,#5196,#5197,#5198,#5199,#5200,#5201,#5202,#5203,
#5204,#5205,#5206,#5207,#5208,#5209,#5210,#5211,#5212,#5213,#5214,#5215,
#5216,#5217,#5218,#5219,#5220,#5221,#5222));
#1114=EDGE_LOOP('',(#5223,#5224,#5225,#5226,#5227,#5228,#5229,#5230,#5231));
#1115=EDGE_LOOP('',(#5232,#5233,#5234,#5235,#5236,#5237,#5238,#5239,#5240,
#5241,#5242,#5243));
#1116=EDGE_LOOP('',(#5244,#5245,#5246,#5247));
#1117=EDGE_LOOP('',(#5248,#5249,#5250,#5251));
#1118=EDGE_LOOP('',(#5252,#5253,#5254,#5255));
#1119=EDGE_LOOP('',(#5256,#5257,#5258,#5259));
#1120=EDGE_LOOP('',(#5260,#5261,#5262,#5263));
#1121=EDGE_LOOP('',(#5264,#5265,#5266,#5267));
#1122=EDGE_LOOP('',(#5268,#5269,#5270,#5271));
#1123=EDGE_LOOP('',(#5272,#5273,#5274,#5275));
#1124=EDGE_LOOP('',(#5276,#5277,#5278,#5279));
#1125=EDGE_LOOP('',(#5280,#5281,#5282,#5283));
#1126=EDGE_LOOP('',(#5284,#5285,#5286,#5287));
#1127=EDGE_LOOP('',(#5288,#5289,#5290,#5291));
#1128=EDGE_LOOP('',(#5292,#5293,#5294,#5295));
#1129=EDGE_LOOP('',(#5296,#5297,#5298,#5299));
#1130=EDGE_LOOP('',(#5300,#5301,#5302,#5303));
#1131=EDGE_LOOP('',(#5304,#5305,#5306,#5307));
#1132=EDGE_LOOP('',(#5308,#5309,#5310,#5311));
#1133=EDGE_LOOP('',(#5312,#5313,#5314,#5315));
#1134=EDGE_LOOP('',(#5316,#5317,#5318,#5319));
#1135=EDGE_LOOP('',(#5320,#5321,#5322,#5323));
#1136=EDGE_LOOP('',(#5324,#5325,#5326,#5327));
#1137=EDGE_LOOP('',(#5328,#5329,#5330,#5331));
#1138=EDGE_LOOP('',(#5332,#5333,#5334,#5335));
#1139=EDGE_LOOP('',(#5336,#5337,#5338,#5339));
#1140=EDGE_LOOP('',(#5340,#5341,#5342,#5343,#5344,#5345,#5346,#5347,#5348,
#5349,#5350,#5351));
#1141=EDGE_LOOP('',(#5352,#5353,#5354,#5355,#5356,#5357,#5358,#5359,#5360,
#5361,#5362,#5363));
#1142=EDGE_LOOP('',(#5364,#5365,#5366,#5367));
#1143=EDGE_LOOP('',(#5368,#5369,#5370,#5371));
#1144=EDGE_LOOP('',(#5372,#5373,#5374,#5375));
#1145=EDGE_LOOP('',(#5376,#5377,#5378,#5379));
#1146=EDGE_LOOP('',(#5380,#5381,#5382,#5383));
#1147=EDGE_LOOP('',(#5384,#5385,#5386,#5387));
#1148=EDGE_LOOP('',(#5388,#5389,#5390,#5391,#5392,#5393));
#1149=EDGE_LOOP('',(#5394,#5395,#5396,#5397));
#1150=EDGE_LOOP('',(#5398,#5399,#5400,#5401));
#1151=EDGE_LOOP('',(#5402,#5403,#5404,#5405));
#1152=EDGE_LOOP('',(#5406,#5407,#5408,#5409));
#1153=EDGE_LOOP('',(#5410,#5411,#5412,#5413));
#1154=EDGE_LOOP('',(#5414,#5415,#5416,#5417));
#1155=EDGE_LOOP('',(#5418,#5419,#5420,#5421));
#1156=EDGE_LOOP('',(#5422,#5423,#5424,#5425));
#1157=EDGE_LOOP('',(#5426,#5427,#5428,#5429));
#1158=EDGE_LOOP('',(#5430,#5431,#5432,#5433));
#1159=EDGE_LOOP('',(#5434,#5435,#5436,#5437));
#1160=EDGE_LOOP('',(#5438,#5439,#5440,#5441));
#1161=EDGE_LOOP('',(#5442,#5443,#5444,#5445,#5446,#5447,#5448,#5449,#5450,
#5451,#5452,#5453));
#1162=EDGE_LOOP('',(#5454,#5455,#5456,#5457,#5458,#5459,#5460,#5461,#5462,
#5463,#5464,#5465));
#1163=EDGE_LOOP('',(#5466,#5467,#5468,#5469));
#1164=EDGE_LOOP('',(#5470,#5471,#5472,#5473));
#1165=EDGE_LOOP('',(#5474,#5475,#5476,#5477));
#1166=EDGE_LOOP('',(#5478,#5479,#5480));
#1167=EDGE_LOOP('',(#5481,#5482,#5483,#5484));
#1168=EDGE_LOOP('',(#5485));
#1169=EDGE_LOOP('',(#5486,#5487,#5488,#5489));
#1170=EDGE_LOOP('',(#5490));
#1171=EDGE_LOOP('',(#5491,#5492,#5493,#5494,#5495,#5496));
#1172=EDGE_LOOP('',(#5497));
#1173=EDGE_LOOP('',(#5498,#5499,#5500,#5501,#5502,#5503));
#1174=EDGE_LOOP('',(#5504));
#1175=EDGE_LOOP('',(#5505,#5506,#5507,#5508));
#1176=EDGE_LOOP('',(#5509,#5510,#5511,#5512));
#1177=EDGE_LOOP('',(#5513,#5514,#5515,#5516,#5517));
#1178=EDGE_LOOP('',(#5518,#5519,#5520,#5521));
#1179=EDGE_LOOP('',(#5522,#5523,#5524,#5525));
#1180=EDGE_LOOP('',(#5526,#5527,#5528,#5529));
#1181=EDGE_LOOP('',(#5530,#5531,#5532,#5533));
#1182=EDGE_LOOP('',(#5534,#5535,#5536,#5537));
#1183=EDGE_LOOP('',(#5538,#5539,#5540,#5541));
#1184=EDGE_LOOP('',(#5542,#5543,#5544,#5545));
#1185=EDGE_LOOP('',(#5546,#5547,#5548,#5549,#5550));
#1186=EDGE_LOOP('',(#5551,#5552,#5553,#5554));
#1187=EDGE_LOOP('',(#5555,#5556,#5557,#5558));
#1188=EDGE_LOOP('',(#5559,#5560,#5561,#5562));
#1189=EDGE_LOOP('',(#5563,#5564,#5565,#5566));
#1190=EDGE_LOOP('',(#5567,#5568,#5569,#5570));
#1191=EDGE_LOOP('',(#5571,#5572,#5573,#5574));
#1192=EDGE_LOOP('',(#5575,#5576,#5577,#5578));
#1193=EDGE_LOOP('',(#5579,#5580,#5581,#5582));
#1194=EDGE_LOOP('',(#5583,#5584,#5585,#5586));
#1195=EDGE_LOOP('',(#5587,#5588,#5589,#5590));
#1196=EDGE_LOOP('',(#5591,#5592,#5593,#5594));
#1197=EDGE_LOOP('',(#5595,#5596,#5597,#5598));
#1198=EDGE_LOOP('',(#5599,#5600,#5601,#5602));
#1199=EDGE_LOOP('',(#5603,#5604,#5605,#5606));
#1200=EDGE_LOOP('',(#5607,#5608,#5609,#5610));
#1201=EDGE_LOOP('',(#5611,#5612,#5613,#5614,#5615,#5616));
#1202=EDGE_LOOP('',(#5617,#5618,#5619,#5620,#5621,#5622));
#1203=EDGE_LOOP('',(#5623,#5624,#5625,#5626));
#1204=EDGE_LOOP('',(#5627,#5628,#5629,#5630));
#1205=EDGE_LOOP('',(#5631,#5632,#5633,#5634));
#1206=EDGE_LOOP('',(#5635));
#1207=EDGE_LOOP('',(#5636));
#1208=EDGE_LOOP('',(#5637));
#1209=EDGE_LOOP('',(#5638));
#1210=EDGE_LOOP('',(#5639,#5640,#5641,#5642,#5643,#5644));
#1211=EDGE_LOOP('',(#5645,#5646,#5647,#5648));
#1212=EDGE_LOOP('',(#5649,#5650,#5651,#5652));
#1213=EDGE_LOOP('',(#5653,#5654,#5655,#5656));
#1214=EDGE_LOOP('',(#5657,#5658,#5659,#5660,#5661,#5662,#5663));
#1215=EDGE_LOOP('',(#5664,#5665,#5666,#5667,#5668,#5669,#5670,#5671));
#1216=EDGE_LOOP('',(#5672,#5673,#5674,#5675,#5676,#5677,#5678));
#1217=EDGE_LOOP('',(#5679,#5680,#5681,#5682));
#1218=EDGE_LOOP('',(#5683,#5684,#5685,#5686));
#1219=EDGE_LOOP('',(#5687,#5688,#5689,#5690,#5691,#5692));
#1220=EDGE_LOOP('',(#5693,#5694,#5695,#5696));
#1221=EDGE_LOOP('',(#5697,#5698,#5699,#5700));
#1222=EDGE_LOOP('',(#5701,#5702,#5703,#5704));
#1223=EDGE_LOOP('',(#5705,#5706,#5707,#5708));
#1224=EDGE_LOOP('',(#5709,#5710,#5711,#5712));
#1225=EDGE_LOOP('',(#5713,#5714,#5715,#5716));
#1226=EDGE_LOOP('',(#5717,#5718,#5719,#5720));
#1227=EDGE_LOOP('',(#5721,#5722,#5723,#5724));
#1228=EDGE_LOOP('',(#5725,#5726,#5727,#5728));
#1229=EDGE_LOOP('',(#5729,#5730,#5731,#5732));
#1230=EDGE_LOOP('',(#5733));
#1231=EDGE_LOOP('',(#5734,#5735,#5736,#5737));
#1232=EDGE_LOOP('',(#5738,#5739,#5740,#5741));
#1233=EDGE_LOOP('',(#5742,#5743,#5744,#5745));
#1234=EDGE_LOOP('',(#5746,#5747,#5748,#5749));
#1235=EDGE_LOOP('',(#5750));
#1236=EDGE_LOOP('',(#5751,#5752,#5753,#5754));
#1237=EDGE_LOOP('',(#5755,#5756,#5757,#5758));
#1238=EDGE_LOOP('',(#5759,#5760,#5761,#5762));
#1239=EDGE_LOOP('',(#5763,#5764,#5765,#5766));
#1240=EDGE_LOOP('',(#5767,#5768,#5769,#5770));
#1241=EDGE_LOOP('',(#5771,#5772,#5773,#5774,#5775,#5776));
#1242=EDGE_LOOP('',(#5777,#5778,#5779,#5780,#5781,#5782,#5783,#5784));
#1243=EDGE_LOOP('',(#5785,#5786,#5787,#5788,#5789,#5790,#5791,#5792));
#1244=EDGE_LOOP('',(#5793,#5794,#5795,#5796,#5797,#5798,#5799,#5800));
#1245=EDGE_LOOP('',(#5801,#5802,#5803,#5804,#5805,#5806,#5807,#5808));
#1246=EDGE_LOOP('',(#5809,#5810,#5811,#5812,#5813,#5814,#5815,#5816));
#1247=LINE('',#7685,#1795);
#1248=LINE('',#7692,#1796);
#1249=LINE('',#7694,#1797);
#1250=LINE('',#7696,#1798);
#1251=LINE('',#7697,#1799);
#1252=LINE('',#7708,#1800);
#1253=LINE('',#7712,#1801);
#1254=LINE('',#7743,#1802);
#1255=LINE('',#7746,#1803);
#1256=LINE('',#7750,#1804);
#1257=LINE('',#7754,#1805);
#1258=LINE('',#7757,#1806);
#1259=LINE('',#7781,#1807);
#1260=LINE('',#7783,#1808);
#1261=LINE('',#7787,#1809);
#1262=LINE('',#7803,#1810);
#1263=LINE('',#7805,#1811);
#1264=LINE('',#7807,#1812);
#1265=LINE('',#7809,#1813);
#1266=LINE('',#7813,#1814);
#1267=LINE('',#7817,#1815);
#1268=LINE('',#7819,#1816);
#1269=LINE('',#7820,#1817);
#1270=LINE('',#7823,#1818);
#1271=LINE('',#7836,#1819);
#1272=LINE('',#7847,#1820);
#1273=LINE('',#7851,#1821);
#1274=LINE('',#7853,#1822);
#1275=LINE('',#7854,#1823);
#1276=LINE('',#7857,#1824);
#1277=LINE('',#7859,#1825);
#1278=LINE('',#7860,#1826);
#1279=LINE('',#7863,#1827);
#1280=LINE('',#7865,#1828);
#1281=LINE('',#7869,#1829);
#1282=LINE('',#7872,#1830);
#1283=LINE('',#7874,#1831);
#1284=LINE('',#7878,#1832);
#1285=LINE('',#7884,#1833);
#1286=LINE('',#7886,#1834);
#1287=LINE('',#7889,#1835);
#1288=LINE('',#7892,#1836);
#1289=LINE('',#7894,#1837);
#1290=LINE('',#7896,#1838);
#1291=LINE('',#7898,#1839);
#1292=LINE('',#7900,#1840);
#1293=LINE('',#7902,#1841);
#1294=LINE('',#7904,#1842);
#1295=LINE('',#7906,#1843);
#1296=LINE('',#7908,#1844);
#1297=LINE('',#7910,#1845);
#1298=LINE('',#7912,#1846);
#1299=LINE('',#7914,#1847);
#1300=LINE('',#7916,#1848);
#1301=LINE('',#7917,#1849);
#1302=LINE('',#7920,#1850);
#1303=LINE('',#7922,#1851);
#1304=LINE('',#7924,#1852);
#1305=LINE('',#7925,#1853);
#1306=LINE('',#7928,#1854);
#1307=LINE('',#7930,#1855);
#1308=LINE('',#7932,#1856);
#1309=LINE('',#7933,#1857);
#1310=LINE('',#7936,#1858);
#1311=LINE('',#7939,#1859);
#1312=LINE('',#7944,#1860);
#1313=LINE('',#7945,#1861);
#1314=LINE('',#7950,#1862);
#1315=LINE('',#7952,#1863);
#1316=LINE('',#7955,#1864);
#1317=LINE('',#7958,#1865);
#1318=LINE('',#7960,#1866);
#1319=LINE('',#7961,#1867);
#1320=LINE('',#7964,#1868);
#1321=LINE('',#7966,#1869);
#1322=LINE('',#7972,#1870);
#1323=LINE('',#7974,#1871);
#1324=LINE('',#7976,#1872);
#1325=LINE('',#7978,#1873);
#1326=LINE('',#7980,#1874);
#1327=LINE('',#7982,#1875);
#1328=LINE('',#7984,#1876);
#1329=LINE('',#7986,#1877);
#1330=LINE('',#7988,#1878);
#1331=LINE('',#7990,#1879);
#1332=LINE('',#7992,#1880);
#1333=LINE('',#7994,#1881);
#1334=LINE('',#7995,#1882);
#1335=LINE('',#8002,#1883);
#1336=LINE('',#8004,#1884);
#1337=LINE('',#8008,#1885);
#1338=LINE('',#8010,#1886);
#1339=LINE('',#8012,#1887);
#1340=LINE('',#8015,#1888);
#1341=LINE('',#8018,#1889);
#1342=LINE('',#8020,#1890);
#1343=LINE('',#8024,#1891);
#1344=LINE('',#8026,#1892);
#1345=LINE('',#8028,#1893);
#1346=LINE('',#8031,#1894);
#1347=LINE('',#8035,#1895);
#1348=LINE('',#8039,#1896);
#1349=LINE('',#8041,#1897);
#1350=LINE('',#8046,#1898);
#1351=LINE('',#8050,#1899);
#1352=LINE('',#8051,#1900);
#1353=LINE('',#8053,#1901);
#1354=LINE('',#8055,#1902);
#1355=LINE('',#8059,#1903);
#1356=LINE('',#8061,#1904);
#1357=LINE('',#8063,#1905);
#1358=LINE('',#8064,#1906);
#1359=LINE('',#8127,#1907);
#1360=LINE('',#8188,#1908);
#1361=LINE('',#8191,#1909);
#1362=LINE('',#8193,#1910);
#1363=LINE('',#8195,#1911);
#1364=LINE('',#8197,#1912);
#1365=LINE('',#8199,#1913);
#1366=LINE('',#8201,#1914);
#1367=LINE('',#8227,#1915);
#1368=LINE('',#8277,#1916);
#1369=LINE('',#8321,#1917);
#1370=LINE('',#8371,#1918);
#1371=LINE('',#8415,#1919);
#1372=LINE('',#8525,#1920);
#1373=LINE('',#8527,#1921);
#1374=LINE('',#8529,#1922);
#1375=LINE('',#8609,#1923);
#1376=LINE('',#8611,#1924);
#1377=LINE('',#8613,#1925);
#1378=LINE('',#8615,#1926);
#1379=LINE('',#8617,#1927);
#1380=LINE('',#8619,#1928);
#1381=LINE('',#8669,#1929);
#1382=LINE('',#8671,#1930);
#1383=LINE('',#8673,#1931);
#1384=LINE('',#8699,#1932);
#1385=LINE('',#8701,#1933);
#1386=LINE('',#8703,#1934);
#1387=LINE('',#8729,#1935);
#1388=LINE('',#8731,#1936);
#1389=LINE('',#8733,#1937);
#1390=LINE('',#8734,#1938);
#1391=LINE('',#8737,#1939);
#1392=LINE('',#8739,#1940);
#1393=LINE('',#8741,#1941);
#1394=LINE('',#8742,#1942);
#1395=LINE('',#8745,#1943);
#1396=LINE('',#8747,#1944);
#1397=LINE('',#8748,#1945);
#1398=LINE('',#8751,#1946);
#1399=LINE('',#8753,#1947);
#1400=LINE('',#8755,#1948);
#1401=LINE('',#8757,#1949);
#1402=LINE('',#8759,#1950);
#1403=LINE('',#8773,#1951);
#1404=LINE('',#8787,#1952);
#1405=LINE('',#8788,#1953);
#1406=LINE('',#8791,#1954);
#1407=LINE('',#8793,#1955);
#1408=LINE('',#8795,#1956);
#1409=LINE('',#8797,#1957);
#1410=LINE('',#8799,#1958);
#1411=LINE('',#8800,#1959);
#1412=LINE('',#8876,#1960);
#1413=LINE('',#8878,#1961);
#1414=LINE('',#8880,#1962);
#1415=LINE('',#8881,#1963);
#1416=LINE('',#8884,#1964);
#1417=LINE('',#8886,#1965);
#1418=LINE('',#8887,#1966);
#1419=LINE('',#8889,#1967);
#1420=LINE('',#8890,#1968);
#1421=LINE('',#8891,#1969);
#1422=LINE('',#8895,#1970);
#1423=LINE('',#8897,#1971);
#1424=LINE('',#8898,#1972);
#1425=LINE('',#8901,#1973);
#1426=LINE('',#8903,#1974);
#1427=LINE('',#8904,#1975);
#1428=LINE('',#8907,#1976);
#1429=LINE('',#8909,#1977);
#1430=LINE('',#8910,#1978);
#1431=LINE('',#8913,#1979);
#1432=LINE('',#8915,#1980);
#1433=LINE('',#8916,#1981);
#1434=LINE('',#8918,#1982);
#1435=LINE('',#8919,#1983);
#1436=LINE('',#8924,#1984);
#1437=LINE('',#8926,#1985);
#1438=LINE('',#8928,#1986);
#1439=LINE('',#8929,#1987);
#1440=LINE('',#8932,#1988);
#1441=LINE('',#8934,#1989);
#1442=LINE('',#8935,#1990);
#1443=LINE('',#8937,#1991);
#1444=LINE('',#8938,#1992);
#1445=LINE('',#8939,#1993);
#1446=LINE('',#8943,#1994);
#1447=LINE('',#8945,#1995);
#1448=LINE('',#8946,#1996);
#1449=LINE('',#8950,#1997);
#1450=LINE('',#8952,#1998);
#1451=LINE('',#8954,#1999);
#1452=LINE('',#8955,#2000);
#1453=LINE('',#8958,#2001);
#1454=LINE('',#8960,#2002);
#1455=LINE('',#8961,#2003);
#1456=LINE('',#8963,#2004);
#1457=LINE('',#8964,#2005);
#1458=LINE('',#8966,#2006);
#1459=LINE('',#8967,#2007);
#1460=LINE('',#8971,#2008);
#1461=LINE('',#8973,#2009);
#1462=LINE('',#8974,#2010);
#1463=LINE('',#8977,#2011);
#1464=LINE('',#8978,#2012);
#1465=LINE('',#8981,#2013);
#1466=LINE('',#8982,#2014);
#1467=LINE('',#8984,#2015);
#1468=LINE('',#8997,#2016);
#1469=LINE('',#9004,#2017);
#1470=LINE('',#9007,#2018);
#1471=LINE('',#9008,#2019);
#1472=LINE('',#9020,#2020);
#1473=LINE('',#9037,#2021);
#1474=LINE('',#9054,#2022);
#1475=LINE('',#9071,#2023);
#1476=LINE('',#9088,#2024);
#1477=LINE('',#9105,#2025);
#1478=LINE('',#9122,#2026);
#1479=LINE('',#9139,#2027);
#1480=LINE('',#9156,#2028);
#1481=LINE('',#9173,#2029);
#1482=LINE('',#9181,#2030);
#1483=LINE('',#9182,#2031);
#1484=LINE('',#9194,#2032);
#1485=LINE('',#9211,#2033);
#1486=LINE('',#9228,#2034);
#1487=LINE('',#9245,#2035);
#1488=LINE('',#9262,#2036);
#1489=LINE('',#9279,#2037);
#1490=LINE('',#9296,#2038);
#1491=LINE('',#9313,#2039);
#1492=LINE('',#9337,#2040);
#1493=LINE('',#9339,#2041);
#1494=LINE('',#9340,#2042);
#1495=LINE('',#9352,#2043);
#1496=LINE('',#9369,#2044);
#1497=LINE('',#9386,#2045);
#1498=LINE('',#9403,#2046);
#1499=LINE('',#9411,#2047);
#1500=LINE('',#9412,#2048);
#1501=LINE('',#9424,#2049);
#1502=LINE('',#9441,#2050);
#1503=LINE('',#9458,#2051);
#1504=LINE('',#9475,#2052);
#1505=LINE('',#9483,#2053);
#1506=LINE('',#9484,#2054);
#1507=LINE('',#9487,#2055);
#1508=LINE('',#9488,#2056);
#1509=LINE('',#9491,#2057);
#1510=LINE('',#9492,#2058);
#1511=LINE('',#9495,#2059);
#1512=LINE('',#9496,#2060);
#1513=LINE('',#9498,#2061);
#1514=LINE('',#9511,#2062);
#1515=LINE('',#9518,#2063);
#1516=LINE('',#9530,#2064);
#1517=LINE('',#9547,#2065);
#1518=LINE('',#9564,#2066);
#1519=LINE('',#9581,#2067);
#1520=LINE('',#9589,#2068);
#1521=LINE('',#9590,#2069);
#1522=LINE('',#9602,#2070);
#1523=LINE('',#9619,#2071);
#1524=LINE('',#9636,#2072);
#1525=LINE('',#9653,#2073);
#1526=LINE('',#9670,#2074);
#1527=LINE('',#9687,#2075);
#1528=LINE('',#9704,#2076);
#1529=LINE('',#9712,#2077);
#1530=LINE('',#9713,#2078);
#1531=LINE('',#9725,#2079);
#1532=LINE('',#9742,#2080);
#1533=LINE('',#9759,#2081);
#1534=LINE('',#9776,#2082);
#1535=LINE('',#9793,#2083);
#1536=LINE('',#9810,#2084);
#1537=LINE('',#9827,#2085);
#1538=LINE('',#9844,#2086);
#1539=LINE('',#9852,#2087);
#1540=LINE('',#9853,#2088);
#1541=LINE('',#9865,#2089);
#1542=LINE('',#9882,#2090);
#1543=LINE('',#9899,#2091);
#1544=LINE('',#9916,#2092);
#1545=LINE('',#9933,#2093);
#1546=LINE('',#9950,#2094);
#1547=LINE('',#9967,#2095);
#1548=LINE('',#9975,#2096);
#1549=LINE('',#9976,#2097);
#1550=LINE('',#9988,#2098);
#1551=LINE('',#10005,#2099);
#1552=LINE('',#10045,#2100);
#1553=LINE('',#10052,#2101);
#1554=LINE('',#10070,#2102);
#1555=LINE('',#10093,#2103);
#1556=LINE('',#10116,#2104);
#1557=LINE('',#10139,#2105);
#1558=LINE('',#10162,#2106);
#1559=LINE('',#10185,#2107);
#1560=LINE('',#10208,#2108);
#1561=LINE('',#10231,#2109);
#1562=LINE('',#10254,#2110);
#1563=LINE('',#10277,#2111);
#1564=LINE('',#10314,#2112);
#1565=LINE('',#10321,#2113);
#1566=LINE('',#10333,#2114);
#1567=LINE('',#10350,#2115);
#1568=LINE('',#10367,#2116);
#1569=LINE('',#10384,#2117);
#1570=LINE('',#10401,#2118);
#1571=LINE('',#10418,#2119);
#1572=LINE('',#10435,#2120);
#1573=LINE('',#10452,#2121);
#1574=LINE('',#10469,#2122);
#1575=LINE('',#10486,#2123);
#1576=LINE('',#10503,#2124);
#1577=LINE('',#10528,#2125);
#1578=LINE('',#10530,#2126);
#1579=LINE('',#10532,#2127);
#1580=LINE('',#10533,#2128);
#1581=LINE('',#10551,#2129);
#1582=LINE('',#10574,#2130);
#1583=LINE('',#10597,#2131);
#1584=LINE('',#10620,#2132);
#1585=LINE('',#10643,#2133);
#1586=LINE('',#10666,#2134);
#1587=LINE('',#10674,#2135);
#1588=LINE('',#10676,#2136);
#1589=LINE('',#10677,#2137);
#1590=LINE('',#10679,#2138);
#1591=LINE('',#10680,#2139);
#1592=LINE('',#10692,#2140);
#1593=LINE('',#10699,#2141);
#1594=LINE('',#10711,#2142);
#1595=LINE('',#10728,#2143);
#1596=LINE('',#10745,#2144);
#1597=LINE('',#10762,#2145);
#1598=LINE('',#10779,#2146);
#1599=LINE('',#10787,#2147);
#1600=LINE('',#10788,#2148);
#1601=LINE('',#10791,#2149);
#1602=LINE('',#10792,#2150);
#1603=LINE('',#10794,#2151);
#1604=LINE('',#10807,#2152);
#1605=LINE('',#10814,#2153);
#1606=LINE('',#10826,#2154);
#1607=LINE('',#10843,#2155);
#1608=LINE('',#10860,#2156);
#1609=LINE('',#10877,#2157);
#1610=LINE('',#10894,#2158);
#1611=LINE('',#10911,#2159);
#1612=LINE('',#10935,#2160);
#1613=LINE('',#10937,#2161);
#1614=LINE('',#10938,#2162);
#1615=LINE('',#10950,#2163);
#1616=LINE('',#10967,#2164);
#1617=LINE('',#10984,#2165);
#1618=LINE('',#11001,#2166);
#1619=LINE('',#11009,#2167);
#1620=LINE('',#11010,#2168);
#1621=LINE('',#11013,#2169);
#1622=LINE('',#11014,#2170);
#1623=LINE('',#11017,#2171);
#1624=LINE('',#11018,#2172);
#1625=LINE('',#11030,#2173);
#1626=LINE('',#11047,#2174);
#1627=LINE('',#11064,#2175);
#1628=LINE('',#11081,#2176);
#1629=LINE('',#11089,#2177);
#1630=LINE('',#11090,#2178);
#1631=LINE('',#11093,#2179);
#1632=LINE('',#11094,#2180);
#1633=LINE('',#11097,#2181);
#1634=LINE('',#11098,#2182);
#1635=LINE('',#11110,#2183);
#1636=LINE('',#11127,#2184);
#1637=LINE('',#11144,#2185);
#1638=LINE('',#11161,#2186);
#1639=LINE('',#11178,#2187);
#1640=LINE('',#11195,#2188);
#1641=LINE('',#11212,#2189);
#1642=LINE('',#11229,#2190);
#1643=LINE('',#11237,#2191);
#1644=LINE('',#11238,#2192);
#1645=LINE('',#11241,#2193);
#1646=LINE('',#11242,#2194);
#1647=LINE('',#11245,#2195);
#1648=LINE('',#11246,#2196);
#1649=LINE('',#11249,#2197);
#1650=LINE('',#11250,#2198);
#1651=LINE('',#11252,#2199);
#1652=LINE('',#11274,#2200);
#1653=LINE('',#11281,#2201);
#1654=LINE('',#11299,#2202);
#1655=LINE('',#11322,#2203);
#1656=LINE('',#11345,#2204);
#1657=LINE('',#11368,#2205);
#1658=LINE('',#11391,#2206);
#1659=LINE('',#11414,#2207);
#1660=LINE('',#11437,#2208);
#1661=LINE('',#11460,#2209);
#1662=LINE('',#11483,#2210);
#1663=LINE('',#11506,#2211);
#1664=LINE('',#11543,#2212);
#1665=LINE('',#11550,#2213);
#1666=LINE('',#11562,#2214);
#1667=LINE('',#11579,#2215);
#1668=LINE('',#11596,#2216);
#1669=LINE('',#11613,#2217);
#1670=LINE('',#11630,#2218);
#1671=LINE('',#11647,#2219);
#1672=LINE('',#11664,#2220);
#1673=LINE('',#11681,#2221);
#1674=LINE('',#11698,#2222);
#1675=LINE('',#11715,#2223);
#1676=LINE('',#11739,#2224);
#1677=LINE('',#11741,#2225);
#1678=LINE('',#11742,#2226);
#1679=LINE('',#11745,#2227);
#1680=LINE('',#11746,#2228);
#1681=LINE('',#11749,#2229);
#1682=LINE('',#11750,#2230);
#1683=LINE('',#11753,#2231);
#1684=LINE('',#11754,#2232);
#1685=LINE('',#11757,#2233);
#1686=LINE('',#11758,#2234);
#1687=LINE('',#11760,#2235);
#1688=LINE('',#11764,#2236);
#1689=LINE('',#11766,#2237);
#1690=LINE('',#11767,#2238);
#1691=LINE('',#11770,#2239);
#1692=LINE('',#11771,#2240);
#1693=LINE('',#11774,#2241);
#1694=LINE('',#11775,#2242);
#1695=LINE('',#11787,#2243);
#1696=LINE('',#11804,#2244);
#1697=LINE('',#11812,#2245);
#1698=LINE('',#11813,#2246);
#1699=LINE('',#11825,#2247);
#1700=LINE('',#11842,#2248);
#1701=LINE('',#11850,#2249);
#1702=LINE('',#11851,#2250);
#1703=LINE('',#11854,#2251);
#1704=LINE('',#11855,#2252);
#1705=LINE('',#11858,#2253);
#1706=LINE('',#11859,#2254);
#1707=LINE('',#11861,#2255);
#1708=LINE('',#11866,#2256);
#1709=LINE('',#11868,#2257);
#1710=LINE('',#11869,#2258);
#1711=LINE('',#11872,#2259);
#1712=LINE('',#11873,#2260);
#1713=LINE('',#11875,#2261);
#1714=LINE('',#11880,#2262);
#1715=LINE('',#11885,#2263);
#1716=LINE('',#11891,#2264);
#1717=LINE('',#11902,#2265);
#1718=LINE('',#11911,#2266);
#1719=LINE('',#11913,#2267);
#1720=LINE('',#11914,#2268);
#1721=LINE('',#11916,#2269);
#1722=LINE('',#11917,#2270);
#1723=LINE('',#11919,#2271);
#1724=LINE('',#11922,#2272);
#1725=LINE('',#11923,#2273);
#1726=LINE('',#11926,#2274);
#1727=LINE('',#11927,#2275);
#1728=LINE('',#11930,#2276);
#1729=LINE('',#11931,#2277);
#1730=LINE('',#11935,#2278);
#1731=LINE('',#11937,#2279);
#1732=LINE('',#11940,#2280);
#1733=LINE('',#11942,#2281);
#1734=LINE('',#11943,#2282);
#1735=LINE('',#11945,#2283);
#1736=LINE('',#11946,#2284);
#1737=LINE('',#11948,#2285);
#1738=LINE('',#11951,#2286);
#1739=LINE('',#11952,#2287);
#1740=LINE('',#11955,#2288);
#1741=LINE('',#11956,#2289);
#1742=LINE('',#11959,#2290);
#1743=LINE('',#11960,#2291);
#1744=LINE('',#11964,#2292);
#1745=LINE('',#11966,#2293);
#1746=LINE('',#11969,#2294);
#1747=LINE('',#11971,#2295);
#1748=LINE('',#11972,#2296);
#1749=LINE('',#11974,#2297);
#1750=LINE('',#11975,#2298);
#1751=LINE('',#11978,#2299);
#1752=LINE('',#11980,#2300);
#1753=LINE('',#11981,#2301);
#1754=LINE('',#11983,#2302);
#1755=LINE('',#11984,#2303);
#1756=LINE('',#11987,#2304);
#1757=LINE('',#11989,#2305);
#1758=LINE('',#11990,#2306);
#1759=LINE('',#11993,#2307);
#1760=LINE('',#11994,#2308);
#1761=LINE('',#11997,#2309);
#1762=LINE('',#11998,#2310);
#1763=LINE('',#12000,#2311);
#1764=LINE('',#12002,#2312);
#1765=LINE('',#12003,#2313);
#1766=LINE('',#12005,#2314);
#1767=LINE('',#12009,#2315);
#1768=LINE('',#12025,#2316);
#1769=LINE('',#12028,#2317);
#1770=LINE('',#12031,#2318);
#1771=LINE('',#12032,#2319);
#1772=LINE('',#12035,#2320);
#1773=LINE('',#12038,#2321);
#1774=LINE('',#12041,#2322);
#1775=LINE('',#12044,#2323);
#1776=LINE('',#12048,#2324);
#1777=LINE('',#12049,#2325);
#1778=LINE('',#12050,#2326);
#1779=LINE('',#12054,#2327);
#1780=LINE('',#12057,#2328);
#1781=LINE('',#12062,#2329);
#1782=LINE('',#12065,#2330);
#1783=LINE('',#12068,#2331);
#1784=LINE('',#12069,#2332);
#1785=LINE('',#12075,#2333);
#1786=LINE('',#12077,#2334);
#1787=LINE('',#12079,#2335);
#1788=LINE('',#12082,#2336);
#1789=LINE('',#12087,#2337);
#1790=LINE('',#12088,#2338);
#1791=LINE('',#12093,#2339);
#1792=LINE('',#12097,#2340);
#1793=LINE('',#12099,#2341);
#1794=LINE('',#12102,#2342);
#1795=VECTOR('',#6595,10.);
#1796=VECTOR('',#6604,2.5);
#1797=VECTOR('',#6605,10.);
#1798=VECTOR('',#6606,10.);
#1799=VECTOR('',#6607,10.);
#1800=VECTOR('',#6618,10.);
#1801=VECTOR('',#6621,10.);
#1802=VECTOR('',#6622,10.);
#1803=VECTOR('',#6625,10.);
#1804=VECTOR('',#6628,10.);
#1805=VECTOR('',#6631,10.);
#1806=VECTOR('',#6634,10.);
#1807=VECTOR('',#6643,10.);
#1808=VECTOR('',#6644,10.);
#1809=VECTOR('',#6647,10.);
#1810=VECTOR('',#6650,10.);
#1811=VECTOR('',#6651,10.);
#1812=VECTOR('',#6652,10.);
#1813=VECTOR('',#6653,10.);
#1814=VECTOR('',#6656,10.);
#1815=VECTOR('',#6659,10.);
#1816=VECTOR('',#6660,10.);
#1817=VECTOR('',#6661,10.);
#1818=VECTOR('',#6664,1.75);
#1819=VECTOR('',#6681,1.75);
#1820=VECTOR('',#6696,1.75);
#1821=VECTOR('',#6701,10.);
#1822=VECTOR('',#6702,10.);
#1823=VECTOR('',#6703,10.);
#1824=VECTOR('',#6706,10.);
#1825=VECTOR('',#6707,10.);
#1826=VECTOR('',#6708,10.);
#1827=VECTOR('',#6711,10.);
#1828=VECTOR('',#6712,10.);
#1829=VECTOR('',#6715,10.);
#1830=VECTOR('',#6718,10.);
#1831=VECTOR('',#6719,10.);
#1832=VECTOR('',#6722,10.);
#1833=VECTOR('',#6729,10.);
#1834=VECTOR('',#6730,10.);
#1835=VECTOR('',#6733,10.);
#1836=VECTOR('',#6736,10.);
#1837=VECTOR('',#6737,10.);
#1838=VECTOR('',#6738,10.);
#1839=VECTOR('',#6739,10.);
#1840=VECTOR('',#6740,10.);
#1841=VECTOR('',#6741,10.);
#1842=VECTOR('',#6742,10.);
#1843=VECTOR('',#6743,10.);
#1844=VECTOR('',#6744,10.);
#1845=VECTOR('',#6745,10.);
#1846=VECTOR('',#6746,10.);
#1847=VECTOR('',#6747,10.);
#1848=VECTOR('',#6748,10.);
#1849=VECTOR('',#6749,10.);
#1850=VECTOR('',#6750,10.);
#1851=VECTOR('',#6751,10.);
#1852=VECTOR('',#6752,10.);
#1853=VECTOR('',#6753,10.);
#1854=VECTOR('',#6754,10.);
#1855=VECTOR('',#6755,10.);
#1856=VECTOR('',#6756,10.);
#1857=VECTOR('',#6757,10.);
#1858=VECTOR('',#6760,10.);
#1859=VECTOR('',#6763,10.);
#1860=VECTOR('',#6768,10.);
#1861=VECTOR('',#6769,10.);
#1862=VECTOR('',#6774,10.);
#1863=VECTOR('',#6775,10.);
#1864=VECTOR('',#6778,10.);
#1865=VECTOR('',#6781,10.);
#1866=VECTOR('',#6782,10.);
#1867=VECTOR('',#6783,10.);
#1868=VECTOR('',#6786,10.);
#1869=VECTOR('',#6787,10.);
#1870=VECTOR('',#6794,10.);
#1871=VECTOR('',#6795,10.);
#1872=VECTOR('',#6796,10.);
#1873=VECTOR('',#6797,10.);
#1874=VECTOR('',#6798,10.);
#1875=VECTOR('',#6799,10.);
#1876=VECTOR('',#6800,10.);
#1877=VECTOR('',#6801,10.);
#1878=VECTOR('',#6802,10.);
#1879=VECTOR('',#6803,10.);
#1880=VECTOR('',#6804,10.);
#1881=VECTOR('',#6805,10.);
#1882=VECTOR('',#6806,10.);
#1883=VECTOR('',#6811,10.);
#1884=VECTOR('',#6812,10.);
#1885=VECTOR('',#6815,10.);
#1886=VECTOR('',#6816,10.);
#1887=VECTOR('',#6817,10.);
#1888=VECTOR('',#6820,10.);
#1889=VECTOR('',#6821,10.);
#1890=VECTOR('',#6822,10.);
#1891=VECTOR('',#6825,10.);
#1892=VECTOR('',#6826,10.);
#1893=VECTOR('',#6827,10.);
#1894=VECTOR('',#6830,10.);
#1895=VECTOR('',#6835,10.);
#1896=VECTOR('',#6840,10.);
#1897=VECTOR('',#6843,10.);
#1898=VECTOR('',#6848,10.);
#1899=VECTOR('',#6855,10.);
#1900=VECTOR('',#6856,10.);
#1901=VECTOR('',#6859,10.);
#1902=VECTOR('',#6862,10.);
#1903=VECTOR('',#6865,10.);
#1904=VECTOR('',#6866,10.);
#1905=VECTOR('',#6867,10.);
#1906=VECTOR('',#6868,10.);
#1907=VECTOR('',#6869,10.);
#1908=VECTOR('',#6870,10.);
#1909=VECTOR('',#6871,10.);
#1910=VECTOR('',#6872,10.);
#1911=VECTOR('',#6873,10.);
#1912=VECTOR('',#6874,10.);
#1913=VECTOR('',#6875,10.);
#1914=VECTOR('',#6876,10.);
#1915=VECTOR('',#6877,10.);
#1916=VECTOR('',#6878,10.);
#1917=VECTOR('',#6879,10.);
#1918=VECTOR('',#6880,10.);
#1919=VECTOR('',#6881,10.);
#1920=VECTOR('',#6882,10.);
#1921=VECTOR('',#6883,10.);
#1922=VECTOR('',#6884,10.);
#1923=VECTOR('',#6885,10.);
#1924=VECTOR('',#6886,10.);
#1925=VECTOR('',#6887,10.);
#1926=VECTOR('',#6888,10.);
#1927=VECTOR('',#6889,10.);
#1928=VECTOR('',#6890,10.);
#1929=VECTOR('',#6891,10.);
#1930=VECTOR('',#6892,10.);
#1931=VECTOR('',#6893,10.);
#1932=VECTOR('',#6894,10.);
#1933=VECTOR('',#6895,10.);
#1934=VECTOR('',#6896,10.);
#1935=VECTOR('',#6897,10.);
#1936=VECTOR('',#6898,10.);
#1937=VECTOR('',#6899,10.);
#1938=VECTOR('',#6900,10.);
#1939=VECTOR('',#6901,10.);
#1940=VECTOR('',#6902,10.);
#1941=VECTOR('',#6903,10.);
#1942=VECTOR('',#6904,10.);
#1943=VECTOR('',#6905,10.);
#1944=VECTOR('',#6906,10.);
#1945=VECTOR('',#6907,10.);
#1946=VECTOR('',#6908,10.);
#1947=VECTOR('',#6909,10.);
#1948=VECTOR('',#6910,10.);
#1949=VECTOR('',#6911,10.);
#1950=VECTOR('',#6912,10.);
#1951=VECTOR('',#6913,10.);
#1952=VECTOR('',#6914,10.);
#1953=VECTOR('',#6915,10.);
#1954=VECTOR('',#6916,10.);
#1955=VECTOR('',#6917,10.);
#1956=VECTOR('',#6918,10.);
#1957=VECTOR('',#6919,10.);
#1958=VECTOR('',#6920,10.);
#1959=VECTOR('',#6921,10.);
#1960=VECTOR('',#6924,10.);
#1961=VECTOR('',#6925,10.);
#1962=VECTOR('',#6926,10.);
#1963=VECTOR('',#6927,10.);
#1964=VECTOR('',#6930,10.);
#1965=VECTOR('',#6931,10.);
#1966=VECTOR('',#6932,10.);
#1967=VECTOR('',#6935,10.);
#1968=VECTOR('',#6936,10.);
#1969=VECTOR('',#6937,10.);
#1970=VECTOR('',#6942,10.);
#1971=VECTOR('',#6943,10.);
#1972=VECTOR('',#6944,10.);
#1973=VECTOR('',#6947,10.);
#1974=VECTOR('',#6948,10.);
#1975=VECTOR('',#6949,10.);
#1976=VECTOR('',#6952,10.);
#1977=VECTOR('',#6953,10.);
#1978=VECTOR('',#6954,10.);
#1979=VECTOR('',#6957,10.);
#1980=VECTOR('',#6958,10.);
#1981=VECTOR('',#6959,10.);
#1982=VECTOR('',#6962,10.);
#1983=VECTOR('',#6963,10.);
#1984=VECTOR('',#6968,10.);
#1985=VECTOR('',#6969,10.);
#1986=VECTOR('',#6970,10.);
#1987=VECTOR('',#6971,10.);
#1988=VECTOR('',#6974,10.);
#1989=VECTOR('',#6975,10.);
#1990=VECTOR('',#6976,10.);
#1991=VECTOR('',#6979,10.);
#1992=VECTOR('',#6980,10.);
#1993=VECTOR('',#6981,10.);
#1994=VECTOR('',#6986,10.);
#1995=VECTOR('',#6987,10.);
#1996=VECTOR('',#6988,10.);
#1997=VECTOR('',#6991,10.);
#1998=VECTOR('',#6992,10.);
#1999=VECTOR('',#6993,10.);
#2000=VECTOR('',#6994,10.);
#2001=VECTOR('',#6997,10.);
#2002=VECTOR('',#6998,10.);
#2003=VECTOR('',#6999,10.);
#2004=VECTOR('',#7002,10.);
#2005=VECTOR('',#7003,10.);
#2006=VECTOR('',#7006,10.);
#2007=VECTOR('',#7007,10.);
#2008=VECTOR('',#7012,10.);
#2009=VECTOR('',#7013,10.);
#2010=VECTOR('',#7014,10.);
#2011=VECTOR('',#7017,10.);
#2012=VECTOR('',#7018,10.);
#2013=VECTOR('',#7021,10.);
#2014=VECTOR('',#7022,10.);
#2015=VECTOR('',#7025,10.);
#2016=VECTOR('',#7028,10.);
#2017=VECTOR('',#7029,10.);
#2018=VECTOR('',#7032,10.);
#2019=VECTOR('',#7033,10.);
#2020=VECTOR('',#7034,10.);
#2021=VECTOR('',#7035,10.);
#2022=VECTOR('',#7036,10.);
#2023=VECTOR('',#7037,10.);
#2024=VECTOR('',#7038,10.);
#2025=VECTOR('',#7039,10.);
#2026=VECTOR('',#7040,10.);
#2027=VECTOR('',#7041,10.);
#2028=VECTOR('',#7042,10.);
#2029=VECTOR('',#7043,10.);
#2030=VECTOR('',#7046,10.);
#2031=VECTOR('',#7047,10.);
#2032=VECTOR('',#7048,10.);
#2033=VECTOR('',#7049,10.);
#2034=VECTOR('',#7050,10.);
#2035=VECTOR('',#7051,10.);
#2036=VECTOR('',#7052,10.);
#2037=VECTOR('',#7053,10.);
#2038=VECTOR('',#7054,10.);
#2039=VECTOR('',#7055,10.);
#2040=VECTOR('',#7060,10.);
#2041=VECTOR('',#7061,10.);
#2042=VECTOR('',#7062,10.);
#2043=VECTOR('',#7063,10.);
#2044=VECTOR('',#7064,10.);
#2045=VECTOR('',#7065,10.);
#2046=VECTOR('',#7066,10.);
#2047=VECTOR('',#7069,10.);
#2048=VECTOR('',#7070,10.);
#2049=VECTOR('',#7071,10.);
#2050=VECTOR('',#7072,10.);
#2051=VECTOR('',#7073,10.);
#2052=VECTOR('',#7074,10.);
#2053=VECTOR('',#7077,10.);
#2054=VECTOR('',#7078,10.);
#2055=VECTOR('',#7081,10.);
#2056=VECTOR('',#7082,10.);
#2057=VECTOR('',#7085,10.);
#2058=VECTOR('',#7086,10.);
#2059=VECTOR('',#7089,10.);
#2060=VECTOR('',#7090,10.);
#2061=VECTOR('',#7093,10.);
#2062=VECTOR('',#7096,10.);
#2063=VECTOR('',#7097,10.);
#2064=VECTOR('',#7098,10.);
#2065=VECTOR('',#7099,10.);
#2066=VECTOR('',#7100,10.);
#2067=VECTOR('',#7101,10.);
#2068=VECTOR('',#7104,10.);
#2069=VECTOR('',#7105,10.);
#2070=VECTOR('',#7106,10.);
#2071=VECTOR('',#7107,10.);
#2072=VECTOR('',#7108,10.);
#2073=VECTOR('',#7109,10.);
#2074=VECTOR('',#7110,10.);
#2075=VECTOR('',#7111,10.);
#2076=VECTOR('',#7112,10.);
#2077=VECTOR('',#7115,10.);
#2078=VECTOR('',#7116,10.);
#2079=VECTOR('',#7117,10.);
#2080=VECTOR('',#7118,10.);
#2081=VECTOR('',#7119,10.);
#2082=VECTOR('',#7120,10.);
#2083=VECTOR('',#7121,10.);
#2084=VECTOR('',#7122,10.);
#2085=VECTOR('',#7123,10.);
#2086=VECTOR('',#7124,10.);
#2087=VECTOR('',#7127,10.);
#2088=VECTOR('',#7128,10.);
#2089=VECTOR('',#7129,10.);
#2090=VECTOR('',#7130,10.);
#2091=VECTOR('',#7131,10.);
#2092=VECTOR('',#7132,10.);
#2093=VECTOR('',#7133,10.);
#2094=VECTOR('',#7134,10.);
#2095=VECTOR('',#7135,10.);
#2096=VECTOR('',#7138,10.);
#2097=VECTOR('',#7139,10.);
#2098=VECTOR('',#7140,10.);
#2099=VECTOR('',#7141,10.);
#2100=VECTOR('',#7144,10.);
#2101=VECTOR('',#7145,10.);
#2102=VECTOR('',#7146,10.);
#2103=VECTOR('',#7147,10.);
#2104=VECTOR('',#7148,10.);
#2105=VECTOR('',#7149,10.);
#2106=VECTOR('',#7150,10.);
#2107=VECTOR('',#7151,10.);
#2108=VECTOR('',#7152,10.);
#2109=VECTOR('',#7153,10.);
#2110=VECTOR('',#7154,10.);
#2111=VECTOR('',#7155,10.);
#2112=VECTOR('',#7156,10.);
#2113=VECTOR('',#7157,10.);
#2114=VECTOR('',#7158,10.);
#2115=VECTOR('',#7159,10.);
#2116=VECTOR('',#7160,10.);
#2117=VECTOR('',#7161,10.);
#2118=VECTOR('',#7162,10.);
#2119=VECTOR('',#7163,10.);
#2120=VECTOR('',#7164,10.);
#2121=VECTOR('',#7165,10.);
#2122=VECTOR('',#7166,10.);
#2123=VECTOR('',#7167,10.);
#2124=VECTOR('',#7168,10.);
#2125=VECTOR('',#7173,10.);
#2126=VECTOR('',#7174,10.);
#2127=VECTOR('',#7175,10.);
#2128=VECTOR('',#7176,10.);
#2129=VECTOR('',#7177,10.);
#2130=VECTOR('',#7178,10.);
#2131=VECTOR('',#7179,10.);
#2132=VECTOR('',#7180,10.);
#2133=VECTOR('',#7181,10.);
#2134=VECTOR('',#7182,10.);
#2135=VECTOR('',#7185,10.);
#2136=VECTOR('',#7186,10.);
#2137=VECTOR('',#7187,10.);
#2138=VECTOR('',#7190,10.);
#2139=VECTOR('',#7191,10.);
#2140=VECTOR('',#7192,10.);
#2141=VECTOR('',#7193,10.);
#2142=VECTOR('',#7194,10.);
#2143=VECTOR('',#7195,10.);
#2144=VECTOR('',#7196,10.);
#2145=VECTOR('',#7197,10.);
#2146=VECTOR('',#7198,10.);
#2147=VECTOR('',#7201,10.);
#2148=VECTOR('',#7202,10.);
#2149=VECTOR('',#7205,10.);
#2150=VECTOR('',#7206,10.);
#2151=VECTOR('',#7209,10.);
#2152=VECTOR('',#7212,10.);
#2153=VECTOR('',#7213,10.);
#2154=VECTOR('',#7214,10.);
#2155=VECTOR('',#7215,10.);
#2156=VECTOR('',#7216,10.);
#2157=VECTOR('',#7217,10.);
#2158=VECTOR('',#7218,10.);
#2159=VECTOR('',#7219,10.);
#2160=VECTOR('',#7224,10.);
#2161=VECTOR('',#7225,10.);
#2162=VECTOR('',#7226,10.);
#2163=VECTOR('',#7227,10.);
#2164=VECTOR('',#7228,10.);
#2165=VECTOR('',#7229,10.);
#2166=VECTOR('',#7230,10.);
#2167=VECTOR('',#7233,10.);
#2168=VECTOR('',#7234,10.);
#2169=VECTOR('',#7237,10.);
#2170=VECTOR('',#7238,10.);
#2171=VECTOR('',#7241,10.);
#2172=VECTOR('',#7242,10.);
#2173=VECTOR('',#7243,10.);
#2174=VECTOR('',#7244,10.);
#2175=VECTOR('',#7245,10.);
#2176=VECTOR('',#7246,10.);
#2177=VECTOR('',#7249,10.);
#2178=VECTOR('',#7250,10.);
#2179=VECTOR('',#7253,10.);
#2180=VECTOR('',#7254,10.);
#2181=VECTOR('',#7257,10.);
#2182=VECTOR('',#7258,10.);
#2183=VECTOR('',#7259,10.);
#2184=VECTOR('',#7260,10.);
#2185=VECTOR('',#7261,10.);
#2186=VECTOR('',#7262,10.);
#2187=VECTOR('',#7263,10.);
#2188=VECTOR('',#7264,10.);
#2189=VECTOR('',#7265,10.);
#2190=VECTOR('',#7266,10.);
#2191=VECTOR('',#7269,10.);
#2192=VECTOR('',#7270,10.);
#2193=VECTOR('',#7273,10.);
#2194=VECTOR('',#7274,10.);
#2195=VECTOR('',#7277,10.);
#2196=VECTOR('',#7278,10.);
#2197=VECTOR('',#7281,10.);
#2198=VECTOR('',#7282,10.);
#2199=VECTOR('',#7285,10.);
#2200=VECTOR('',#7292,10.);
#2201=VECTOR('',#7293,10.);
#2202=VECTOR('',#7294,10.);
#2203=VECTOR('',#7295,10.);
#2204=VECTOR('',#7296,10.);
#2205=VECTOR('',#7297,10.);
#2206=VECTOR('',#7298,10.);
#2207=VECTOR('',#7299,10.);
#2208=VECTOR('',#7300,10.);
#2209=VECTOR('',#7301,10.);
#2210=VECTOR('',#7302,10.);
#2211=VECTOR('',#7303,10.);
#2212=VECTOR('',#7304,10.);
#2213=VECTOR('',#7305,10.);
#2214=VECTOR('',#7306,10.);
#2215=VECTOR('',#7307,10.);
#2216=VECTOR('',#7308,10.);
#2217=VECTOR('',#7309,10.);
#2218=VECTOR('',#7310,10.);
#2219=VECTOR('',#7311,10.);
#2220=VECTOR('',#7312,10.);
#2221=VECTOR('',#7313,10.);
#2222=VECTOR('',#7314,10.);
#2223=VECTOR('',#7315,10.);
#2224=VECTOR('',#7320,10.);
#2225=VECTOR('',#7321,10.);
#2226=VECTOR('',#7322,10.);
#2227=VECTOR('',#7325,10.);
#2228=VECTOR('',#7326,10.);
#2229=VECTOR('',#7329,10.);
#2230=VECTOR('',#7330,10.);
#2231=VECTOR('',#7333,10.);
#2232=VECTOR('',#7334,10.);
#2233=VECTOR('',#7337,10.);
#2234=VECTOR('',#7338,10.);
#2235=VECTOR('',#7341,10.);
#2236=VECTOR('',#7346,10.);
#2237=VECTOR('',#7347,10.);
#2238=VECTOR('',#7348,10.);
#2239=VECTOR('',#7351,10.);
#2240=VECTOR('',#7352,10.);
#2241=VECTOR('',#7355,10.);
#2242=VECTOR('',#7356,10.);
#2243=VECTOR('',#7357,10.);
#2244=VECTOR('',#7358,10.);
#2245=VECTOR('',#7361,10.);
#2246=VECTOR('',#7362,10.);
#2247=VECTOR('',#7363,10.);
#2248=VECTOR('',#7364,10.);
#2249=VECTOR('',#7367,10.);
#2250=VECTOR('',#7368,10.);
#2251=VECTOR('',#7371,10.);
#2252=VECTOR('',#7372,10.);
#2253=VECTOR('',#7375,10.);
#2254=VECTOR('',#7376,10.);
#2255=VECTOR('',#7379,10.);
#2256=VECTOR('',#7386,10.);
#2257=VECTOR('',#7387,10.);
#2258=VECTOR('',#7388,10.);
#2259=VECTOR('',#7391,10.);
#2260=VECTOR('',#7392,10.);
#2261=VECTOR('',#7395,10.);
#2262=VECTOR('',#7402,0.75);
#2263=VECTOR('',#7409,0.75);
#2264=VECTOR('',#7416,1.6);
#2265=VECTOR('',#7429,1.6);
#2266=VECTOR('',#7440,10.);
#2267=VECTOR('',#7441,10.);
#2268=VECTOR('',#7442,10.);
#2269=VECTOR('',#7445,10.);
#2270=VECTOR('',#7446,10.);
#2271=VECTOR('',#7449,10.);
#2272=VECTOR('',#7452,10.);
#2273=VECTOR('',#7453,10.);
#2274=VECTOR('',#7456,10.);
#2275=VECTOR('',#7457,10.);
#2276=VECTOR('',#7460,10.);
#2277=VECTOR('',#7461,10.);
#2278=VECTOR('',#7466,10.);
#2279=VECTOR('',#7469,10.);
#2280=VECTOR('',#7472,10.);
#2281=VECTOR('',#7473,10.);
#2282=VECTOR('',#7474,10.);
#2283=VECTOR('',#7477,10.);
#2284=VECTOR('',#7478,10.);
#2285=VECTOR('',#7481,10.);
#2286=VECTOR('',#7484,10.);
#2287=VECTOR('',#7485,10.);
#2288=VECTOR('',#7488,10.);
#2289=VECTOR('',#7489,10.);
#2290=VECTOR('',#7492,10.);
#2291=VECTOR('',#7493,10.);
#2292=VECTOR('',#7498,10.);
#2293=VECTOR('',#7501,10.);
#2294=VECTOR('',#7504,10.);
#2295=VECTOR('',#7505,10.);
#2296=VECTOR('',#7506,10.);
#2297=VECTOR('',#7509,10.);
#2298=VECTOR('',#7510,10.);
#2299=VECTOR('',#7513,10.);
#2300=VECTOR('',#7514,10.);
#2301=VECTOR('',#7515,10.);
#2302=VECTOR('',#7518,10.);
#2303=VECTOR('',#7519,10.);
#2304=VECTOR('',#7522,10.);
#2305=VECTOR('',#7523,10.);
#2306=VECTOR('',#7524,10.);
#2307=VECTOR('',#7527,10.);
#2308=VECTOR('',#7528,10.);
#2309=VECTOR('',#7531,10.);
#2310=VECTOR('',#7532,10.);
#2311=VECTOR('',#7535,10.);
#2312=VECTOR('',#7538,10.);
#2313=VECTOR('',#7539,10.);
#2314=VECTOR('',#7542,10.);
#2315=VECTOR('',#7549,10.);
#2316=VECTOR('',#7570,10.);
#2317=VECTOR('',#7573,10.);
#2318=VECTOR('',#7576,10.);
#2319=VECTOR('',#7577,10.);
#2320=VECTOR('',#7580,10.);
#2321=VECTOR('',#7585,10.);
#2322=VECTOR('',#7588,10.);
#2323=VECTOR('',#7591,10.);
#2324=VECTOR('',#7596,10.);
#2325=VECTOR('',#7597,10.);
#2326=VECTOR('',#7598,10.);
#2327=VECTOR('',#7603,10.);
#2328=VECTOR('',#7608,10.);
#2329=VECTOR('',#7615,10.);
#2330=VECTOR('',#7618,10.);
#2331=VECTOR('',#7621,10.);
#2332=VECTOR('',#7622,10.);
#2333=VECTOR('',#7633,2.5);
#2334=VECTOR('',#7636,2.5);
#2335=VECTOR('',#7639,2.5);
#2336=VECTOR('',#7642,1.1);
#2337=VECTOR('',#7649,10.);
#2338=VECTOR('',#7650,10.);
#2339=VECTOR('',#7657,1.1);
#2340=VECTOR('',#7664,1.1);
#2341=VECTOR('',#7667,10.);
#2342=VECTOR('',#7672,1.1);
#2343=CIRCLE('',#6320,2.5);
#2344=CIRCLE('',#6321,2.5);
#2345=CIRCLE('',#6322,1.1);
#2346=CIRCLE('',#6324,2.5);
#2347=CIRCLE('',#6326,2.5);
#2348=CIRCLE('',#6327,1.1);
#2349=CIRCLE('',#6329,2.5);
#2350=CIRCLE('',#6330,2.5);
#2351=CIRCLE('',#6332,2.5);
#2352=CIRCLE('',#6333,2.5);
#2353=CIRCLE('',#6334,2.5);
#2354=CIRCLE('',#6335,2.5);
#2355=CIRCLE('',#6336,2.5);
#2356=CIRCLE('',#6337,2.5);
#2357=CIRCLE('',#6339,2.5);
#2358=CIRCLE('',#6341,1.15);
#2359=CIRCLE('',#6342,1.15);
#2360=CIRCLE('',#6344,1.75);
#2361=CIRCLE('',#6345,1.75);
#2362=CIRCLE('',#6346,1.75);
#2363=CIRCLE('',#6348,4.24999999999998);
#2364=CIRCLE('',#6349,1.75);
#2365=CIRCLE('',#6350,1.75);
#2366=CIRCLE('',#6352,1.75);
#2367=CIRCLE('',#6353,1.75);
#2368=CIRCLE('',#6355,4.24999999999998);
#2369=CIRCLE('',#6356,1.75);
#2370=CIRCLE('',#6357,1.75);
#2371=CIRCLE('',#6359,1.75);
#2372=CIRCLE('',#6363,2.5);
#2373=CIRCLE('',#6364,2.5);
#2374=CIRCLE('',#6365,1.15000000000001);
#2375=CIRCLE('',#6366,1.15);
#2376=CIRCLE('',#6368,1.15);
#2377=CIRCLE('',#6369,1.15);
#2378=CIRCLE('',#6372,2.5);
#2379=CIRCLE('',#6373,1.1);
#2380=CIRCLE('',#6376,1.15);
#2381=CIRCLE('',#6377,1.15);
#2382=CIRCLE('',#6380,2.5);
#2383=CIRCLE('',#6381,1.1);
#2384=CIRCLE('',#6383,0.75);
#2385=CIRCLE('',#6384,0.75);
#2386=CIRCLE('',#6385,1.75);
#2387=CIRCLE('',#6386,2.05);
#2388=CIRCLE('',#6387,1.75);
#2389=CIRCLE('',#6388,2.05);
#2390=CIRCLE('',#6390,1.15);
#2391=CIRCLE('',#6392,1.15);
#2392=CIRCLE('',#6394,3.85);
#2393=CIRCLE('',#6395,3.85);
#2394=CIRCLE('',#6396,3.85);
#2395=CIRCLE('',#6397,3.85);
#2396=CIRCLE('',#6490,0.75);
#2397=CIRCLE('',#6493,0.75);
#2398=CIRCLE('',#6496,1.45);
#2399=CIRCLE('',#6497,1.75);
#2400=CIRCLE('',#6498,1.75);
#2401=CIRCLE('',#6499,1.75);
#2402=CIRCLE('',#6502,1.45);
#2403=CIRCLE('',#6503,1.75);
#2404=CIRCLE('',#6504,1.75);
#2405=CIRCLE('',#6505,1.75);
#2406=CIRCLE('',#6514,2.05);
#2407=CIRCLE('',#6523,2.05);
#2408=CIRCLE('',#6541,2.5);
#2409=CIRCLE('',#6542,1.1);
#2410=CIRCLE('',#6544,2.5);
#2411=CIRCLE('',#6545,1.1);
#2412=CIRCLE('',#6547,3.85);
#2413=CIRCLE('',#6548,2.49999955296517);
#2414=CIRCLE('',#6551,2.49999955296517);
#2415=CIRCLE('',#6554,3.85);
#2416=CIRCLE('',#6555,2.5);
#2417=CIRCLE('',#6558,2.5);
#2418=CIRCLE('',#6559,3.85);
#2419=CIRCLE('',#6563,3.85);
#2420=CIRCLE('',#6564,2.5);
#2421=CIRCLE('',#6574,1.1);
#2422=CIRCLE('',#6578,2.5);
#2423=CIRCLE('',#6580,1.1);
#2424=VERTEX_POINT('',#7681);
#2425=VERTEX_POINT('',#7682);
#2426=VERTEX_POINT('',#7684);
#2427=VERTEX_POINT('',#7687);
#2428=VERTEX_POINT('',#7690);
#2429=VERTEX_POINT('',#7693);
#2430=VERTEX_POINT('',#7695);
#2431=VERTEX_POINT('',#7699);
#2432=VERTEX_POINT('',#7701);
#2433=VERTEX_POINT('',#7704);
#2434=VERTEX_POINT('',#7705);
#2435=VERTEX_POINT('',#7707);
#2436=VERTEX_POINT('',#7709);
#2437=VERTEX_POINT('',#7711);
#2438=VERTEX_POINT('',#7713);
#2439=VERTEX_POINT('',#7728);
#2440=VERTEX_POINT('',#7745);
#2441=VERTEX_POINT('',#7747);
#2442=VERTEX_POINT('',#7749);
#2443=VERTEX_POINT('',#7751);
#2444=VERTEX_POINT('',#7753);
#2445=VERTEX_POINT('',#7755);
#2446=VERTEX_POINT('',#7758);
#2447=VERTEX_POINT('',#7760);
#2448=VERTEX_POINT('',#7762);
#2449=VERTEX_POINT('',#7765);
#2450=VERTEX_POINT('',#7766);
#2451=VERTEX_POINT('',#7782);
#2452=VERTEX_POINT('',#7784);
#2453=VERTEX_POINT('',#7786);
#2454=VERTEX_POINT('',#7804);
#2455=VERTEX_POINT('',#7806);
#2456=VERTEX_POINT('',#7808);
#2457=VERTEX_POINT('',#7810);
#2458=VERTEX_POINT('',#7812);
#2459=VERTEX_POINT('',#7814);
#2460=VERTEX_POINT('',#7816);
#2461=VERTEX_POINT('',#7818);
#2462=VERTEX_POINT('',#7822);
#2463=VERTEX_POINT('',#7824);
#2464=VERTEX_POINT('',#7829);
#2465=VERTEX_POINT('',#7831);
#2466=VERTEX_POINT('',#7835);
#2467=VERTEX_POINT('',#7837);
#2468=VERTEX_POINT('',#7841);
#2469=VERTEX_POINT('',#7843);
#2470=VERTEX_POINT('',#7850);
#2471=VERTEX_POINT('',#7852);
#2472=VERTEX_POINT('',#7856);
#2473=VERTEX_POINT('',#7858);
#2474=VERTEX_POINT('',#7862);
#2475=VERTEX_POINT('',#7864);
#2476=VERTEX_POINT('',#7866);
#2477=VERTEX_POINT('',#7868);
#2478=VERTEX_POINT('',#7870);
#2479=VERTEX_POINT('',#7873);
#2480=VERTEX_POINT('',#7875);
#2481=VERTEX_POINT('',#7877);
#2482=VERTEX_POINT('',#7881);
#2483=VERTEX_POINT('',#7882);
#2484=VERTEX_POINT('',#7885);
#2485=VERTEX_POINT('',#7887);
#2486=VERTEX_POINT('',#7891);
#2487=VERTEX_POINT('',#7893);
#2488=VERTEX_POINT('',#7895);
#2489=VERTEX_POINT('',#7897);
#2490=VERTEX_POINT('',#7899);
#2491=VERTEX_POINT('',#7901);
#2492=VERTEX_POINT('',#7903);
#2493=VERTEX_POINT('',#7905);
#2494=VERTEX_POINT('',#7907);
#2495=VERTEX_POINT('',#7909);
#2496=VERTEX_POINT('',#7911);
#2497=VERTEX_POINT('',#7913);
#2498=VERTEX_POINT('',#7915);
#2499=VERTEX_POINT('',#7918);
#2500=VERTEX_POINT('',#7919);
#2501=VERTEX_POINT('',#7921);
#2502=VERTEX_POINT('',#7923);
#2503=VERTEX_POINT('',#7926);
#2504=VERTEX_POINT('',#7927);
#2505=VERTEX_POINT('',#7929);
#2506=VERTEX_POINT('',#7931);
#2507=VERTEX_POINT('',#7935);
#2508=VERTEX_POINT('',#7937);
#2509=VERTEX_POINT('',#7940);
#2510=VERTEX_POINT('',#7943);
#2511=VERTEX_POINT('',#7947);
#2512=VERTEX_POINT('',#7948);
#2513=VERTEX_POINT('',#7951);
#2514=VERTEX_POINT('',#7953);
#2515=VERTEX_POINT('',#7957);
#2516=VERTEX_POINT('',#7959);
#2517=VERTEX_POINT('',#7963);
#2518=VERTEX_POINT('',#7965);
#2519=VERTEX_POINT('',#7968);
#2520=VERTEX_POINT('',#7971);
#2521=VERTEX_POINT('',#7973);
#2522=VERTEX_POINT('',#7975);
#2523=VERTEX_POINT('',#7977);
#2524=VERTEX_POINT('',#7979);
#2525=VERTEX_POINT('',#7981);
#2526=VERTEX_POINT('',#7983);
#2527=VERTEX_POINT('',#7985);
#2528=VERTEX_POINT('',#7987);
#2529=VERTEX_POINT('',#7989);
#2530=VERTEX_POINT('',#7991);
#2531=VERTEX_POINT('',#7993);
#2532=VERTEX_POINT('',#7996);
#2533=VERTEX_POINT('',#7998);
#2534=VERTEX_POINT('',#8000);
#2535=VERTEX_POINT('',#8001);
#2536=VERTEX_POINT('',#8003);
#2537=VERTEX_POINT('',#8005);
#2538=VERTEX_POINT('',#8007);
#2539=VERTEX_POINT('',#8009);
#2540=VERTEX_POINT('',#8011);
#2541=VERTEX_POINT('',#8013);
#2542=VERTEX_POINT('',#8016);
#2543=VERTEX_POINT('',#8017);
#2544=VERTEX_POINT('',#8019);
#2545=VERTEX_POINT('',#8021);
#2546=VERTEX_POINT('',#8023);
#2547=VERTEX_POINT('',#8025);
#2548=VERTEX_POINT('',#8027);
#2549=VERTEX_POINT('',#8029);
#2550=VERTEX_POINT('',#8033);
#2551=VERTEX_POINT('',#8037);
#2552=VERTEX_POINT('',#8043);
#2553=VERTEX_POINT('',#8045);
#2554=VERTEX_POINT('',#8057);
#2555=VERTEX_POINT('',#8058);
#2556=VERTEX_POINT('',#8060);
#2557=VERTEX_POINT('',#8062);
#2558=VERTEX_POINT('',#8065);
#2559=VERTEX_POINT('',#8066);
#2560=VERTEX_POINT('',#8072);
#2561=VERTEX_POINT('',#8078);
#2562=VERTEX_POINT('',#8084);
#2563=VERTEX_POINT('',#8090);
#2564=VERTEX_POINT('',#8096);
#2565=VERTEX_POINT('',#8102);
#2566=VERTEX_POINT('',#8108);
#2567=VERTEX_POINT('',#8114);
#2568=VERTEX_POINT('',#8120);
#2569=VERTEX_POINT('',#8126);
#2570=VERTEX_POINT('',#8128);
#2571=VERTEX_POINT('',#8134);
#2572=VERTEX_POINT('',#8140);
#2573=VERTEX_POINT('',#8146);
#2574=VERTEX_POINT('',#8152);
#2575=VERTEX_POINT('',#8158);
#2576=VERTEX_POINT('',#8164);
#2577=VERTEX_POINT('',#8170);
#2578=VERTEX_POINT('',#8176);
#2579=VERTEX_POINT('',#8182);
#2580=VERTEX_POINT('',#8189);
#2581=VERTEX_POINT('',#8190);
#2582=VERTEX_POINT('',#8192);
#2583=VERTEX_POINT('',#8194);
#2584=VERTEX_POINT('',#8196);
#2585=VERTEX_POINT('',#8198);
#2586=VERTEX_POINT('',#8200);
#2587=VERTEX_POINT('',#8202);
#2588=VERTEX_POINT('',#8208);
#2589=VERTEX_POINT('',#8214);
#2590=VERTEX_POINT('',#8220);
#2591=VERTEX_POINT('',#8226);
#2592=VERTEX_POINT('',#8228);
#2593=VERTEX_POINT('',#8234);
#2594=VERTEX_POINT('',#8240);
#2595=VERTEX_POINT('',#8251);
#2596=VERTEX_POINT('',#8252);
#2597=VERTEX_POINT('',#8258);
#2598=VERTEX_POINT('',#8264);
#2599=VERTEX_POINT('',#8270);
#2600=VERTEX_POINT('',#8276);
#2601=VERTEX_POINT('',#8278);
#2602=VERTEX_POINT('',#8284);
#2603=VERTEX_POINT('',#8290);
#2604=VERTEX_POINT('',#8296);
#2605=VERTEX_POINT('',#8302);
#2606=VERTEX_POINT('',#8308);
#2607=VERTEX_POINT('',#8314);
#2608=VERTEX_POINT('',#8320);
#2609=VERTEX_POINT('',#8322);
#2610=VERTEX_POINT('',#8328);
#2611=VERTEX_POINT('',#8334);
#2612=VERTEX_POINT('',#8340);
#2613=VERTEX_POINT('',#8346);
#2614=VERTEX_POINT('',#8352);
#2615=VERTEX_POINT('',#8358);
#2616=VERTEX_POINT('',#8364);
#2617=VERTEX_POINT('',#8370);
#2618=VERTEX_POINT('',#8372);
#2619=VERTEX_POINT('',#8378);
#2620=VERTEX_POINT('',#8384);
#2621=VERTEX_POINT('',#8390);
#2622=VERTEX_POINT('',#8396);
#2623=VERTEX_POINT('',#8402);
#2624=VERTEX_POINT('',#8408);
#2625=VERTEX_POINT('',#8414);
#2626=VERTEX_POINT('',#8416);
#2627=VERTEX_POINT('',#8422);
#2628=VERTEX_POINT('',#8428);
#2629=VERTEX_POINT('',#8439);
#2630=VERTEX_POINT('',#8440);
#2631=VERTEX_POINT('',#8446);
#2632=VERTEX_POINT('',#8452);
#2633=VERTEX_POINT('',#8458);
#2634=VERTEX_POINT('',#8464);
#2635=VERTEX_POINT('',#8470);
#2636=VERTEX_POINT('',#8476);
#2637=VERTEX_POINT('',#8482);
#2638=VERTEX_POINT('',#8488);
#2639=VERTEX_POINT('',#8494);
#2640=VERTEX_POINT('',#8500);
#2641=VERTEX_POINT('',#8506);
#2642=VERTEX_POINT('',#8517);
#2643=VERTEX_POINT('',#8518);
#2644=VERTEX_POINT('',#8524);
#2645=VERTEX_POINT('',#8526);
#2646=VERTEX_POINT('',#8528);
#2647=VERTEX_POINT('',#8530);
#2648=VERTEX_POINT('',#8536);
#2649=VERTEX_POINT('',#8542);
#2650=VERTEX_POINT('',#8548);
#2651=VERTEX_POINT('',#8559);
#2652=VERTEX_POINT('',#8560);
#2653=VERTEX_POINT('',#8566);
#2654=VERTEX_POINT('',#8572);
#2655=VERTEX_POINT('',#8578);
#2656=VERTEX_POINT('',#8584);
#2657=VERTEX_POINT('',#8590);
#2658=VERTEX_POINT('',#8596);
#2659=VERTEX_POINT('',#8607);
#2660=VERTEX_POINT('',#8608);
#2661=VERTEX_POINT('',#8610);
#2662=VERTEX_POINT('',#8612);
#2663=VERTEX_POINT('',#8614);
#2664=VERTEX_POINT('',#8616);
#2665=VERTEX_POINT('',#8618);
#2666=VERTEX_POINT('',#8620);
#2667=VERTEX_POINT('',#8626);
#2668=VERTEX_POINT('',#8632);
#2669=VERTEX_POINT('',#8638);
#2670=VERTEX_POINT('',#8644);
#2671=VERTEX_POINT('',#8650);
#2672=VERTEX_POINT('',#8656);
#2673=VERTEX_POINT('',#8662);
#2674=VERTEX_POINT('',#8668);
#2675=VERTEX_POINT('',#8670);
#2676=VERTEX_POINT('',#8672);
#2677=VERTEX_POINT('',#8674);
#2678=VERTEX_POINT('',#8680);
#2679=VERTEX_POINT('',#8686);
#2680=VERTEX_POINT('',#8692);
#2681=VERTEX_POINT('',#8698);
#2682=VERTEX_POINT('',#8700);
#2683=VERTEX_POINT('',#8702);
#2684=VERTEX_POINT('',#8704);
#2685=VERTEX_POINT('',#8710);
#2686=VERTEX_POINT('',#8716);
#2687=VERTEX_POINT('',#8727);
#2688=VERTEX_POINT('',#8728);
#2689=VERTEX_POINT('',#8730);
#2690=VERTEX_POINT('',#8732);
#2691=VERTEX_POINT('',#8735);
#2692=VERTEX_POINT('',#8736);
#2693=VERTEX_POINT('',#8738);
#2694=VERTEX_POINT('',#8740);
#2695=VERTEX_POINT('',#8743);
#2696=VERTEX_POINT('',#8744);
#2697=VERTEX_POINT('',#8746);
#2698=VERTEX_POINT('',#8749);
#2699=VERTEX_POINT('',#8750);
#2700=VERTEX_POINT('',#8752);
#2701=VERTEX_POINT('',#8754);
#2702=VERTEX_POINT('',#8756);
#2703=VERTEX_POINT('',#8758);
#2704=VERTEX_POINT('',#8760);
#2705=VERTEX_POINT('',#8766);
#2706=VERTEX_POINT('',#8772);
#2707=VERTEX_POINT('',#8774);
#2708=VERTEX_POINT('',#8780);
#2709=VERTEX_POINT('',#8786);
#2710=VERTEX_POINT('',#8789);
#2711=VERTEX_POINT('',#8790);
#2712=VERTEX_POINT('',#8792);
#2713=VERTEX_POINT('',#8794);
#2714=VERTEX_POINT('',#8796);
#2715=VERTEX_POINT('',#8798);
#2716=VERTEX_POINT('',#8801);
#2717=VERTEX_POINT('',#8802);
#2718=VERTEX_POINT('',#8808);
#2719=VERTEX_POINT('',#8814);
#2720=VERTEX_POINT('',#8820);
#2721=VERTEX_POINT('',#8826);
#2722=VERTEX_POINT('',#8832);
#2723=VERTEX_POINT('',#8838);
#2724=VERTEX_POINT('',#8844);
#2725=VERTEX_POINT('',#8850);
#2726=VERTEX_POINT('',#8856);
#2727=VERTEX_POINT('',#8862);
#2728=VERTEX_POINT('',#8874);
#2729=VERTEX_POINT('',#8875);
#2730=VERTEX_POINT('',#8877);
#2731=VERTEX_POINT('',#8879);
#2732=VERTEX_POINT('',#8883);
#2733=VERTEX_POINT('',#8885);
#2734=VERTEX_POINT('',#8894);
#2735=VERTEX_POINT('',#8896);
#2736=VERTEX_POINT('',#8900);
#2737=VERTEX_POINT('',#8902);
#2738=VERTEX_POINT('',#8906);
#2739=VERTEX_POINT('',#8908);
#2740=VERTEX_POINT('',#8912);
#2741=VERTEX_POINT('',#8914);
#2742=VERTEX_POINT('',#8922);
#2743=VERTEX_POINT('',#8923);
#2744=VERTEX_POINT('',#8925);
#2745=VERTEX_POINT('',#8927);
#2746=VERTEX_POINT('',#8931);
#2747=VERTEX_POINT('',#8933);
#2748=VERTEX_POINT('',#8942);
#2749=VERTEX_POINT('',#8944);
#2750=VERTEX_POINT('',#8948);
#2751=VERTEX_POINT('',#8949);
#2752=VERTEX_POINT('',#8951);
#2753=VERTEX_POINT('',#8953);
#2754=VERTEX_POINT('',#8957);
#2755=VERTEX_POINT('',#8959);
#2756=VERTEX_POINT('',#8970);
#2757=VERTEX_POINT('',#8972);
#2758=VERTEX_POINT('',#8976);
#2759=VERTEX_POINT('',#8980);
#2760=VERTEX_POINT('',#8996);
#2761=VERTEX_POINT('',#8998);
#2762=VERTEX_POINT('',#9006);
#2763=VERTEX_POINT('',#9019);
#2764=VERTEX_POINT('',#9036);
#2765=VERTEX_POINT('',#9053);
#2766=VERTEX_POINT('',#9070);
#2767=VERTEX_POINT('',#9087);
#2768=VERTEX_POINT('',#9104);
#2769=VERTEX_POINT('',#9121);
#2770=VERTEX_POINT('',#9138);
#2771=VERTEX_POINT('',#9155);
#2772=VERTEX_POINT('',#9172);
#2773=VERTEX_POINT('',#9180);
#2774=VERTEX_POINT('',#9193);
#2775=VERTEX_POINT('',#9210);
#2776=VERTEX_POINT('',#9227);
#2777=VERTEX_POINT('',#9244);
#2778=VERTEX_POINT('',#9261);
#2779=VERTEX_POINT('',#9278);
#2780=VERTEX_POINT('',#9295);
#2781=VERTEX_POINT('',#9312);
#2782=VERTEX_POINT('',#9336);
#2783=VERTEX_POINT('',#9338);
#2784=VERTEX_POINT('',#9351);
#2785=VERTEX_POINT('',#9368);
#2786=VERTEX_POINT('',#9385);
#2787=VERTEX_POINT('',#9402);
#2788=VERTEX_POINT('',#9410);
#2789=VERTEX_POINT('',#9423);
#2790=VERTEX_POINT('',#9440);
#2791=VERTEX_POINT('',#9457);
#2792=VERTEX_POINT('',#9474);
#2793=VERTEX_POINT('',#9482);
#2794=VERTEX_POINT('',#9486);
#2795=VERTEX_POINT('',#9490);
#2796=VERTEX_POINT('',#9494);
#2797=VERTEX_POINT('',#9510);
#2798=VERTEX_POINT('',#9512);
#2799=VERTEX_POINT('',#9529);
#2800=VERTEX_POINT('',#9546);
#2801=VERTEX_POINT('',#9563);
#2802=VERTEX_POINT('',#9580);
#2803=VERTEX_POINT('',#9588);
#2804=VERTEX_POINT('',#9601);
#2805=VERTEX_POINT('',#9618);
#2806=VERTEX_POINT('',#9635);
#2807=VERTEX_POINT('',#9652);
#2808=VERTEX_POINT('',#9669);
#2809=VERTEX_POINT('',#9686);
#2810=VERTEX_POINT('',#9703);
#2811=VERTEX_POINT('',#9711);
#2812=VERTEX_POINT('',#9724);
#2813=VERTEX_POINT('',#9741);
#2814=VERTEX_POINT('',#9758);
#2815=VERTEX_POINT('',#9775);
#2816=VERTEX_POINT('',#9792);
#2817=VERTEX_POINT('',#9809);
#2818=VERTEX_POINT('',#9826);
#2819=VERTEX_POINT('',#9843);
#2820=VERTEX_POINT('',#9851);
#2821=VERTEX_POINT('',#9864);
#2822=VERTEX_POINT('',#9881);
#2823=VERTEX_POINT('',#9898);
#2824=VERTEX_POINT('',#9915);
#2825=VERTEX_POINT('',#9932);
#2826=VERTEX_POINT('',#9949);
#2827=VERTEX_POINT('',#9966);
#2828=VERTEX_POINT('',#9974);
#2829=VERTEX_POINT('',#9987);
#2830=VERTEX_POINT('',#10004);
#2831=VERTEX_POINT('',#10037);
#2832=VERTEX_POINT('',#10038);
#2833=VERTEX_POINT('',#10044);
#2834=VERTEX_POINT('',#10046);
#2835=VERTEX_POINT('',#10063);
#2836=VERTEX_POINT('',#10069);
#2837=VERTEX_POINT('',#10086);
#2838=VERTEX_POINT('',#10092);
#2839=VERTEX_POINT('',#10109);
#2840=VERTEX_POINT('',#10115);
#2841=VERTEX_POINT('',#10132);
#2842=VERTEX_POINT('',#10138);
#2843=VERTEX_POINT('',#10155);
#2844=VERTEX_POINT('',#10161);
#2845=VERTEX_POINT('',#10178);
#2846=VERTEX_POINT('',#10184);
#2847=VERTEX_POINT('',#10201);
#2848=VERTEX_POINT('',#10207);
#2849=VERTEX_POINT('',#10224);
#2850=VERTEX_POINT('',#10230);
#2851=VERTEX_POINT('',#10247);
#2852=VERTEX_POINT('',#10253);
#2853=VERTEX_POINT('',#10270);
#2854=VERTEX_POINT('',#10276);
#2855=VERTEX_POINT('',#10313);
#2856=VERTEX_POINT('',#10315);
#2857=VERTEX_POINT('',#10332);
#2858=VERTEX_POINT('',#10349);
#2859=VERTEX_POINT('',#10366);
#2860=VERTEX_POINT('',#10383);
#2861=VERTEX_POINT('',#10400);
#2862=VERTEX_POINT('',#10417);
#2863=VERTEX_POINT('',#10434);
#2864=VERTEX_POINT('',#10451);
#2865=VERTEX_POINT('',#10468);
#2866=VERTEX_POINT('',#10485);
#2867=VERTEX_POINT('',#10502);
#2868=VERTEX_POINT('',#10526);
#2869=VERTEX_POINT('',#10527);
#2870=VERTEX_POINT('',#10529);
#2871=VERTEX_POINT('',#10531);
#2872=VERTEX_POINT('',#10544);
#2873=VERTEX_POINT('',#10550);
#2874=VERTEX_POINT('',#10567);
#2875=VERTEX_POINT('',#10573);
#2876=VERTEX_POINT('',#10590);
#2877=VERTEX_POINT('',#10596);
#2878=VERTEX_POINT('',#10613);
#2879=VERTEX_POINT('',#10619);
#2880=VERTEX_POINT('',#10636);
#2881=VERTEX_POINT('',#10642);
#2882=VERTEX_POINT('',#10659);
#2883=VERTEX_POINT('',#10665);
#2884=VERTEX_POINT('',#10673);
#2885=VERTEX_POINT('',#10675);
#2886=VERTEX_POINT('',#10691);
#2887=VERTEX_POINT('',#10693);
#2888=VERTEX_POINT('',#10710);
#2889=VERTEX_POINT('',#10727);
#2890=VERTEX_POINT('',#10744);
#2891=VERTEX_POINT('',#10761);
#2892=VERTEX_POINT('',#10778);
#2893=VERTEX_POINT('',#10786);
#2894=VERTEX_POINT('',#10790);
#2895=VERTEX_POINT('',#10806);
#2896=VERTEX_POINT('',#10808);
#2897=VERTEX_POINT('',#10825);
#2898=VERTEX_POINT('',#10842);
#2899=VERTEX_POINT('',#10859);
#2900=VERTEX_POINT('',#10876);
#2901=VERTEX_POINT('',#10893);
#2902=VERTEX_POINT('',#10910);
#2903=VERTEX_POINT('',#10934);
#2904=VERTEX_POINT('',#10936);
#2905=VERTEX_POINT('',#10949);
#2906=VERTEX_POINT('',#10966);
#2907=VERTEX_POINT('',#10983);
#2908=VERTEX_POINT('',#11000);
#2909=VERTEX_POINT('',#11008);
#2910=VERTEX_POINT('',#11012);
#2911=VERTEX_POINT('',#11016);
#2912=VERTEX_POINT('',#11029);
#2913=VERTEX_POINT('',#11046);
#2914=VERTEX_POINT('',#11063);
#2915=VERTEX_POINT('',#11080);
#2916=VERTEX_POINT('',#11088);
#2917=VERTEX_POINT('',#11092);
#2918=VERTEX_POINT('',#11096);
#2919=VERTEX_POINT('',#11109);
#2920=VERTEX_POINT('',#11126);
#2921=VERTEX_POINT('',#11143);
#2922=VERTEX_POINT('',#11160);
#2923=VERTEX_POINT('',#11177);
#2924=VERTEX_POINT('',#11194);
#2925=VERTEX_POINT('',#11211);
#2926=VERTEX_POINT('',#11228);
#2927=VERTEX_POINT('',#11236);
#2928=VERTEX_POINT('',#11240);
#2929=VERTEX_POINT('',#11244);
#2930=VERTEX_POINT('',#11248);
#2931=VERTEX_POINT('',#11266);
#2932=VERTEX_POINT('',#11267);
#2933=VERTEX_POINT('',#11273);
#2934=VERTEX_POINT('',#11275);
#2935=VERTEX_POINT('',#11292);
#2936=VERTEX_POINT('',#11298);
#2937=VERTEX_POINT('',#11315);
#2938=VERTEX_POINT('',#11321);
#2939=VERTEX_POINT('',#11338);
#2940=VERTEX_POINT('',#11344);
#2941=VERTEX_POINT('',#11361);
#2942=VERTEX_POINT('',#11367);
#2943=VERTEX_POINT('',#11384);
#2944=VERTEX_POINT('',#11390);
#2945=VERTEX_POINT('',#11407);
#2946=VERTEX_POINT('',#11413);
#2947=VERTEX_POINT('',#11430);
#2948=VERTEX_POINT('',#11436);
#2949=VERTEX_POINT('',#11453);
#2950=VERTEX_POINT('',#11459);
#2951=VERTEX_POINT('',#11476);
#2952=VERTEX_POINT('',#11482);
#2953=VERTEX_POINT('',#11499);
#2954=VERTEX_POINT('',#11505);
#2955=VERTEX_POINT('',#11542);
#2956=VERTEX_POINT('',#11544);
#2957=VERTEX_POINT('',#11561);
#2958=VERTEX_POINT('',#11578);
#2959=VERTEX_POINT('',#11595);
#2960=VERTEX_POINT('',#11612);
#2961=VERTEX_POINT('',#11629);
#2962=VERTEX_POINT('',#11646);
#2963=VERTEX_POINT('',#11663);
#2964=VERTEX_POINT('',#11680);
#2965=VERTEX_POINT('',#11697);
#2966=VERTEX_POINT('',#11714);
#2967=VERTEX_POINT('',#11738);
#2968=VERTEX_POINT('',#11740);
#2969=VERTEX_POINT('',#11744);
#2970=VERTEX_POINT('',#11748);
#2971=VERTEX_POINT('',#11752);
#2972=VERTEX_POINT('',#11756);
#2973=VERTEX_POINT('',#11763);
#2974=VERTEX_POINT('',#11765);
#2975=VERTEX_POINT('',#11769);
#2976=VERTEX_POINT('',#11773);
#2977=VERTEX_POINT('',#11786);
#2978=VERTEX_POINT('',#11803);
#2979=VERTEX_POINT('',#11811);
#2980=VERTEX_POINT('',#11824);
#2981=VERTEX_POINT('',#11841);
#2982=VERTEX_POINT('',#11849);
#2983=VERTEX_POINT('',#11853);
#2984=VERTEX_POINT('',#11857);
#2985=VERTEX_POINT('',#11865);
#2986=VERTEX_POINT('',#11867);
#2987=VERTEX_POINT('',#11871);
#2988=VERTEX_POINT('',#11878);
#2989=VERTEX_POINT('',#11883);
#2990=VERTEX_POINT('',#11888);
#2991=VERTEX_POINT('',#11890);
#2992=VERTEX_POINT('',#11892);
#2993=VERTEX_POINT('',#11894);
#2994=VERTEX_POINT('',#11899);
#2995=VERTEX_POINT('',#11901);
#2996=VERTEX_POINT('',#11903);
#2997=VERTEX_POINT('',#11905);
#2998=VERTEX_POINT('',#11910);
#2999=VERTEX_POINT('',#11912);
#3000=VERTEX_POINT('',#11921);
#3001=VERTEX_POINT('',#11925);
#3002=VERTEX_POINT('',#11929);
#3003=VERTEX_POINT('',#11933);
#3004=VERTEX_POINT('',#11939);
#3005=VERTEX_POINT('',#11941);
#3006=VERTEX_POINT('',#11950);
#3007=VERTEX_POINT('',#11954);
#3008=VERTEX_POINT('',#11958);
#3009=VERTEX_POINT('',#11962);
#3010=VERTEX_POINT('',#11968);
#3011=VERTEX_POINT('',#11970);
#3012=VERTEX_POINT('',#11977);
#3013=VERTEX_POINT('',#11979);
#3014=VERTEX_POINT('',#11986);
#3015=VERTEX_POINT('',#11988);
#3016=VERTEX_POINT('',#11992);
#3017=VERTEX_POINT('',#11996);
#3018=VERTEX_POINT('',#12013);
#3019=VERTEX_POINT('',#12015);
#3020=VERTEX_POINT('',#12018);
#3021=VERTEX_POINT('',#12020);
#3022=VERTEX_POINT('',#12024);
#3023=VERTEX_POINT('',#12026);
#3024=VERTEX_POINT('',#12030);
#3025=VERTEX_POINT('',#12034);
#3026=VERTEX_POINT('',#12040);
#3027=VERTEX_POINT('',#12043);
#3028=VERTEX_POINT('',#12047);
#3029=VERTEX_POINT('',#12052);
#3030=VERTEX_POINT('',#12061);
#3031=VERTEX_POINT('',#12063);
#3032=VERTEX_POINT('',#12067);
#3033=VERTEX_POINT('',#12081);
#3034=VERTEX_POINT('',#12086);
#3035=VERTEX_POINT('',#12092);
#3036=EDGE_CURVE('',#2424,#2425,#2343,.T.);
#3037=EDGE_CURVE('',#2426,#2424,#1247,.T.);
#3038=EDGE_CURVE('',#2425,#2426,#2344,.T.);
#3039=EDGE_CURVE('',#2427,#2427,#2345,.T.);
#3040=EDGE_CURVE('',#2428,#2428,#2346,.T.);
#3041=EDGE_CURVE('',#2428,#2425,#1248,.T.);
#3042=EDGE_CURVE('',#2429,#2426,#1249,.T.);
#3043=EDGE_CURVE('',#2429,#2430,#1250,.T.);
#3044=EDGE_CURVE('',#2430,#2424,#1251,.T.);
#3045=EDGE_CURVE('',#2431,#2431,#2347,.T.);
#3046=EDGE_CURVE('',#2432,#2432,#2348,.T.);
#3047=EDGE_CURVE('',#2433,#2434,#2349,.T.);
#3048=EDGE_CURVE('',#2434,#2435,#1252,.T.);
#3049=EDGE_CURVE('',#2435,#2436,#2350,.T.);
#3050=EDGE_CURVE('',#2436,#2437,#1253,.T.);
#3051=EDGE_CURVE('',#2438,#2437,#166,.T.);
#3052=EDGE_CURVE('',#2439,#2438,#167,.T.);
#3053=EDGE_CURVE('',#2439,#2433,#1254,.T.);
#3054=EDGE_CURVE('',#2435,#2440,#1255,.T.);
#3055=EDGE_CURVE('',#2441,#2440,#2351,.T.);
#3056=EDGE_CURVE('',#2441,#2442,#1256,.T.);
#3057=EDGE_CURVE('',#2443,#2442,#2352,.T.);
#3058=EDGE_CURVE('',#2443,#2444,#1257,.T.);
#3059=EDGE_CURVE('',#2445,#2444,#2353,.T.);
#3060=EDGE_CURVE('',#2445,#2436,#1258,.T.);
#3061=EDGE_CURVE('',#2446,#2446,#2354,.T.);
#3062=EDGE_CURVE('',#2447,#2447,#2355,.T.);
#3063=EDGE_CURVE('',#2448,#2448,#2356,.T.);
#3064=EDGE_CURVE('',#2449,#2450,#168,.T.);
#3065=EDGE_CURVE('',#2449,#2445,#1259,.T.);
#3066=EDGE_CURVE('',#2444,#2451,#1260,.T.);
#3067=EDGE_CURVE('',#2451,#2452,#2357,.T.);
#3068=EDGE_CURVE('',#2452,#2453,#1261,.T.);
#3069=EDGE_CURVE('',#2450,#2453,#169,.T.);
#3070=EDGE_CURVE('',#2433,#2452,#1262,.T.);
#3071=EDGE_CURVE('',#2451,#2454,#1263,.T.);
#3072=EDGE_CURVE('',#2454,#2455,#1264,.T.);
#3073=EDGE_CURVE('',#2455,#2456,#1265,.T.);
#3074=EDGE_CURVE('',#2457,#2456,#2358,.T.);
#3075=EDGE_CURVE('',#2457,#2458,#1266,.T.);
#3076=EDGE_CURVE('',#2459,#2458,#2359,.T.);
#3077=EDGE_CURVE('',#2459,#2460,#1267,.T.);
#3078=EDGE_CURVE('',#2460,#2461,#1268,.T.);
#3079=EDGE_CURVE('',#2461,#2434,#1269,.T.);
#3080=EDGE_CURVE('',#2450,#2462,#1270,.T.);
#3081=EDGE_CURVE('',#2462,#2463,#2360,.T.);
#3082=EDGE_CURVE('',#2463,#2462,#2361,.T.);
#3083=EDGE_CURVE('',#2449,#2453,#2362,.T.);
#3084=EDGE_CURVE('',#2463,#2464,#2363,.T.);
#3085=EDGE_CURVE('',#2464,#2465,#2364,.T.);
#3086=EDGE_CURVE('',#2465,#2464,#2365,.T.);
#3087=EDGE_CURVE('',#2465,#2466,#1271,.T.);
#3088=EDGE_CURVE('',#2466,#2467,#2366,.T.);
#3089=EDGE_CURVE('',#2467,#2466,#2367,.T.);
#3090=EDGE_CURVE('',#2467,#2468,#2368,.T.);
#3091=EDGE_CURVE('',#2468,#2469,#2369,.T.);
#3092=EDGE_CURVE('',#2469,#2468,#2370,.T.);
#3093=EDGE_CURVE('',#2469,#2438,#1272,.T.);
#3094=EDGE_CURVE('',#2439,#2437,#2371,.T.);
#3095=EDGE_CURVE('',#2460,#2470,#1273,.T.);
#3096=EDGE_CURVE('',#2471,#2470,#1274,.T.);
#3097=EDGE_CURVE('',#2461,#2471,#1275,.T.);
#3098=EDGE_CURVE('',#2454,#2472,#1276,.T.);
#3099=EDGE_CURVE('',#2473,#2472,#1277,.T.);
#3100=EDGE_CURVE('',#2455,#2473,#1278,.T.);
#3101=EDGE_CURVE('',#2474,#2473,#1279,.T.);
#3102=EDGE_CURVE('',#2472,#2475,#1280,.T.);
#3103=EDGE_CURVE('',#2475,#2476,#2372,.T.);
#3104=EDGE_CURVE('',#2476,#2477,#1281,.T.);
#3105=EDGE_CURVE('',#2477,#2478,#2373,.T.);
#3106=EDGE_CURVE('',#2478,#2471,#1282,.T.);
#3107=EDGE_CURVE('',#2470,#2479,#1283,.T.);
#3108=EDGE_CURVE('',#2479,#2480,#2374,.T.);
#3109=EDGE_CURVE('',#2480,#2481,#1284,.T.);
#3110=EDGE_CURVE('',#2481,#2474,#2375,.T.);
#3111=EDGE_CURVE('',#2482,#2483,#2376,.T.);
#3112=EDGE_CURVE('',#2482,#2459,#1285,.T.);
#3113=EDGE_CURVE('',#2458,#2484,#1286,.T.);
#3114=EDGE_CURVE('',#2485,#2484,#2377,.T.);
#3115=EDGE_CURVE('',#2483,#2485,#1287,.T.);
#3116=EDGE_CURVE('',#2482,#2486,#1288,.T.);
#3117=EDGE_CURVE('',#2486,#2487,#1289,.T.);
#3118=EDGE_CURVE('',#2487,#2488,#1290,.T.);
#3119=EDGE_CURVE('',#2488,#2489,#1291,.T.);
#3120=EDGE_CURVE('',#2489,#2490,#1292,.T.);
#3121=EDGE_CURVE('',#2490,#2491,#1293,.T.);
#3122=EDGE_CURVE('',#2491,#2492,#1294,.T.);
#3123=EDGE_CURVE('',#2492,#2493,#1295,.T.);
#3124=EDGE_CURVE('',#2493,#2494,#1296,.T.);
#3125=EDGE_CURVE('',#2494,#2495,#1297,.T.);
#3126=EDGE_CURVE('',#2495,#2496,#1298,.T.);
#3127=EDGE_CURVE('',#2496,#2497,#1299,.T.);
#3128=EDGE_CURVE('',#2497,#2498,#1300,.T.);
#3129=EDGE_CURVE('',#2479,#2498,#1301,.T.);
#3130=EDGE_CURVE('',#2499,#2500,#1302,.T.);
#3131=EDGE_CURVE('',#2501,#2500,#1303,.T.);
#3132=EDGE_CURVE('',#2501,#2502,#1304,.T.);
#3133=EDGE_CURVE('',#2499,#2502,#1305,.T.);
#3134=EDGE_CURVE('',#2503,#2504,#1306,.T.);
#3135=EDGE_CURVE('',#2504,#2505,#1307,.T.);
#3136=EDGE_CURVE('',#2505,#2506,#1308,.T.);
#3137=EDGE_CURVE('',#2506,#2503,#1309,.T.);
#3138=EDGE_CURVE('',#2483,#2507,#1310,.T.);
#3139=EDGE_CURVE('',#2507,#2508,#2378,.T.);
#3140=EDGE_CURVE('',#2508,#2486,#1311,.T.);
#3141=EDGE_CURVE('',#2509,#2509,#2379,.T.);
#3142=EDGE_CURVE('',#2485,#2510,#1312,.T.);
#3143=EDGE_CURVE('',#2507,#2510,#1313,.T.);
#3144=EDGE_CURVE('',#2511,#2512,#2380,.T.);
#3145=EDGE_CURVE('',#2511,#2457,#1314,.T.);
#3146=EDGE_CURVE('',#2456,#2513,#1315,.T.);
#3147=EDGE_CURVE('',#2514,#2513,#2381,.T.);
#3148=EDGE_CURVE('',#2512,#2514,#1316,.T.);
#3149=EDGE_CURVE('',#2514,#2515,#1317,.T.);
#3150=EDGE_CURVE('',#2515,#2516,#1318,.T.);
#3151=EDGE_CURVE('',#2516,#2512,#1319,.T.);
#3152=EDGE_CURVE('',#2517,#2513,#1320,.T.);
#3153=EDGE_CURVE('',#2518,#2517,#1321,.T.);
#3154=EDGE_CURVE('',#2518,#2515,#2382,.T.);
#3155=EDGE_CURVE('',#2519,#2519,#2383,.T.);
#3156=EDGE_CURVE('',#2520,#2474,#1322,.T.);
#3157=EDGE_CURVE('',#2520,#2521,#1323,.T.);
#3158=EDGE_CURVE('',#2521,#2522,#1324,.T.);
#3159=EDGE_CURVE('',#2522,#2523,#1325,.T.);
#3160=EDGE_CURVE('',#2523,#2524,#1326,.T.);
#3161=EDGE_CURVE('',#2524,#2525,#1327,.T.);
#3162=EDGE_CURVE('',#2525,#2526,#1328,.T.);
#3163=EDGE_CURVE('',#2526,#2527,#1329,.T.);
#3164=EDGE_CURVE('',#2527,#2528,#1330,.T.);
#3165=EDGE_CURVE('',#2528,#2529,#1331,.T.);
#3166=EDGE_CURVE('',#2529,#2530,#1332,.T.);
#3167=EDGE_CURVE('',#2530,#2531,#1333,.T.);
#3168=EDGE_CURVE('',#2531,#2517,#1334,.T.);
#3169=EDGE_CURVE('',#2532,#2532,#2384,.T.);
#3170=EDGE_CURVE('',#2533,#2533,#2385,.T.);
#3171=EDGE_CURVE('',#2534,#2535,#1335,.T.);
#3172=EDGE_CURVE('',#2535,#2536,#1336,.T.);
#3173=EDGE_CURVE('',#2536,#2537,#2386,.T.);
#3174=EDGE_CURVE('',#2537,#2538,#1337,.T.);
#3175=EDGE_CURVE('',#2538,#2539,#1338,.T.);
#3176=EDGE_CURVE('',#2539,#2540,#1339,.T.);
#3177=EDGE_CURVE('',#2540,#2541,#2387,.T.);
#3178=EDGE_CURVE('',#2541,#2534,#1340,.T.);
#3179=EDGE_CURVE('',#2542,#2543,#1341,.T.);
#3180=EDGE_CURVE('',#2543,#2544,#1342,.T.);
#3181=EDGE_CURVE('',#2544,#2545,#2388,.T.);
#3182=EDGE_CURVE('',#2545,#2546,#1343,.T.);
#3183=EDGE_CURVE('',#2546,#2547,#1344,.T.);
#3184=EDGE_CURVE('',#2547,#2548,#1345,.T.);
#3185=EDGE_CURVE('',#2548,#2549,#2389,.T.);
#3186=EDGE_CURVE('',#2549,#2542,#1346,.T.);
#3187=EDGE_CURVE('',#2520,#2550,#2390,.T.);
#3188=EDGE_CURVE('',#2481,#2550,#1347,.T.);
#3189=EDGE_CURVE('',#2551,#2498,#2391,.T.);
#3190=EDGE_CURVE('',#2551,#2480,#1348,.T.);
#3191=EDGE_CURVE('',#2551,#2550,#1349,.T.);
#3192=EDGE_CURVE('',#2490,#2497,#2392,.F.);
#3193=EDGE_CURVE('',#2552,#2489,#2393,.F.);
#3194=EDGE_CURVE('',#2553,#2552,#1350,.T.);
#3195=EDGE_CURVE('',#2529,#2553,#2394,.F.);
#3196=EDGE_CURVE('',#2521,#2528,#2395,.F.);
#3197=EDGE_CURVE('',#2442,#2476,#1351,.T.);
#3198=EDGE_CURVE('',#2475,#2443,#1352,.T.);
#3199=EDGE_CURVE('',#2477,#2441,#1353,.T.);
#3200=EDGE_CURVE('',#2440,#2478,#1354,.T.);
#3201=EDGE_CURVE('',#2554,#2555,#1355,.T.);
#3202=EDGE_CURVE('',#2555,#2556,#1356,.T.);
#3203=EDGE_CURVE('',#2556,#2557,#1357,.T.);
#3204=EDGE_CURVE('',#2557,#2554,#1358,.T.);
#3205=EDGE_CURVE('',#2558,#2559,#170,.T.);
#3206=EDGE_CURVE('',#2559,#2560,#171,.T.);
#3207=EDGE_CURVE('',#2560,#2561,#172,.T.);
#3208=EDGE_CURVE('',#2561,#2562,#173,.T.);
#3209=EDGE_CURVE('',#2562,#2563,#174,.T.);
#3210=EDGE_CURVE('',#2563,#2564,#175,.T.);
#3211=EDGE_CURVE('',#2564,#2565,#176,.T.);
#3212=EDGE_CURVE('',#2565,#2566,#177,.T.);
#3213=EDGE_CURVE('',#2566,#2567,#178,.T.);
#3214=EDGE_CURVE('',#2567,#2568,#179,.T.);
#3215=EDGE_CURVE('',#2568,#2569,#1359,.T.);
#3216=EDGE_CURVE('',#2569,#2570,#180,.T.);
#3217=EDGE_CURVE('',#2570,#2571,#181,.T.);
#3218=EDGE_CURVE('',#2571,#2572,#182,.T.);
#3219=EDGE_CURVE('',#2572,#2573,#183,.T.);
#3220=EDGE_CURVE('',#2573,#2574,#184,.T.);
#3221=EDGE_CURVE('',#2574,#2575,#185,.T.);
#3222=EDGE_CURVE('',#2575,#2576,#186,.T.);
#3223=EDGE_CURVE('',#2576,#2577,#187,.T.);
#3224=EDGE_CURVE('',#2577,#2578,#188,.T.);
#3225=EDGE_CURVE('',#2578,#2579,#189,.T.);
#3226=EDGE_CURVE('',#2579,#2558,#1360,.T.);
#3227=EDGE_CURVE('',#2580,#2581,#1361,.T.);
#3228=EDGE_CURVE('',#2581,#2582,#1362,.T.);
#3229=EDGE_CURVE('',#2582,#2583,#1363,.T.);
#3230=EDGE_CURVE('',#2583,#2584,#1364,.T.);
#3231=EDGE_CURVE('',#2584,#2585,#1365,.T.);
#3232=EDGE_CURVE('',#2585,#2586,#1366,.T.);
#3233=EDGE_CURVE('',#2586,#2587,#190,.T.);
#3234=EDGE_CURVE('',#2587,#2588,#191,.T.);
#3235=EDGE_CURVE('',#2588,#2589,#192,.T.);
#3236=EDGE_CURVE('',#2589,#2590,#193,.T.);
#3237=EDGE_CURVE('',#2590,#2591,#1367,.T.);
#3238=EDGE_CURVE('',#2591,#2592,#194,.T.);
#3239=EDGE_CURVE('',#2592,#2593,#195,.T.);
#3240=EDGE_CURVE('',#2593,#2594,#196,.T.);
#3241=EDGE_CURVE('',#2594,#2580,#197,.T.);
#3242=EDGE_CURVE('',#2595,#2596,#198,.T.);
#3243=EDGE_CURVE('',#2596,#2597,#199,.T.);
#3244=EDGE_CURVE('',#2597,#2598,#200,.T.);
#3245=EDGE_CURVE('',#2598,#2599,#201,.T.);
#3246=EDGE_CURVE('',#2599,#2600,#1368,.T.);
#3247=EDGE_CURVE('',#2600,#2601,#202,.T.);
#3248=EDGE_CURVE('',#2601,#2602,#203,.T.);
#3249=EDGE_CURVE('',#2602,#2603,#204,.T.);
#3250=EDGE_CURVE('',#2603,#2604,#205,.T.);
#3251=EDGE_CURVE('',#2604,#2605,#206,.T.);
#3252=EDGE_CURVE('',#2605,#2606,#207,.T.);
#3253=EDGE_CURVE('',#2606,#2607,#208,.T.);
#3254=EDGE_CURVE('',#2607,#2608,#1369,.T.);
#3255=EDGE_CURVE('',#2608,#2609,#209,.T.);
#3256=EDGE_CURVE('',#2609,#2610,#210,.T.);
#3257=EDGE_CURVE('',#2610,#2611,#211,.T.);
#3258=EDGE_CURVE('',#2611,#2612,#212,.T.);
#3259=EDGE_CURVE('',#2612,#2613,#213,.T.);
#3260=EDGE_CURVE('',#2613,#2614,#214,.T.);
#3261=EDGE_CURVE('',#2614,#2615,#215,.T.);
#3262=EDGE_CURVE('',#2615,#2616,#216,.T.);
#3263=EDGE_CURVE('',#2616,#2617,#1370,.T.);
#3264=EDGE_CURVE('',#2617,#2618,#217,.T.);
#3265=EDGE_CURVE('',#2618,#2619,#218,.T.);
#3266=EDGE_CURVE('',#2619,#2620,#219,.T.);
#3267=EDGE_CURVE('',#2620,#2621,#220,.T.);
#3268=EDGE_CURVE('',#2621,#2622,#221,.T.);
#3269=EDGE_CURVE('',#2622,#2623,#222,.T.);
#3270=EDGE_CURVE('',#2623,#2624,#223,.T.);
#3271=EDGE_CURVE('',#2624,#2625,#1371,.T.);
#3272=EDGE_CURVE('',#2625,#2626,#224,.T.);
#3273=EDGE_CURVE('',#2626,#2627,#225,.T.);
#3274=EDGE_CURVE('',#2627,#2628,#226,.T.);
#3275=EDGE_CURVE('',#2628,#2595,#227,.T.);
#3276=EDGE_CURVE('',#2629,#2630,#228,.T.);
#3277=EDGE_CURVE('',#2630,#2631,#229,.T.);
#3278=EDGE_CURVE('',#2631,#2632,#230,.T.);
#3279=EDGE_CURVE('',#2632,#2633,#231,.T.);
#3280=EDGE_CURVE('',#2633,#2634,#232,.T.);
#3281=EDGE_CURVE('',#2634,#2635,#233,.T.);
#3282=EDGE_CURVE('',#2635,#2636,#234,.T.);
#3283=EDGE_CURVE('',#2636,#2637,#235,.T.);
#3284=EDGE_CURVE('',#2637,#2638,#236,.T.);
#3285=EDGE_CURVE('',#2638,#2639,#237,.T.);
#3286=EDGE_CURVE('',#2639,#2640,#238,.T.);
#3287=EDGE_CURVE('',#2640,#2641,#239,.T.);
#3288=EDGE_CURVE('',#2641,#2629,#240,.T.);
#3289=EDGE_CURVE('',#2642,#2643,#241,.T.);
#3290=EDGE_CURVE('',#2643,#2644,#1372,.T.);
#3291=EDGE_CURVE('',#2644,#2645,#1373,.T.);
#3292=EDGE_CURVE('',#2645,#2646,#1374,.T.);
#3293=EDGE_CURVE('',#2646,#2647,#242,.T.);
#3294=EDGE_CURVE('',#2647,#2648,#243,.T.);
#3295=EDGE_CURVE('',#2648,#2649,#244,.T.);
#3296=EDGE_CURVE('',#2649,#2650,#245,.T.);
#3297=EDGE_CURVE('',#2650,#2642,#246,.T.);
#3298=EDGE_CURVE('',#2651,#2652,#247,.T.);
#3299=EDGE_CURVE('',#2652,#2653,#248,.T.);
#3300=EDGE_CURVE('',#2653,#2654,#249,.T.);
#3301=EDGE_CURVE('',#2654,#2655,#250,.T.);
#3302=EDGE_CURVE('',#2655,#2656,#251,.T.);
#3303=EDGE_CURVE('',#2656,#2657,#252,.T.);
#3304=EDGE_CURVE('',#2657,#2658,#253,.T.);
#3305=EDGE_CURVE('',#2658,#2651,#254,.T.);
#3306=EDGE_CURVE('',#2659,#2660,#1375,.T.);
#3307=EDGE_CURVE('',#2660,#2661,#1376,.T.);
#3308=EDGE_CURVE('',#2661,#2662,#1377,.T.);
#3309=EDGE_CURVE('',#2662,#2663,#1378,.T.);
#3310=EDGE_CURVE('',#2663,#2664,#1379,.T.);
#3311=EDGE_CURVE('',#2664,#2665,#1380,.T.);
#3312=EDGE_CURVE('',#2665,#2666,#255,.T.);
#3313=EDGE_CURVE('',#2666,#2667,#256,.T.);
#3314=EDGE_CURVE('',#2667,#2668,#257,.T.);
#3315=EDGE_CURVE('',#2668,#2669,#258,.T.);
#3316=EDGE_CURVE('',#2669,#2670,#259,.T.);
#3317=EDGE_CURVE('',#2670,#2671,#260,.T.);
#3318=EDGE_CURVE('',#2671,#2672,#261,.T.);
#3319=EDGE_CURVE('',#2672,#2673,#262,.T.);
#3320=EDGE_CURVE('',#2673,#2674,#1381,.T.);
#3321=EDGE_CURVE('',#2674,#2675,#1382,.T.);
#3322=EDGE_CURVE('',#2675,#2676,#1383,.T.);
#3323=EDGE_CURVE('',#2676,#2677,#263,.T.);
#3324=EDGE_CURVE('',#2677,#2678,#264,.T.);
#3325=EDGE_CURVE('',#2678,#2679,#265,.T.);
#3326=EDGE_CURVE('',#2679,#2680,#266,.T.);
#3327=EDGE_CURVE('',#2680,#2681,#1384,.T.);
#3328=EDGE_CURVE('',#2681,#2682,#1385,.T.);
#3329=EDGE_CURVE('',#2682,#2683,#1386,.T.);
#3330=EDGE_CURVE('',#2683,#2684,#267,.T.);
#3331=EDGE_CURVE('',#2684,#2685,#268,.T.);
#3332=EDGE_CURVE('',#2685,#2686,#269,.T.);
#3333=EDGE_CURVE('',#2686,#2659,#270,.T.);
#3334=EDGE_CURVE('',#2687,#2688,#1387,.T.);
#3335=EDGE_CURVE('',#2689,#2687,#1388,.T.);
#3336=EDGE_CURVE('',#2690,#2689,#1389,.T.);
#3337=EDGE_CURVE('',#2688,#2690,#1390,.T.);
#3338=EDGE_CURVE('',#2691,#2692,#1391,.T.);
#3339=EDGE_CURVE('',#2692,#2693,#1392,.T.);
#3340=EDGE_CURVE('',#2693,#2694,#1393,.T.);
#3341=EDGE_CURVE('',#2694,#2691,#1394,.T.);
#3342=EDGE_CURVE('',#2695,#2696,#1395,.T.);
#3343=EDGE_CURVE('',#2696,#2697,#1396,.T.);
#3344=EDGE_CURVE('',#2697,#2695,#1397,.T.);
#3345=EDGE_CURVE('',#2698,#2699,#1398,.T.);
#3346=EDGE_CURVE('',#2699,#2700,#1399,.T.);
#3347=EDGE_CURVE('',#2700,#2701,#1400,.T.);
#3348=EDGE_CURVE('',#2701,#2702,#1401,.T.);
#3349=EDGE_CURVE('',#2702,#2703,#1402,.T.);
#3350=EDGE_CURVE('',#2703,#2704,#271,.T.);
#3351=EDGE_CURVE('',#2704,#2705,#272,.T.);
#3352=EDGE_CURVE('',#2705,#2706,#1403,.T.);
#3353=EDGE_CURVE('',#2706,#2707,#273,.T.);
#3354=EDGE_CURVE('',#2707,#2708,#274,.T.);
#3355=EDGE_CURVE('',#2708,#2709,#1404,.T.);
#3356=EDGE_CURVE('',#2709,#2698,#1405,.T.);
#3357=EDGE_CURVE('',#2710,#2711,#1406,.T.);
#3358=EDGE_CURVE('',#2711,#2712,#1407,.T.);
#3359=EDGE_CURVE('',#2712,#2713,#1408,.T.);
#3360=EDGE_CURVE('',#2713,#2714,#1409,.T.);
#3361=EDGE_CURVE('',#2714,#2715,#1410,.T.);
#3362=EDGE_CURVE('',#2715,#2710,#1411,.T.);
#3363=EDGE_CURVE('',#2716,#2717,#275,.T.);
#3364=EDGE_CURVE('',#2717,#2718,#276,.T.);
#3365=EDGE_CURVE('',#2718,#2719,#277,.T.);
#3366=EDGE_CURVE('',#2719,#2720,#278,.T.);
#3367=EDGE_CURVE('',#2720,#2721,#279,.T.);
#3368=EDGE_CURVE('',#2721,#2722,#280,.T.);
#3369=EDGE_CURVE('',#2722,#2723,#281,.T.);
#3370=EDGE_CURVE('',#2723,#2724,#282,.T.);
#3371=EDGE_CURVE('',#2724,#2725,#283,.T.);
#3372=EDGE_CURVE('',#2725,#2726,#284,.T.);
#3373=EDGE_CURVE('',#2726,#2727,#285,.T.);
#3374=EDGE_CURVE('',#2727,#2716,#286,.T.);
#3375=EDGE_CURVE('',#2728,#2729,#1412,.T.);
#3376=EDGE_CURVE('',#2728,#2730,#1413,.T.);
#3377=EDGE_CURVE('',#2730,#2731,#1414,.T.);
#3378=EDGE_CURVE('',#2729,#2731,#1415,.T.);
#3379=EDGE_CURVE('',#2732,#2728,#1416,.T.);
#3380=EDGE_CURVE('',#2732,#2733,#1417,.T.);
#3381=EDGE_CURVE('',#2733,#2730,#1418,.T.);
#3382=EDGE_CURVE('',#2729,#2732,#1419,.T.);
#3383=EDGE_CURVE('',#2731,#2733,#1420,.T.);
#3384=EDGE_CURVE('',#2732,#2733,#1421,.T.);
#3385=EDGE_CURVE('',#2733,#2734,#1422,.T.);
#3386=EDGE_CURVE('',#2735,#2734,#1423,.T.);
#3387=EDGE_CURVE('',#2732,#2735,#1424,.T.);
#3388=EDGE_CURVE('',#2735,#2736,#1425,.T.);
#3389=EDGE_CURVE('',#2734,#2737,#1426,.T.);
#3390=EDGE_CURVE('',#2736,#2737,#1427,.T.);
#3391=EDGE_CURVE('',#2738,#2732,#1428,.T.);
#3392=EDGE_CURVE('',#2738,#2739,#1429,.T.);
#3393=EDGE_CURVE('',#2739,#2733,#1430,.T.);
#3394=EDGE_CURVE('',#2740,#2738,#1431,.T.);
#3395=EDGE_CURVE('',#2740,#2741,#1432,.T.);
#3396=EDGE_CURVE('',#2741,#2739,#1433,.T.);
#3397=EDGE_CURVE('',#2736,#2740,#1434,.T.);
#3398=EDGE_CURVE('',#2737,#2741,#1435,.T.);
#3399=EDGE_CURVE('',#2742,#2743,#1436,.T.);
#3400=EDGE_CURVE('',#2742,#2744,#1437,.T.);
#3401=EDGE_CURVE('',#2744,#2745,#1438,.T.);
#3402=EDGE_CURVE('',#2743,#2745,#1439,.T.);
#3403=EDGE_CURVE('',#2746,#2742,#1440,.T.);
#3404=EDGE_CURVE('',#2746,#2747,#1441,.T.);
#3405=EDGE_CURVE('',#2747,#2744,#1442,.T.);
#3406=EDGE_CURVE('',#2743,#2746,#1443,.T.);
#3407=EDGE_CURVE('',#2745,#2747,#1444,.T.);
#3408=EDGE_CURVE('',#2746,#2747,#1445,.T.);
#3409=EDGE_CURVE('',#2747,#2748,#1446,.T.);
#3410=EDGE_CURVE('',#2749,#2748,#1447,.T.);
#3411=EDGE_CURVE('',#2746,#2749,#1448,.T.);
#3412=EDGE_CURVE('',#2750,#2751,#1449,.T.);
#3413=EDGE_CURVE('',#2750,#2752,#1450,.T.);
#3414=EDGE_CURVE('',#2752,#2753,#1451,.T.);
#3415=EDGE_CURVE('',#2751,#2753,#1452,.T.);
#3416=EDGE_CURVE('',#2754,#2750,#1453,.T.);
#3417=EDGE_CURVE('',#2754,#2755,#1454,.T.);
#3418=EDGE_CURVE('',#2755,#2752,#1455,.T.);
#3419=EDGE_CURVE('',#2749,#2754,#1456,.T.);
#3420=EDGE_CURVE('',#2748,#2755,#1457,.T.);
#3421=EDGE_CURVE('',#2751,#2746,#1458,.T.);
#3422=EDGE_CURVE('',#2753,#2747,#1459,.T.);
#3423=EDGE_CURVE('',#2554,#2756,#1460,.T.);
#3424=EDGE_CURVE('',#2756,#2757,#1461,.T.);
#3425=EDGE_CURVE('',#2555,#2757,#1462,.T.);
#3426=EDGE_CURVE('',#2557,#2758,#1463,.T.);
#3427=EDGE_CURVE('',#2758,#2756,#1464,.T.);
#3428=EDGE_CURVE('',#2556,#2759,#1465,.T.);
#3429=EDGE_CURVE('',#2759,#2758,#1466,.T.);
#3430=EDGE_CURVE('',#2757,#2759,#1467,.T.);
#3431=EDGE_CURVE('',#2558,#2760,#1468,.T.);
#3432=EDGE_CURVE('',#2760,#2761,#287,.T.);
#3433=EDGE_CURVE('',#2559,#2761,#1469,.T.);
#3434=EDGE_CURVE('',#2579,#2762,#1470,.T.);
#3435=EDGE_CURVE('',#2762,#2760,#1471,.T.);
#3436=EDGE_CURVE('',#2578,#2763,#1472,.T.);
#3437=EDGE_CURVE('',#2763,#2762,#288,.T.);
#3438=EDGE_CURVE('',#2577,#2764,#1473,.T.);
#3439=EDGE_CURVE('',#2764,#2763,#289,.T.);
#3440=EDGE_CURVE('',#2576,#2765,#1474,.T.);
#3441=EDGE_CURVE('',#2765,#2764,#290,.T.);
#3442=EDGE_CURVE('',#2575,#2766,#1475,.T.);
#3443=EDGE_CURVE('',#2766,#2765,#291,.T.);
#3444=EDGE_CURVE('',#2574,#2767,#1476,.T.);
#3445=EDGE_CURVE('',#2767,#2766,#292,.T.);
#3446=EDGE_CURVE('',#2573,#2768,#1477,.T.);
#3447=EDGE_CURVE('',#2768,#2767,#293,.T.);
#3448=EDGE_CURVE('',#2572,#2769,#1478,.T.);
#3449=EDGE_CURVE('',#2769,#2768,#294,.T.);
#3450=EDGE_CURVE('',#2571,#2770,#1479,.T.);
#3451=EDGE_CURVE('',#2770,#2769,#295,.T.);
#3452=EDGE_CURVE('',#2570,#2771,#1480,.T.);
#3453=EDGE_CURVE('',#2771,#2770,#296,.T.);
#3454=EDGE_CURVE('',#2569,#2772,#1481,.T.);
#3455=EDGE_CURVE('',#2772,#2771,#297,.T.);
#3456=EDGE_CURVE('',#2568,#2773,#1482,.T.);
#3457=EDGE_CURVE('',#2773,#2772,#1483,.T.);
#3458=EDGE_CURVE('',#2567,#2774,#1484,.T.);
#3459=EDGE_CURVE('',#2774,#2773,#298,.T.);
#3460=EDGE_CURVE('',#2566,#2775,#1485,.T.);
#3461=EDGE_CURVE('',#2775,#2774,#299,.T.);
#3462=EDGE_CURVE('',#2565,#2776,#1486,.T.);
#3463=EDGE_CURVE('',#2776,#2775,#300,.T.);
#3464=EDGE_CURVE('',#2564,#2777,#1487,.T.);
#3465=EDGE_CURVE('',#2777,#2776,#301,.T.);
#3466=EDGE_CURVE('',#2563,#2778,#1488,.T.);
#3467=EDGE_CURVE('',#2778,#2777,#302,.T.);
#3468=EDGE_CURVE('',#2562,#2779,#1489,.T.);
#3469=EDGE_CURVE('',#2779,#2778,#303,.T.);
#3470=EDGE_CURVE('',#2561,#2780,#1490,.T.);
#3471=EDGE_CURVE('',#2780,#2779,#304,.T.);
#3472=EDGE_CURVE('',#2560,#2781,#1491,.T.);
#3473=EDGE_CURVE('',#2781,#2780,#305,.T.);
#3474=EDGE_CURVE('',#2761,#2781,#306,.T.);
#3475=EDGE_CURVE('',#2580,#2782,#1492,.T.);
#3476=EDGE_CURVE('',#2782,#2783,#1493,.T.);
#3477=EDGE_CURVE('',#2581,#2783,#1494,.T.);
#3478=EDGE_CURVE('',#2594,#2784,#1495,.T.);
#3479=EDGE_CURVE('',#2784,#2782,#307,.T.);
#3480=EDGE_CURVE('',#2593,#2785,#1496,.T.);
#3481=EDGE_CURVE('',#2785,#2784,#308,.T.);
#3482=EDGE_CURVE('',#2592,#2786,#1497,.T.);
#3483=EDGE_CURVE('',#2786,#2785,#309,.T.);
#3484=EDGE_CURVE('',#2591,#2787,#1498,.T.);
#3485=EDGE_CURVE('',#2787,#2786,#310,.T.);
#3486=EDGE_CURVE('',#2590,#2788,#1499,.T.);
#3487=EDGE_CURVE('',#2788,#2787,#1500,.T.);
#3488=EDGE_CURVE('',#2589,#2789,#1501,.T.);
#3489=EDGE_CURVE('',#2789,#2788,#311,.T.);
#3490=EDGE_CURVE('',#2588,#2790,#1502,.T.);
#3491=EDGE_CURVE('',#2790,#2789,#312,.T.);
#3492=EDGE_CURVE('',#2587,#2791,#1503,.T.);
#3493=EDGE_CURVE('',#2791,#2790,#313,.T.);
#3494=EDGE_CURVE('',#2586,#2792,#1504,.T.);
#3495=EDGE_CURVE('',#2792,#2791,#314,.T.);
#3496=EDGE_CURVE('',#2585,#2793,#1505,.T.);
#3497=EDGE_CURVE('',#2793,#2792,#1506,.T.);
#3498=EDGE_CURVE('',#2584,#2794,#1507,.T.);
#3499=EDGE_CURVE('',#2794,#2793,#1508,.T.);
#3500=EDGE_CURVE('',#2583,#2795,#1509,.T.);
#3501=EDGE_CURVE('',#2795,#2794,#1510,.T.);
#3502=EDGE_CURVE('',#2582,#2796,#1511,.T.);
#3503=EDGE_CURVE('',#2796,#2795,#1512,.T.);
#3504=EDGE_CURVE('',#2783,#2796,#1513,.T.);
#3505=EDGE_CURVE('',#2595,#2797,#1514,.T.);
#3506=EDGE_CURVE('',#2797,#2798,#315,.T.);
#3507=EDGE_CURVE('',#2596,#2798,#1515,.T.);
#3508=EDGE_CURVE('',#2628,#2799,#1516,.T.);
#3509=EDGE_CURVE('',#2799,#2797,#316,.T.);
#3510=EDGE_CURVE('',#2627,#2800,#1517,.T.);
#3511=EDGE_CURVE('',#2800,#2799,#317,.T.);
#3512=EDGE_CURVE('',#2626,#2801,#1518,.T.);
#3513=EDGE_CURVE('',#2801,#2800,#318,.T.);
#3514=EDGE_CURVE('',#2625,#2802,#1519,.T.);
#3515=EDGE_CURVE('',#2802,#2801,#319,.T.);
#3516=EDGE_CURVE('',#2624,#2803,#1520,.T.);
#3517=EDGE_CURVE('',#2803,#2802,#1521,.T.);
#3518=EDGE_CURVE('',#2623,#2804,#1522,.T.);
#3519=EDGE_CURVE('',#2804,#2803,#320,.T.);
#3520=EDGE_CURVE('',#2622,#2805,#1523,.T.);
#3521=EDGE_CURVE('',#2805,#2804,#321,.T.);
#3522=EDGE_CURVE('',#2621,#2806,#1524,.T.);
#3523=EDGE_CURVE('',#2806,#2805,#322,.T.);
#3524=EDGE_CURVE('',#2620,#2807,#1525,.T.);
#3525=EDGE_CURVE('',#2807,#2806,#323,.T.);
#3526=EDGE_CURVE('',#2619,#2808,#1526,.T.);
#3527=EDGE_CURVE('',#2808,#2807,#324,.T.);
#3528=EDGE_CURVE('',#2618,#2809,#1527,.T.);
#3529=EDGE_CURVE('',#2809,#2808,#325,.T.);
#3530=EDGE_CURVE('',#2617,#2810,#1528,.T.);
#3531=EDGE_CURVE('',#2810,#2809,#326,.T.);
#3532=EDGE_CURVE('',#2616,#2811,#1529,.T.);
#3533=EDGE_CURVE('',#2811,#2810,#1530,.T.);
#3534=EDGE_CURVE('',#2615,#2812,#1531,.T.);
#3535=EDGE_CURVE('',#2812,#2811,#327,.T.);
#3536=EDGE_CURVE('',#2614,#2813,#1532,.T.);
#3537=EDGE_CURVE('',#2813,#2812,#328,.T.);
#3538=EDGE_CURVE('',#2613,#2814,#1533,.T.);
#3539=EDGE_CURVE('',#2814,#2813,#329,.T.);
#3540=EDGE_CURVE('',#2612,#2815,#1534,.T.);
#3541=EDGE_CURVE('',#2815,#2814,#330,.T.);
#3542=EDGE_CURVE('',#2611,#2816,#1535,.T.);
#3543=EDGE_CURVE('',#2816,#2815,#331,.T.);
#3544=EDGE_CURVE('',#2610,#2817,#1536,.T.);
#3545=EDGE_CURVE('',#2817,#2816,#332,.T.);
#3546=EDGE_CURVE('',#2609,#2818,#1537,.T.);
#3547=EDGE_CURVE('',#2818,#2817,#333,.T.);
#3548=EDGE_CURVE('',#2608,#2819,#1538,.T.);
#3549=EDGE_CURVE('',#2819,#2818,#334,.T.);
#3550=EDGE_CURVE('',#2607,#2820,#1539,.T.);
#3551=EDGE_CURVE('',#2820,#2819,#1540,.T.);
#3552=EDGE_CURVE('',#2606,#2821,#1541,.T.);
#3553=EDGE_CURVE('',#2821,#2820,#335,.T.);
#3554=EDGE_CURVE('',#2605,#2822,#1542,.T.);
#3555=EDGE_CURVE('',#2822,#2821,#336,.T.);
#3556=EDGE_CURVE('',#2604,#2823,#1543,.T.);
#3557=EDGE_CURVE('',#2823,#2822,#337,.T.);
#3558=EDGE_CURVE('',#2603,#2824,#1544,.T.);
#3559=EDGE_CURVE('',#2824,#2823,#338,.T.);
#3560=EDGE_CURVE('',#2602,#2825,#1545,.T.);
#3561=EDGE_CURVE('',#2825,#2824,#339,.T.);
#3562=EDGE_CURVE('',#2601,#2826,#1546,.T.);
#3563=EDGE_CURVE('',#2826,#2825,#340,.T.);
#3564=EDGE_CURVE('',#2600,#2827,#1547,.T.);
#3565=EDGE_CURVE('',#2827,#2826,#341,.T.);
#3566=EDGE_CURVE('',#2599,#2828,#1548,.T.);
#3567=EDGE_CURVE('',#2828,#2827,#1549,.T.);
#3568=EDGE_CURVE('',#2598,#2829,#1550,.T.);
#3569=EDGE_CURVE('',#2829,#2828,#342,.T.);
#3570=EDGE_CURVE('',#2597,#2830,#1551,.T.);
#3571=EDGE_CURVE('',#2830,#2829,#343,.T.);
#3572=EDGE_CURVE('',#2798,#2830,#344,.T.);
#3573=EDGE_CURVE('',#2831,#2832,#345,.T.);
#3574=EDGE_CURVE('',#2831,#2833,#1552,.T.);
#3575=EDGE_CURVE('',#2833,#2834,#346,.T.);
#3576=EDGE_CURVE('',#2832,#2834,#1553,.T.);
#3577=EDGE_CURVE('',#2835,#2831,#347,.T.);
#3578=EDGE_CURVE('',#2835,#2836,#1554,.T.);
#3579=EDGE_CURVE('',#2836,#2833,#348,.T.);
#3580=EDGE_CURVE('',#2837,#2835,#349,.T.);
#3581=EDGE_CURVE('',#2837,#2838,#1555,.T.);
#3582=EDGE_CURVE('',#2838,#2836,#350,.T.);
#3583=EDGE_CURVE('',#2839,#2837,#351,.T.);
#3584=EDGE_CURVE('',#2839,#2840,#1556,.T.);
#3585=EDGE_CURVE('',#2840,#2838,#352,.T.);
#3586=EDGE_CURVE('',#2841,#2839,#353,.T.);
#3587=EDGE_CURVE('',#2841,#2842,#1557,.T.);
#3588=EDGE_CURVE('',#2842,#2840,#354,.T.);
#3589=EDGE_CURVE('',#2843,#2841,#355,.T.);
#3590=EDGE_CURVE('',#2843,#2844,#1558,.T.);
#3591=EDGE_CURVE('',#2844,#2842,#356,.T.);
#3592=EDGE_CURVE('',#2845,#2843,#357,.T.);
#3593=EDGE_CURVE('',#2845,#2846,#1559,.T.);
#3594=EDGE_CURVE('',#2846,#2844,#358,.T.);
#3595=EDGE_CURVE('',#2847,#2845,#359,.T.);
#3596=EDGE_CURVE('',#2847,#2848,#1560,.T.);
#3597=EDGE_CURVE('',#2848,#2846,#360,.T.);
#3598=EDGE_CURVE('',#2849,#2847,#361,.T.);
#3599=EDGE_CURVE('',#2849,#2850,#1561,.T.);
#3600=EDGE_CURVE('',#2850,#2848,#362,.T.);
#3601=EDGE_CURVE('',#2851,#2849,#363,.T.);
#3602=EDGE_CURVE('',#2851,#2852,#1562,.T.);
#3603=EDGE_CURVE('',#2852,#2850,#364,.T.);
#3604=EDGE_CURVE('',#2853,#2851,#365,.T.);
#3605=EDGE_CURVE('',#2853,#2854,#1563,.T.);
#3606=EDGE_CURVE('',#2854,#2852,#366,.T.);
#3607=EDGE_CURVE('',#2832,#2853,#367,.T.);
#3608=EDGE_CURVE('',#2834,#2854,#368,.T.);
#3609=EDGE_CURVE('',#2629,#2855,#1564,.T.);
#3610=EDGE_CURVE('',#2855,#2856,#369,.T.);
#3611=EDGE_CURVE('',#2630,#2856,#1565,.T.);
#3612=EDGE_CURVE('',#2641,#2857,#1566,.T.);
#3613=EDGE_CURVE('',#2857,#2855,#370,.T.);
#3614=EDGE_CURVE('',#2640,#2858,#1567,.T.);
#3615=EDGE_CURVE('',#2858,#2857,#371,.T.);
#3616=EDGE_CURVE('',#2639,#2859,#1568,.T.);
#3617=EDGE_CURVE('',#2859,#2858,#372,.T.);
#3618=EDGE_CURVE('',#2638,#2860,#1569,.T.);
#3619=EDGE_CURVE('',#2860,#2859,#373,.T.);
#3620=EDGE_CURVE('',#2637,#2861,#1570,.T.);
#3621=EDGE_CURVE('',#2861,#2860,#374,.T.);
#3622=EDGE_CURVE('',#2636,#2862,#1571,.T.);
#3623=EDGE_CURVE('',#2862,#2861,#375,.T.);
#3624=EDGE_CURVE('',#2635,#2863,#1572,.T.);
#3625=EDGE_CURVE('',#2863,#2862,#376,.T.);
#3626=EDGE_CURVE('',#2634,#2864,#1573,.T.);
#3627=EDGE_CURVE('',#2864,#2863,#377,.T.);
#3628=EDGE_CURVE('',#2633,#2865,#1574,.T.);
#3629=EDGE_CURVE('',#2865,#2864,#378,.T.);
#3630=EDGE_CURVE('',#2632,#2866,#1575,.T.);
#3631=EDGE_CURVE('',#2866,#2865,#379,.T.);
#3632=EDGE_CURVE('',#2631,#2867,#1576,.T.);
#3633=EDGE_CURVE('',#2867,#2866,#380,.T.);
#3634=EDGE_CURVE('',#2856,#2867,#381,.T.);
#3635=EDGE_CURVE('',#2868,#2869,#1577,.T.);
#3636=EDGE_CURVE('',#2868,#2870,#1578,.T.);
#3637=EDGE_CURVE('',#2870,#2871,#1579,.T.);
#3638=EDGE_CURVE('',#2869,#2871,#1580,.T.);
#3639=EDGE_CURVE('',#2872,#2868,#382,.T.);
#3640=EDGE_CURVE('',#2872,#2873,#1581,.T.);
#3641=EDGE_CURVE('',#2873,#2870,#383,.T.);
#3642=EDGE_CURVE('',#2874,#2872,#384,.T.);
#3643=EDGE_CURVE('',#2874,#2875,#1582,.T.);
#3644=EDGE_CURVE('',#2875,#2873,#385,.T.);
#3645=EDGE_CURVE('',#2876,#2874,#386,.T.);
#3646=EDGE_CURVE('',#2876,#2877,#1583,.T.);
#3647=EDGE_CURVE('',#2877,#2875,#387,.T.);
#3648=EDGE_CURVE('',#2878,#2876,#388,.T.);
#3649=EDGE_CURVE('',#2878,#2879,#1584,.T.);
#3650=EDGE_CURVE('',#2879,#2877,#389,.T.);
#3651=EDGE_CURVE('',#2880,#2878,#390,.T.);
#3652=EDGE_CURVE('',#2880,#2881,#1585,.T.);
#3653=EDGE_CURVE('',#2881,#2879,#391,.T.);
#3654=EDGE_CURVE('',#2882,#2880,#392,.T.);
#3655=EDGE_CURVE('',#2882,#2883,#1586,.T.);
#3656=EDGE_CURVE('',#2883,#2881,#393,.T.);
#3657=EDGE_CURVE('',#2884,#2882,#1587,.T.);
#3658=EDGE_CURVE('',#2884,#2885,#1588,.T.);
#3659=EDGE_CURVE('',#2885,#2883,#1589,.T.);
#3660=EDGE_CURVE('',#2869,#2884,#1590,.T.);
#3661=EDGE_CURVE('',#2871,#2885,#1591,.T.);
#3662=EDGE_CURVE('',#2642,#2886,#1592,.T.);
#3663=EDGE_CURVE('',#2886,#2887,#394,.T.);
#3664=EDGE_CURVE('',#2643,#2887,#1593,.T.);
#3665=EDGE_CURVE('',#2650,#2888,#1594,.T.);
#3666=EDGE_CURVE('',#2888,#2886,#395,.T.);
#3667=EDGE_CURVE('',#2649,#2889,#1595,.T.);
#3668=EDGE_CURVE('',#2889,#2888,#396,.T.);
#3669=EDGE_CURVE('',#2648,#2890,#1596,.T.);
#3670=EDGE_CURVE('',#2890,#2889,#397,.T.);
#3671=EDGE_CURVE('',#2647,#2891,#1597,.T.);
#3672=EDGE_CURVE('',#2891,#2890,#398,.T.);
#3673=EDGE_CURVE('',#2646,#2892,#1598,.T.);
#3674=EDGE_CURVE('',#2892,#2891,#399,.T.);
#3675=EDGE_CURVE('',#2645,#2893,#1599,.T.);
#3676=EDGE_CURVE('',#2893,#2892,#1600,.T.);
#3677=EDGE_CURVE('',#2644,#2894,#1601,.T.);
#3678=EDGE_CURVE('',#2894,#2893,#1602,.T.);
#3679=EDGE_CURVE('',#2887,#2894,#1603,.T.);
#3680=EDGE_CURVE('',#2651,#2895,#1604,.T.);
#3681=EDGE_CURVE('',#2895,#2896,#400,.T.);
#3682=EDGE_CURVE('',#2652,#2896,#1605,.T.);
#3683=EDGE_CURVE('',#2658,#2897,#1606,.T.);
#3684=EDGE_CURVE('',#2897,#2895,#401,.T.);
#3685=EDGE_CURVE('',#2657,#2898,#1607,.T.);
#3686=EDGE_CURVE('',#2898,#2897,#402,.T.);
#3687=EDGE_CURVE('',#2656,#2899,#1608,.T.);
#3688=EDGE_CURVE('',#2899,#2898,#403,.T.);
#3689=EDGE_CURVE('',#2655,#2900,#1609,.T.);
#3690=EDGE_CURVE('',#2900,#2899,#404,.T.);
#3691=EDGE_CURVE('',#2654,#2901,#1610,.T.);
#3692=EDGE_CURVE('',#2901,#2900,#405,.T.);
#3693=EDGE_CURVE('',#2653,#2902,#1611,.T.);
#3694=EDGE_CURVE('',#2902,#2901,#406,.T.);
#3695=EDGE_CURVE('',#2896,#2902,#407,.T.);
#3696=EDGE_CURVE('',#2659,#2903,#1612,.T.);
#3697=EDGE_CURVE('',#2903,#2904,#1613,.T.);
#3698=EDGE_CURVE('',#2660,#2904,#1614,.T.);
#3699=EDGE_CURVE('',#2686,#2905,#1615,.T.);
#3700=EDGE_CURVE('',#2905,#2903,#408,.T.);
#3701=EDGE_CURVE('',#2685,#2906,#1616,.T.);
#3702=EDGE_CURVE('',#2906,#2905,#409,.T.);
#3703=EDGE_CURVE('',#2684,#2907,#1617,.T.);
#3704=EDGE_CURVE('',#2907,#2906,#410,.T.);
#3705=EDGE_CURVE('',#2683,#2908,#1618,.T.);
#3706=EDGE_CURVE('',#2908,#2907,#411,.T.);
#3707=EDGE_CURVE('',#2682,#2909,#1619,.T.);
#3708=EDGE_CURVE('',#2909,#2908,#1620,.T.);
#3709=EDGE_CURVE('',#2681,#2910,#1621,.T.);
#3710=EDGE_CURVE('',#2910,#2909,#1622,.T.);
#3711=EDGE_CURVE('',#2680,#2911,#1623,.T.);
#3712=EDGE_CURVE('',#2911,#2910,#1624,.T.);
#3713=EDGE_CURVE('',#2679,#2912,#1625,.T.);
#3714=EDGE_CURVE('',#2912,#2911,#412,.T.);
#3715=EDGE_CURVE('',#2678,#2913,#1626,.T.);
#3716=EDGE_CURVE('',#2913,#2912,#413,.T.);
#3717=EDGE_CURVE('',#2677,#2914,#1627,.T.);
#3718=EDGE_CURVE('',#2914,#2913,#414,.T.);
#3719=EDGE_CURVE('',#2676,#2915,#1628,.T.);
#3720=EDGE_CURVE('',#2915,#2914,#415,.T.);
#3721=EDGE_CURVE('',#2675,#2916,#1629,.T.);
#3722=EDGE_CURVE('',#2916,#2915,#1630,.T.);
#3723=EDGE_CURVE('',#2674,#2917,#1631,.T.);
#3724=EDGE_CURVE('',#2917,#2916,#1632,.T.);
#3725=EDGE_CURVE('',#2673,#2918,#1633,.T.);
#3726=EDGE_CURVE('',#2918,#2917,#1634,.T.);
#3727=EDGE_CURVE('',#2672,#2919,#1635,.T.);
#3728=EDGE_CURVE('',#2919,#2918,#416,.T.);
#3729=EDGE_CURVE('',#2671,#2920,#1636,.T.);
#3730=EDGE_CURVE('',#2920,#2919,#417,.T.);
#3731=EDGE_CURVE('',#2670,#2921,#1637,.T.);
#3732=EDGE_CURVE('',#2921,#2920,#418,.T.);
#3733=EDGE_CURVE('',#2669,#2922,#1638,.T.);
#3734=EDGE_CURVE('',#2922,#2921,#419,.T.);
#3735=EDGE_CURVE('',#2668,#2923,#1639,.T.);
#3736=EDGE_CURVE('',#2923,#2922,#420,.T.);
#3737=EDGE_CURVE('',#2667,#2924,#1640,.T.);
#3738=EDGE_CURVE('',#2924,#2923,#421,.T.);
#3739=EDGE_CURVE('',#2666,#2925,#1641,.T.);
#3740=EDGE_CURVE('',#2925,#2924,#422,.T.);
#3741=EDGE_CURVE('',#2665,#2926,#1642,.T.);
#3742=EDGE_CURVE('',#2926,#2925,#423,.T.);
#3743=EDGE_CURVE('',#2664,#2927,#1643,.T.);
#3744=EDGE_CURVE('',#2927,#2926,#1644,.T.);
#3745=EDGE_CURVE('',#2663,#2928,#1645,.T.);
#3746=EDGE_CURVE('',#2928,#2927,#1646,.T.);
#3747=EDGE_CURVE('',#2662,#2929,#1647,.T.);
#3748=EDGE_CURVE('',#2929,#2928,#1648,.T.);
#3749=EDGE_CURVE('',#2661,#2930,#1649,.T.);
#3750=EDGE_CURVE('',#2930,#2929,#1650,.T.);
#3751=EDGE_CURVE('',#2904,#2930,#1651,.T.);
#3752=EDGE_CURVE('',#2931,#2932,#424,.T.);
#3753=EDGE_CURVE('',#2931,#2933,#1652,.T.);
#3754=EDGE_CURVE('',#2933,#2934,#425,.T.);
#3755=EDGE_CURVE('',#2932,#2934,#1653,.T.);
#3756=EDGE_CURVE('',#2935,#2931,#426,.T.);
#3757=EDGE_CURVE('',#2935,#2936,#1654,.T.);
#3758=EDGE_CURVE('',#2936,#2933,#427,.T.);
#3759=EDGE_CURVE('',#2937,#2935,#428,.T.);
#3760=EDGE_CURVE('',#2937,#2938,#1655,.T.);
#3761=EDGE_CURVE('',#2938,#2936,#429,.T.);
#3762=EDGE_CURVE('',#2939,#2937,#430,.T.);
#3763=EDGE_CURVE('',#2939,#2940,#1656,.T.);
#3764=EDGE_CURVE('',#2940,#2938,#431,.T.);
#3765=EDGE_CURVE('',#2941,#2939,#432,.T.);
#3766=EDGE_CURVE('',#2941,#2942,#1657,.T.);
#3767=EDGE_CURVE('',#2942,#2940,#433,.T.);
#3768=EDGE_CURVE('',#2943,#2941,#434,.T.);
#3769=EDGE_CURVE('',#2943,#2944,#1658,.T.);
#3770=EDGE_CURVE('',#2944,#2942,#435,.T.);
#3771=EDGE_CURVE('',#2945,#2943,#436,.T.);
#3772=EDGE_CURVE('',#2945,#2946,#1659,.T.);
#3773=EDGE_CURVE('',#2946,#2944,#437,.T.);
#3774=EDGE_CURVE('',#2947,#2945,#438,.T.);
#3775=EDGE_CURVE('',#2947,#2948,#1660,.T.);
#3776=EDGE_CURVE('',#2948,#2946,#439,.T.);
#3777=EDGE_CURVE('',#2949,#2947,#440,.T.);
#3778=EDGE_CURVE('',#2949,#2950,#1661,.T.);
#3779=EDGE_CURVE('',#2950,#2948,#441,.T.);
#3780=EDGE_CURVE('',#2951,#2949,#442,.T.);
#3781=EDGE_CURVE('',#2951,#2952,#1662,.T.);
#3782=EDGE_CURVE('',#2952,#2950,#443,.T.);
#3783=EDGE_CURVE('',#2953,#2951,#444,.T.);
#3784=EDGE_CURVE('',#2953,#2954,#1663,.T.);
#3785=EDGE_CURVE('',#2954,#2952,#445,.T.);
#3786=EDGE_CURVE('',#2932,#2953,#446,.T.);
#3787=EDGE_CURVE('',#2934,#2954,#447,.T.);
#3788=EDGE_CURVE('',#2716,#2955,#1664,.T.);
#3789=EDGE_CURVE('',#2955,#2956,#448,.T.);
#3790=EDGE_CURVE('',#2717,#2956,#1665,.T.);
#3791=EDGE_CURVE('',#2727,#2957,#1666,.T.);
#3792=EDGE_CURVE('',#2957,#2955,#449,.T.);
#3793=EDGE_CURVE('',#2726,#2958,#1667,.T.);
#3794=EDGE_CURVE('',#2958,#2957,#450,.T.);
#3795=EDGE_CURVE('',#2725,#2959,#1668,.T.);
#3796=EDGE_CURVE('',#2959,#2958,#451,.T.);
#3797=EDGE_CURVE('',#2724,#2960,#1669,.T.);
#3798=EDGE_CURVE('',#2960,#2959,#452,.T.);
#3799=EDGE_CURVE('',#2723,#2961,#1670,.T.);
#3800=EDGE_CURVE('',#2961,#2960,#453,.T.);
#3801=EDGE_CURVE('',#2722,#2962,#1671,.T.);
#3802=EDGE_CURVE('',#2962,#2961,#454,.T.);
#3803=EDGE_CURVE('',#2721,#2963,#1672,.T.);
#3804=EDGE_CURVE('',#2963,#2962,#455,.T.);
#3805=EDGE_CURVE('',#2720,#2964,#1673,.T.);
#3806=EDGE_CURVE('',#2964,#2963,#456,.T.);
#3807=EDGE_CURVE('',#2719,#2965,#1674,.T.);
#3808=EDGE_CURVE('',#2965,#2964,#457,.T.);
#3809=EDGE_CURVE('',#2718,#2966,#1675,.T.);
#3810=EDGE_CURVE('',#2966,#2965,#458,.T.);
#3811=EDGE_CURVE('',#2956,#2966,#459,.T.);
#3812=EDGE_CURVE('',#2710,#2967,#1676,.T.);
#3813=EDGE_CURVE('',#2967,#2968,#1677,.T.);
#3814=EDGE_CURVE('',#2711,#2968,#1678,.T.);
#3815=EDGE_CURVE('',#2715,#2969,#1679,.T.);
#3816=EDGE_CURVE('',#2969,#2967,#1680,.T.);
#3817=EDGE_CURVE('',#2714,#2970,#1681,.T.);
#3818=EDGE_CURVE('',#2970,#2969,#1682,.T.);
#3819=EDGE_CURVE('',#2713,#2971,#1683,.T.);
#3820=EDGE_CURVE('',#2971,#2970,#1684,.T.);
#3821=EDGE_CURVE('',#2712,#2972,#1685,.T.);
#3822=EDGE_CURVE('',#2972,#2971,#1686,.T.);
#3823=EDGE_CURVE('',#2968,#2972,#1687,.T.);
#3824=EDGE_CURVE('',#2698,#2973,#1688,.T.);
#3825=EDGE_CURVE('',#2973,#2974,#1689,.T.);
#3826=EDGE_CURVE('',#2699,#2974,#1690,.T.);
#3827=EDGE_CURVE('',#2709,#2975,#1691,.T.);
#3828=EDGE_CURVE('',#2975,#2973,#1692,.T.);
#3829=EDGE_CURVE('',#2708,#2976,#1693,.T.);
#3830=EDGE_CURVE('',#2976,#2975,#1694,.T.);
#3831=EDGE_CURVE('',#2707,#2977,#1695,.T.);
#3832=EDGE_CURVE('',#2977,#2976,#460,.T.);
#3833=EDGE_CURVE('',#2706,#2978,#1696,.T.);
#3834=EDGE_CURVE('',#2978,#2977,#461,.T.);
#3835=EDGE_CURVE('',#2705,#2979,#1697,.T.);
#3836=EDGE_CURVE('',#2979,#2978,#1698,.T.);
#3837=EDGE_CURVE('',#2704,#2980,#1699,.T.);
#3838=EDGE_CURVE('',#2980,#2979,#462,.T.);
#3839=EDGE_CURVE('',#2703,#2981,#1700,.T.);
#3840=EDGE_CURVE('',#2981,#2980,#463,.T.);
#3841=EDGE_CURVE('',#2702,#2982,#1701,.T.);
#3842=EDGE_CURVE('',#2982,#2981,#1702,.T.);
#3843=EDGE_CURVE('',#2701,#2983,#1703,.T.);
#3844=EDGE_CURVE('',#2983,#2982,#1704,.T.);
#3845=EDGE_CURVE('',#2700,#2984,#1705,.T.);
#3846=EDGE_CURVE('',#2984,#2983,#1706,.T.);
#3847=EDGE_CURVE('',#2974,#2984,#1707,.T.);
#3848=EDGE_CURVE('',#2695,#2985,#1708,.T.);
#3849=EDGE_CURVE('',#2985,#2986,#1709,.T.);
#3850=EDGE_CURVE('',#2696,#2986,#1710,.T.);
#3851=EDGE_CURVE('',#2697,#2987,#1711,.T.);
#3852=EDGE_CURVE('',#2987,#2985,#1712,.T.);
#3853=EDGE_CURVE('',#2986,#2987,#1713,.T.);
#3854=EDGE_CURVE('',#2988,#2988,#2396,.T.);
#3855=EDGE_CURVE('',#2988,#2532,#1714,.T.);
#3856=EDGE_CURVE('',#2989,#2989,#2397,.T.);
#3857=EDGE_CURVE('',#2989,#2533,#1715,.T.);
#3858=EDGE_CURVE('',#2990,#2990,#2398,.T.);
#3859=EDGE_CURVE('',#2990,#2991,#1716,.T.);
#3860=EDGE_CURVE('',#2991,#2992,#2399,.T.);
#3861=EDGE_CURVE('',#2993,#2992,#2400,.T.);
#3862=EDGE_CURVE('',#2993,#2991,#2401,.T.);
#3863=EDGE_CURVE('',#2994,#2994,#2402,.T.);
#3864=EDGE_CURVE('',#2994,#2995,#1717,.T.);
#3865=EDGE_CURVE('',#2995,#2996,#2403,.T.);
#3866=EDGE_CURVE('',#2997,#2996,#2404,.T.);
#3867=EDGE_CURVE('',#2997,#2995,#2405,.T.);
#3868=EDGE_CURVE('',#2998,#2534,#1718,.T.);
#3869=EDGE_CURVE('',#2999,#2998,#1719,.T.);
#3870=EDGE_CURVE('',#2999,#2535,#1720,.T.);
#3871=EDGE_CURVE('',#2992,#2999,#1721,.T.);
#3872=EDGE_CURVE('',#2992,#2536,#1722,.T.);
#3873=EDGE_CURVE('',#2993,#2537,#1723,.T.);
#3874=EDGE_CURVE('',#3000,#2993,#1724,.T.);
#3875=EDGE_CURVE('',#3000,#2538,#1725,.T.);
#3876=EDGE_CURVE('',#3001,#3000,#1726,.T.);
#3877=EDGE_CURVE('',#3001,#2539,#1727,.T.);
#3878=EDGE_CURVE('',#3002,#3001,#1728,.T.);
#3879=EDGE_CURVE('',#3002,#2540,#1729,.T.);
#3880=EDGE_CURVE('',#3003,#3002,#2406,.T.);
#3881=EDGE_CURVE('',#3003,#2541,#1730,.T.);
#3882=EDGE_CURVE('',#2998,#3003,#1731,.T.);
#3883=EDGE_CURVE('',#3004,#2542,#1732,.T.);
#3884=EDGE_CURVE('',#3005,#3004,#1733,.T.);
#3885=EDGE_CURVE('',#3005,#2543,#1734,.T.);
#3886=EDGE_CURVE('',#2996,#3005,#1735,.T.);
#3887=EDGE_CURVE('',#2996,#2544,#1736,.T.);
#3888=EDGE_CURVE('',#2997,#2545,#1737,.T.);
#3889=EDGE_CURVE('',#3006,#2997,#1738,.T.);
#3890=EDGE_CURVE('',#3006,#2546,#1739,.T.);
#3891=EDGE_CURVE('',#3007,#3006,#1740,.T.);
#3892=EDGE_CURVE('',#3007,#2547,#1741,.T.);
#3893=EDGE_CURVE('',#3008,#3007,#1742,.T.);
#3894=EDGE_CURVE('',#3008,#2548,#1743,.T.);
#3895=EDGE_CURVE('',#3009,#3008,#2407,.T.);
#3896=EDGE_CURVE('',#3009,#2549,#1744,.T.);
#3897=EDGE_CURVE('',#3004,#3009,#1745,.T.);
#3898=EDGE_CURVE('',#2502,#3010,#1746,.F.);
#3899=EDGE_CURVE('',#3010,#3011,#1747,.T.);
#3900=EDGE_CURVE('',#3011,#2499,#1748,.F.);
#3901=EDGE_CURVE('',#2694,#3010,#1749,.T.);
#3902=EDGE_CURVE('',#2693,#3011,#1750,.T.);
#3903=EDGE_CURVE('',#2500,#3012,#1751,.F.);
#3904=EDGE_CURVE('',#3012,#3013,#1752,.T.);
#3905=EDGE_CURVE('',#3013,#2501,#1753,.F.);
#3906=EDGE_CURVE('',#2692,#3012,#1754,.T.);
#3907=EDGE_CURVE('',#2691,#3013,#1755,.T.);
#3908=EDGE_CURVE('',#2688,#3014,#1756,.T.);
#3909=EDGE_CURVE('',#3014,#3015,#1757,.T.);
#3910=EDGE_CURVE('',#3015,#2687,#1758,.T.);
#3911=EDGE_CURVE('',#2690,#3016,#1759,.T.);
#3912=EDGE_CURVE('',#3016,#3014,#1760,.T.);
#3913=EDGE_CURVE('',#3017,#3016,#1761,.T.);
#3914=EDGE_CURVE('',#2689,#3017,#1762,.T.);
#3915=EDGE_CURVE('',#3015,#3017,#1763,.T.);
#3916=EDGE_CURVE('',#3015,#2503,#1764,.T.);
#3917=EDGE_CURVE('',#3017,#2506,#1765,.T.);
#3918=EDGE_CURVE('',#3014,#2504,#1766,.T.);
#3919=EDGE_CURVE('',#3016,#2505,#1767,.T.);
#3920=EDGE_CURVE('',#3018,#3018,#2408,.T.);
#3921=EDGE_CURVE('',#3019,#3019,#2409,.T.);
#3922=EDGE_CURVE('',#3020,#3020,#2410,.T.);
#3923=EDGE_CURVE('',#3021,#3021,#2411,.T.);
#3924=EDGE_CURVE('',#2491,#2496,#2412,.T.);
#3925=EDGE_CURVE('',#3022,#2495,#1768,.T.);
#3926=EDGE_CURVE('',#3023,#3022,#2413,.T.);
#3927=EDGE_CURVE('',#2492,#3023,#1769,.T.);
#3928=EDGE_CURVE('',#3024,#3023,#1770,.T.);
#3929=EDGE_CURVE('',#2493,#3024,#1771,.T.);
#3930=EDGE_CURVE('',#3025,#3022,#1772,.T.);
#3931=EDGE_CURVE('',#3024,#3025,#2414,.T.);
#3932=EDGE_CURVE('',#3025,#2494,#1773,.T.);
#3933=EDGE_CURVE('',#3026,#2484,#1774,.T.);
#3934=EDGE_CURVE('',#3026,#2488,#2415,.T.);
#3935=EDGE_CURVE('',#3027,#2487,#1775,.T.);
#3936=EDGE_CURVE('',#2510,#3027,#2416,.T.);
#3937=EDGE_CURVE('',#2511,#3028,#1776,.T.);
#3938=EDGE_CURVE('',#3028,#2553,#1777,.T.);
#3939=EDGE_CURVE('',#2552,#3026,#1778,.T.);
#3940=EDGE_CURVE('',#3029,#2516,#2417,.T.);
#3941=EDGE_CURVE('',#2531,#3029,#1779,.T.);
#3942=EDGE_CURVE('',#2530,#3028,#2418,.T.);
#3943=EDGE_CURVE('',#2518,#3029,#1780,.T.);
#3944=EDGE_CURVE('',#2522,#2527,#2419,.T.);
#3945=EDGE_CURVE('',#3030,#2526,#1781,.T.);
#3946=EDGE_CURVE('',#3031,#3030,#2420,.T.);
#3947=EDGE_CURVE('',#2523,#3031,#1782,.T.);
#3948=EDGE_CURVE('',#2525,#3032,#1783,.T.);
#3949=EDGE_CURVE('',#3032,#3030,#1784,.T.);
#3950=EDGE_CURVE('',#2448,#3020,#1785,.T.);
#3951=EDGE_CURVE('',#2447,#3018,#1786,.T.);
#3952=EDGE_CURVE('',#2446,#2431,#1787,.T.);
#3953=EDGE_CURVE('',#2432,#3033,#1788,.T.);
#3954=EDGE_CURVE('',#3033,#3033,#2421,.T.);
#3955=EDGE_CURVE('',#3034,#3031,#1789,.T.);
#3956=EDGE_CURVE('',#3034,#2524,#1790,.T.);
#3957=EDGE_CURVE('',#3034,#3032,#2422,.T.);
#3958=EDGE_CURVE('',#2427,#3035,#1791,.T.);
#3959=EDGE_CURVE('',#3035,#3035,#2423,.T.);
#3960=EDGE_CURVE('',#3019,#2509,#1792,.T.);
#3961=EDGE_CURVE('',#2508,#3027,#1793,.T.);
#3962=EDGE_CURVE('',#3021,#2519,#1794,.T.);
#3963=ORIENTED_EDGE('',*,*,#3036,.F.);
#3964=ORIENTED_EDGE('',*,*,#3037,.F.);
#3965=ORIENTED_EDGE('',*,*,#3038,.F.);
#3966=ORIENTED_EDGE('',*,*,#3039,.T.);
#3967=ORIENTED_EDGE('',*,*,#3040,.F.);
#3968=ORIENTED_EDGE('',*,*,#3041,.T.);
#3969=ORIENTED_EDGE('',*,*,#3038,.T.);
#3970=ORIENTED_EDGE('',*,*,#3042,.F.);
#3971=ORIENTED_EDGE('',*,*,#3043,.T.);
#3972=ORIENTED_EDGE('',*,*,#3044,.T.);
#3973=ORIENTED_EDGE('',*,*,#3036,.T.);
#3974=ORIENTED_EDGE('',*,*,#3041,.F.);
#3975=ORIENTED_EDGE('',*,*,#3045,.F.);
#3976=ORIENTED_EDGE('',*,*,#3046,.T.);
#3977=ORIENTED_EDGE('',*,*,#3047,.T.);
#3978=ORIENTED_EDGE('',*,*,#3048,.T.);
#3979=ORIENTED_EDGE('',*,*,#3049,.T.);
#3980=ORIENTED_EDGE('',*,*,#3050,.T.);
#3981=ORIENTED_EDGE('',*,*,#3051,.F.);
#3982=ORIENTED_EDGE('',*,*,#3052,.F.);
#3983=ORIENTED_EDGE('',*,*,#3053,.T.);
#3984=ORIENTED_EDGE('',*,*,#3049,.F.);
#3985=ORIENTED_EDGE('',*,*,#3054,.T.);
#3986=ORIENTED_EDGE('',*,*,#3055,.F.);
#3987=ORIENTED_EDGE('',*,*,#3056,.T.);
#3988=ORIENTED_EDGE('',*,*,#3057,.F.);
#3989=ORIENTED_EDGE('',*,*,#3058,.T.);
#3990=ORIENTED_EDGE('',*,*,#3059,.F.);
#3991=ORIENTED_EDGE('',*,*,#3060,.T.);
#3992=ORIENTED_EDGE('',*,*,#3040,.T.);
#3993=ORIENTED_EDGE('',*,*,#3061,.T.);
#3994=ORIENTED_EDGE('',*,*,#3062,.T.);
#3995=ORIENTED_EDGE('',*,*,#3063,.T.);
#3996=ORIENTED_EDGE('',*,*,#3064,.F.);
#3997=ORIENTED_EDGE('',*,*,#3065,.T.);
#3998=ORIENTED_EDGE('',*,*,#3059,.T.);
#3999=ORIENTED_EDGE('',*,*,#3066,.T.);
#4000=ORIENTED_EDGE('',*,*,#3067,.T.);
#4001=ORIENTED_EDGE('',*,*,#3068,.T.);
#4002=ORIENTED_EDGE('',*,*,#3069,.F.);
#4003=ORIENTED_EDGE('',*,*,#3047,.F.);
#4004=ORIENTED_EDGE('',*,*,#3070,.T.);
#4005=ORIENTED_EDGE('',*,*,#3067,.F.);
#4006=ORIENTED_EDGE('',*,*,#3071,.T.);
#4007=ORIENTED_EDGE('',*,*,#3072,.T.);
#4008=ORIENTED_EDGE('',*,*,#3073,.T.);
#4009=ORIENTED_EDGE('',*,*,#3074,.F.);
#4010=ORIENTED_EDGE('',*,*,#3075,.T.);
#4011=ORIENTED_EDGE('',*,*,#3076,.F.);
#4012=ORIENTED_EDGE('',*,*,#3077,.T.);
#4013=ORIENTED_EDGE('',*,*,#3078,.T.);
#4014=ORIENTED_EDGE('',*,*,#3079,.T.);
#4015=ORIENTED_EDGE('',*,*,#3064,.T.);
#4016=ORIENTED_EDGE('',*,*,#3080,.T.);
#4017=ORIENTED_EDGE('',*,*,#3081,.T.);
#4018=ORIENTED_EDGE('',*,*,#3082,.T.);
#4019=ORIENTED_EDGE('',*,*,#3080,.F.);
#4020=ORIENTED_EDGE('',*,*,#3069,.T.);
#4021=ORIENTED_EDGE('',*,*,#3083,.F.);
#4022=ORIENTED_EDGE('',*,*,#3081,.F.);
#4023=ORIENTED_EDGE('',*,*,#3082,.F.);
#4024=ORIENTED_EDGE('',*,*,#3084,.T.);
#4025=ORIENTED_EDGE('',*,*,#3085,.T.);
#4026=ORIENTED_EDGE('',*,*,#3086,.T.);
#4027=ORIENTED_EDGE('',*,*,#3084,.F.);
#4028=ORIENTED_EDGE('',*,*,#3086,.F.);
#4029=ORIENTED_EDGE('',*,*,#3087,.T.);
#4030=ORIENTED_EDGE('',*,*,#3088,.T.);
#4031=ORIENTED_EDGE('',*,*,#3089,.T.);
#4032=ORIENTED_EDGE('',*,*,#3087,.F.);
#4033=ORIENTED_EDGE('',*,*,#3085,.F.);
#4034=ORIENTED_EDGE('',*,*,#3088,.F.);
#4035=ORIENTED_EDGE('',*,*,#3089,.F.);
#4036=ORIENTED_EDGE('',*,*,#3090,.T.);
#4037=ORIENTED_EDGE('',*,*,#3091,.T.);
#4038=ORIENTED_EDGE('',*,*,#3092,.T.);
#4039=ORIENTED_EDGE('',*,*,#3090,.F.);
#4040=ORIENTED_EDGE('',*,*,#3092,.F.);
#4041=ORIENTED_EDGE('',*,*,#3093,.T.);
#4042=ORIENTED_EDGE('',*,*,#3051,.T.);
#4043=ORIENTED_EDGE('',*,*,#3094,.F.);
#4044=ORIENTED_EDGE('',*,*,#3052,.T.);
#4045=ORIENTED_EDGE('',*,*,#3093,.F.);
#4046=ORIENTED_EDGE('',*,*,#3091,.F.);
#4047=ORIENTED_EDGE('',*,*,#3078,.F.);
#4048=ORIENTED_EDGE('',*,*,#3095,.T.);
#4049=ORIENTED_EDGE('',*,*,#3096,.F.);
#4050=ORIENTED_EDGE('',*,*,#3097,.F.);
#4051=ORIENTED_EDGE('',*,*,#3072,.F.);
#4052=ORIENTED_EDGE('',*,*,#3098,.T.);
#4053=ORIENTED_EDGE('',*,*,#3099,.F.);
#4054=ORIENTED_EDGE('',*,*,#3100,.F.);
#4055=ORIENTED_EDGE('',*,*,#3101,.T.);
#4056=ORIENTED_EDGE('',*,*,#3099,.T.);
#4057=ORIENTED_EDGE('',*,*,#3102,.T.);
#4058=ORIENTED_EDGE('',*,*,#3103,.T.);
#4059=ORIENTED_EDGE('',*,*,#3104,.T.);
#4060=ORIENTED_EDGE('',*,*,#3105,.T.);
#4061=ORIENTED_EDGE('',*,*,#3106,.T.);
#4062=ORIENTED_EDGE('',*,*,#3096,.T.);
#4063=ORIENTED_EDGE('',*,*,#3107,.T.);
#4064=ORIENTED_EDGE('',*,*,#3108,.T.);
#4065=ORIENTED_EDGE('',*,*,#3109,.T.);
#4066=ORIENTED_EDGE('',*,*,#3110,.T.);
#4067=ORIENTED_EDGE('',*,*,#3111,.F.);
#4068=ORIENTED_EDGE('',*,*,#3112,.T.);
#4069=ORIENTED_EDGE('',*,*,#3076,.T.);
#4070=ORIENTED_EDGE('',*,*,#3113,.T.);
#4071=ORIENTED_EDGE('',*,*,#3114,.F.);
#4072=ORIENTED_EDGE('',*,*,#3115,.F.);
#4073=ORIENTED_EDGE('',*,*,#3112,.F.);
#4074=ORIENTED_EDGE('',*,*,#3116,.T.);
#4075=ORIENTED_EDGE('',*,*,#3117,.T.);
#4076=ORIENTED_EDGE('',*,*,#3118,.T.);
#4077=ORIENTED_EDGE('',*,*,#3119,.T.);
#4078=ORIENTED_EDGE('',*,*,#3120,.T.);
#4079=ORIENTED_EDGE('',*,*,#3121,.T.);
#4080=ORIENTED_EDGE('',*,*,#3122,.T.);
#4081=ORIENTED_EDGE('',*,*,#3123,.T.);
#4082=ORIENTED_EDGE('',*,*,#3124,.T.);
#4083=ORIENTED_EDGE('',*,*,#3125,.T.);
#4084=ORIENTED_EDGE('',*,*,#3126,.T.);
#4085=ORIENTED_EDGE('',*,*,#3127,.T.);
#4086=ORIENTED_EDGE('',*,*,#3128,.T.);
#4087=ORIENTED_EDGE('',*,*,#3129,.F.);
#4088=ORIENTED_EDGE('',*,*,#3107,.F.);
#4089=ORIENTED_EDGE('',*,*,#3095,.F.);
#4090=ORIENTED_EDGE('',*,*,#3077,.F.);
#4091=ORIENTED_EDGE('',*,*,#3130,.T.);
#4092=ORIENTED_EDGE('',*,*,#3131,.F.);
#4093=ORIENTED_EDGE('',*,*,#3132,.T.);
#4094=ORIENTED_EDGE('',*,*,#3133,.F.);
#4095=ORIENTED_EDGE('',*,*,#3134,.T.);
#4096=ORIENTED_EDGE('',*,*,#3135,.T.);
#4097=ORIENTED_EDGE('',*,*,#3136,.T.);
#4098=ORIENTED_EDGE('',*,*,#3137,.T.);
#4099=ORIENTED_EDGE('',*,*,#3111,.T.);
#4100=ORIENTED_EDGE('',*,*,#3138,.T.);
#4101=ORIENTED_EDGE('',*,*,#3139,.T.);
#4102=ORIENTED_EDGE('',*,*,#3140,.T.);
#4103=ORIENTED_EDGE('',*,*,#3116,.F.);
#4104=ORIENTED_EDGE('',*,*,#3141,.T.);
#4105=ORIENTED_EDGE('',*,*,#3115,.T.);
#4106=ORIENTED_EDGE('',*,*,#3142,.T.);
#4107=ORIENTED_EDGE('',*,*,#3143,.F.);
#4108=ORIENTED_EDGE('',*,*,#3138,.F.);
#4109=ORIENTED_EDGE('',*,*,#3144,.F.);
#4110=ORIENTED_EDGE('',*,*,#3145,.T.);
#4111=ORIENTED_EDGE('',*,*,#3074,.T.);
#4112=ORIENTED_EDGE('',*,*,#3146,.T.);
#4113=ORIENTED_EDGE('',*,*,#3147,.F.);
#4114=ORIENTED_EDGE('',*,*,#3148,.F.);
#4115=ORIENTED_EDGE('',*,*,#3148,.T.);
#4116=ORIENTED_EDGE('',*,*,#3149,.T.);
#4117=ORIENTED_EDGE('',*,*,#3150,.T.);
#4118=ORIENTED_EDGE('',*,*,#3151,.T.);
#4119=ORIENTED_EDGE('',*,*,#3147,.T.);
#4120=ORIENTED_EDGE('',*,*,#3152,.F.);
#4121=ORIENTED_EDGE('',*,*,#3153,.F.);
#4122=ORIENTED_EDGE('',*,*,#3154,.T.);
#4123=ORIENTED_EDGE('',*,*,#3149,.F.);
#4124=ORIENTED_EDGE('',*,*,#3155,.T.);
#4125=ORIENTED_EDGE('',*,*,#3146,.F.);
#4126=ORIENTED_EDGE('',*,*,#3073,.F.);
#4127=ORIENTED_EDGE('',*,*,#3100,.T.);
#4128=ORIENTED_EDGE('',*,*,#3101,.F.);
#4129=ORIENTED_EDGE('',*,*,#3156,.F.);
#4130=ORIENTED_EDGE('',*,*,#3157,.T.);
#4131=ORIENTED_EDGE('',*,*,#3158,.T.);
#4132=ORIENTED_EDGE('',*,*,#3159,.T.);
#4133=ORIENTED_EDGE('',*,*,#3160,.T.);
#4134=ORIENTED_EDGE('',*,*,#3161,.T.);
#4135=ORIENTED_EDGE('',*,*,#3162,.T.);
#4136=ORIENTED_EDGE('',*,*,#3163,.T.);
#4137=ORIENTED_EDGE('',*,*,#3164,.T.);
#4138=ORIENTED_EDGE('',*,*,#3165,.T.);
#4139=ORIENTED_EDGE('',*,*,#3166,.T.);
#4140=ORIENTED_EDGE('',*,*,#3167,.T.);
#4141=ORIENTED_EDGE('',*,*,#3168,.T.);
#4142=ORIENTED_EDGE('',*,*,#3152,.T.);
#4143=ORIENTED_EDGE('',*,*,#3169,.T.);
#4144=ORIENTED_EDGE('',*,*,#3170,.T.);
#4145=ORIENTED_EDGE('',*,*,#3171,.T.);
#4146=ORIENTED_EDGE('',*,*,#3172,.T.);
#4147=ORIENTED_EDGE('',*,*,#3173,.T.);
#4148=ORIENTED_EDGE('',*,*,#3174,.T.);
#4149=ORIENTED_EDGE('',*,*,#3175,.T.);
#4150=ORIENTED_EDGE('',*,*,#3176,.T.);
#4151=ORIENTED_EDGE('',*,*,#3177,.T.);
#4152=ORIENTED_EDGE('',*,*,#3178,.T.);
#4153=ORIENTED_EDGE('',*,*,#3179,.T.);
#4154=ORIENTED_EDGE('',*,*,#3180,.T.);
#4155=ORIENTED_EDGE('',*,*,#3181,.T.);
#4156=ORIENTED_EDGE('',*,*,#3182,.T.);
#4157=ORIENTED_EDGE('',*,*,#3183,.T.);
#4158=ORIENTED_EDGE('',*,*,#3184,.T.);
#4159=ORIENTED_EDGE('',*,*,#3185,.T.);
#4160=ORIENTED_EDGE('',*,*,#3186,.T.);
#4161=ORIENTED_EDGE('',*,*,#3187,.F.);
#4162=ORIENTED_EDGE('',*,*,#3156,.T.);
#4163=ORIENTED_EDGE('',*,*,#3110,.F.);
#4164=ORIENTED_EDGE('',*,*,#3188,.T.);
#4165=ORIENTED_EDGE('',*,*,#3189,.F.);
#4166=ORIENTED_EDGE('',*,*,#3190,.T.);
#4167=ORIENTED_EDGE('',*,*,#3108,.F.);
#4168=ORIENTED_EDGE('',*,*,#3129,.T.);
#4169=ORIENTED_EDGE('',*,*,#3187,.T.);
#4170=ORIENTED_EDGE('',*,*,#3191,.F.);
#4171=ORIENTED_EDGE('',*,*,#3189,.T.);
#4172=ORIENTED_EDGE('',*,*,#3128,.F.);
#4173=ORIENTED_EDGE('',*,*,#3192,.F.);
#4174=ORIENTED_EDGE('',*,*,#3120,.F.);
#4175=ORIENTED_EDGE('',*,*,#3193,.F.);
#4176=ORIENTED_EDGE('',*,*,#3194,.F.);
#4177=ORIENTED_EDGE('',*,*,#3195,.F.);
#4178=ORIENTED_EDGE('',*,*,#3165,.F.);
#4179=ORIENTED_EDGE('',*,*,#3196,.F.);
#4180=ORIENTED_EDGE('',*,*,#3157,.F.);
#4181=ORIENTED_EDGE('',*,*,#3057,.T.);
#4182=ORIENTED_EDGE('',*,*,#3197,.T.);
#4183=ORIENTED_EDGE('',*,*,#3103,.F.);
#4184=ORIENTED_EDGE('',*,*,#3198,.T.);
#4185=ORIENTED_EDGE('',*,*,#3197,.F.);
#4186=ORIENTED_EDGE('',*,*,#3056,.F.);
#4187=ORIENTED_EDGE('',*,*,#3199,.F.);
#4188=ORIENTED_EDGE('',*,*,#3104,.F.);
#4189=ORIENTED_EDGE('',*,*,#3199,.T.);
#4190=ORIENTED_EDGE('',*,*,#3055,.T.);
#4191=ORIENTED_EDGE('',*,*,#3200,.T.);
#4192=ORIENTED_EDGE('',*,*,#3105,.F.);
#4193=ORIENTED_EDGE('',*,*,#3048,.F.);
#4194=ORIENTED_EDGE('',*,*,#3079,.F.);
#4195=ORIENTED_EDGE('',*,*,#3097,.T.);
#4196=ORIENTED_EDGE('',*,*,#3106,.F.);
#4197=ORIENTED_EDGE('',*,*,#3200,.F.);
#4198=ORIENTED_EDGE('',*,*,#3054,.F.);
#4199=ORIENTED_EDGE('',*,*,#3201,.T.);
#4200=ORIENTED_EDGE('',*,*,#3202,.T.);
#4201=ORIENTED_EDGE('',*,*,#3203,.T.);
#4202=ORIENTED_EDGE('',*,*,#3204,.T.);
#4203=ORIENTED_EDGE('',*,*,#3205,.T.);
#4204=ORIENTED_EDGE('',*,*,#3206,.T.);
#4205=ORIENTED_EDGE('',*,*,#3207,.T.);
#4206=ORIENTED_EDGE('',*,*,#3208,.T.);
#4207=ORIENTED_EDGE('',*,*,#3209,.T.);
#4208=ORIENTED_EDGE('',*,*,#3210,.T.);
#4209=ORIENTED_EDGE('',*,*,#3211,.T.);
#4210=ORIENTED_EDGE('',*,*,#3212,.T.);
#4211=ORIENTED_EDGE('',*,*,#3213,.T.);
#4212=ORIENTED_EDGE('',*,*,#3214,.T.);
#4213=ORIENTED_EDGE('',*,*,#3215,.T.);
#4214=ORIENTED_EDGE('',*,*,#3216,.T.);
#4215=ORIENTED_EDGE('',*,*,#3217,.T.);
#4216=ORIENTED_EDGE('',*,*,#3218,.T.);
#4217=ORIENTED_EDGE('',*,*,#3219,.T.);
#4218=ORIENTED_EDGE('',*,*,#3220,.T.);
#4219=ORIENTED_EDGE('',*,*,#3221,.T.);
#4220=ORIENTED_EDGE('',*,*,#3222,.T.);
#4221=ORIENTED_EDGE('',*,*,#3223,.T.);
#4222=ORIENTED_EDGE('',*,*,#3224,.T.);
#4223=ORIENTED_EDGE('',*,*,#3225,.T.);
#4224=ORIENTED_EDGE('',*,*,#3226,.T.);
#4225=ORIENTED_EDGE('',*,*,#3227,.T.);
#4226=ORIENTED_EDGE('',*,*,#3228,.T.);
#4227=ORIENTED_EDGE('',*,*,#3229,.T.);
#4228=ORIENTED_EDGE('',*,*,#3230,.T.);
#4229=ORIENTED_EDGE('',*,*,#3231,.T.);
#4230=ORIENTED_EDGE('',*,*,#3232,.T.);
#4231=ORIENTED_EDGE('',*,*,#3233,.T.);
#4232=ORIENTED_EDGE('',*,*,#3234,.T.);
#4233=ORIENTED_EDGE('',*,*,#3235,.T.);
#4234=ORIENTED_EDGE('',*,*,#3236,.T.);
#4235=ORIENTED_EDGE('',*,*,#3237,.T.);
#4236=ORIENTED_EDGE('',*,*,#3238,.T.);
#4237=ORIENTED_EDGE('',*,*,#3239,.T.);
#4238=ORIENTED_EDGE('',*,*,#3240,.T.);
#4239=ORIENTED_EDGE('',*,*,#3241,.T.);
#4240=ORIENTED_EDGE('',*,*,#3242,.T.);
#4241=ORIENTED_EDGE('',*,*,#3243,.T.);
#4242=ORIENTED_EDGE('',*,*,#3244,.T.);
#4243=ORIENTED_EDGE('',*,*,#3245,.T.);
#4244=ORIENTED_EDGE('',*,*,#3246,.T.);
#4245=ORIENTED_EDGE('',*,*,#3247,.T.);
#4246=ORIENTED_EDGE('',*,*,#3248,.T.);
#4247=ORIENTED_EDGE('',*,*,#3249,.T.);
#4248=ORIENTED_EDGE('',*,*,#3250,.T.);
#4249=ORIENTED_EDGE('',*,*,#3251,.T.);
#4250=ORIENTED_EDGE('',*,*,#3252,.T.);
#4251=ORIENTED_EDGE('',*,*,#3253,.T.);
#4252=ORIENTED_EDGE('',*,*,#3254,.T.);
#4253=ORIENTED_EDGE('',*,*,#3255,.T.);
#4254=ORIENTED_EDGE('',*,*,#3256,.T.);
#4255=ORIENTED_EDGE('',*,*,#3257,.T.);
#4256=ORIENTED_EDGE('',*,*,#3258,.T.);
#4257=ORIENTED_EDGE('',*,*,#3259,.T.);
#4258=ORIENTED_EDGE('',*,*,#3260,.T.);
#4259=ORIENTED_EDGE('',*,*,#3261,.T.);
#4260=ORIENTED_EDGE('',*,*,#3262,.T.);
#4261=ORIENTED_EDGE('',*,*,#3263,.T.);
#4262=ORIENTED_EDGE('',*,*,#3264,.T.);
#4263=ORIENTED_EDGE('',*,*,#3265,.T.);
#4264=ORIENTED_EDGE('',*,*,#3266,.T.);
#4265=ORIENTED_EDGE('',*,*,#3267,.T.);
#4266=ORIENTED_EDGE('',*,*,#3268,.T.);
#4267=ORIENTED_EDGE('',*,*,#3269,.T.);
#4268=ORIENTED_EDGE('',*,*,#3270,.T.);
#4269=ORIENTED_EDGE('',*,*,#3271,.T.);
#4270=ORIENTED_EDGE('',*,*,#3272,.T.);
#4271=ORIENTED_EDGE('',*,*,#3273,.T.);
#4272=ORIENTED_EDGE('',*,*,#3274,.T.);
#4273=ORIENTED_EDGE('',*,*,#3275,.T.);
#4274=ORIENTED_EDGE('',*,*,#3276,.T.);
#4275=ORIENTED_EDGE('',*,*,#3277,.T.);
#4276=ORIENTED_EDGE('',*,*,#3278,.T.);
#4277=ORIENTED_EDGE('',*,*,#3279,.T.);
#4278=ORIENTED_EDGE('',*,*,#3280,.T.);
#4279=ORIENTED_EDGE('',*,*,#3281,.T.);
#4280=ORIENTED_EDGE('',*,*,#3282,.T.);
#4281=ORIENTED_EDGE('',*,*,#3283,.T.);
#4282=ORIENTED_EDGE('',*,*,#3284,.T.);
#4283=ORIENTED_EDGE('',*,*,#3285,.T.);
#4284=ORIENTED_EDGE('',*,*,#3286,.T.);
#4285=ORIENTED_EDGE('',*,*,#3287,.T.);
#4286=ORIENTED_EDGE('',*,*,#3288,.T.);
#4287=ORIENTED_EDGE('',*,*,#3289,.T.);
#4288=ORIENTED_EDGE('',*,*,#3290,.T.);
#4289=ORIENTED_EDGE('',*,*,#3291,.T.);
#4290=ORIENTED_EDGE('',*,*,#3292,.T.);
#4291=ORIENTED_EDGE('',*,*,#3293,.T.);
#4292=ORIENTED_EDGE('',*,*,#3294,.T.);
#4293=ORIENTED_EDGE('',*,*,#3295,.T.);
#4294=ORIENTED_EDGE('',*,*,#3296,.T.);
#4295=ORIENTED_EDGE('',*,*,#3297,.T.);
#4296=ORIENTED_EDGE('',*,*,#3298,.T.);
#4297=ORIENTED_EDGE('',*,*,#3299,.T.);
#4298=ORIENTED_EDGE('',*,*,#3300,.T.);
#4299=ORIENTED_EDGE('',*,*,#3301,.T.);
#4300=ORIENTED_EDGE('',*,*,#3302,.T.);
#4301=ORIENTED_EDGE('',*,*,#3303,.T.);
#4302=ORIENTED_EDGE('',*,*,#3304,.T.);
#4303=ORIENTED_EDGE('',*,*,#3305,.T.);
#4304=ORIENTED_EDGE('',*,*,#3306,.T.);
#4305=ORIENTED_EDGE('',*,*,#3307,.T.);
#4306=ORIENTED_EDGE('',*,*,#3308,.T.);
#4307=ORIENTED_EDGE('',*,*,#3309,.T.);
#4308=ORIENTED_EDGE('',*,*,#3310,.T.);
#4309=ORIENTED_EDGE('',*,*,#3311,.T.);
#4310=ORIENTED_EDGE('',*,*,#3312,.T.);
#4311=ORIENTED_EDGE('',*,*,#3313,.T.);
#4312=ORIENTED_EDGE('',*,*,#3314,.T.);
#4313=ORIENTED_EDGE('',*,*,#3315,.T.);
#4314=ORIENTED_EDGE('',*,*,#3316,.T.);
#4315=ORIENTED_EDGE('',*,*,#3317,.T.);
#4316=ORIENTED_EDGE('',*,*,#3318,.T.);
#4317=ORIENTED_EDGE('',*,*,#3319,.T.);
#4318=ORIENTED_EDGE('',*,*,#3320,.T.);
#4319=ORIENTED_EDGE('',*,*,#3321,.T.);
#4320=ORIENTED_EDGE('',*,*,#3322,.T.);
#4321=ORIENTED_EDGE('',*,*,#3323,.T.);
#4322=ORIENTED_EDGE('',*,*,#3324,.T.);
#4323=ORIENTED_EDGE('',*,*,#3325,.T.);
#4324=ORIENTED_EDGE('',*,*,#3326,.T.);
#4325=ORIENTED_EDGE('',*,*,#3327,.T.);
#4326=ORIENTED_EDGE('',*,*,#3328,.T.);
#4327=ORIENTED_EDGE('',*,*,#3329,.T.);
#4328=ORIENTED_EDGE('',*,*,#3330,.T.);
#4329=ORIENTED_EDGE('',*,*,#3331,.T.);
#4330=ORIENTED_EDGE('',*,*,#3332,.T.);
#4331=ORIENTED_EDGE('',*,*,#3333,.T.);
#4332=ORIENTED_EDGE('',*,*,#3334,.F.);
#4333=ORIENTED_EDGE('',*,*,#3335,.F.);
#4334=ORIENTED_EDGE('',*,*,#3336,.F.);
#4335=ORIENTED_EDGE('',*,*,#3337,.F.);
#4336=ORIENTED_EDGE('',*,*,#3338,.T.);
#4337=ORIENTED_EDGE('',*,*,#3339,.T.);
#4338=ORIENTED_EDGE('',*,*,#3340,.T.);
#4339=ORIENTED_EDGE('',*,*,#3341,.T.);
#4340=ORIENTED_EDGE('',*,*,#3342,.T.);
#4341=ORIENTED_EDGE('',*,*,#3343,.T.);
#4342=ORIENTED_EDGE('',*,*,#3344,.T.);
#4343=ORIENTED_EDGE('',*,*,#3345,.T.);
#4344=ORIENTED_EDGE('',*,*,#3346,.T.);
#4345=ORIENTED_EDGE('',*,*,#3347,.T.);
#4346=ORIENTED_EDGE('',*,*,#3348,.T.);
#4347=ORIENTED_EDGE('',*,*,#3349,.T.);
#4348=ORIENTED_EDGE('',*,*,#3350,.T.);
#4349=ORIENTED_EDGE('',*,*,#3351,.T.);
#4350=ORIENTED_EDGE('',*,*,#3352,.T.);
#4351=ORIENTED_EDGE('',*,*,#3353,.T.);
#4352=ORIENTED_EDGE('',*,*,#3354,.T.);
#4353=ORIENTED_EDGE('',*,*,#3355,.T.);
#4354=ORIENTED_EDGE('',*,*,#3356,.T.);
#4355=ORIENTED_EDGE('',*,*,#3357,.T.);
#4356=ORIENTED_EDGE('',*,*,#3358,.T.);
#4357=ORIENTED_EDGE('',*,*,#3359,.T.);
#4358=ORIENTED_EDGE('',*,*,#3360,.T.);
#4359=ORIENTED_EDGE('',*,*,#3361,.T.);
#4360=ORIENTED_EDGE('',*,*,#3362,.T.);
#4361=ORIENTED_EDGE('',*,*,#3363,.T.);
#4362=ORIENTED_EDGE('',*,*,#3364,.T.);
#4363=ORIENTED_EDGE('',*,*,#3365,.T.);
#4364=ORIENTED_EDGE('',*,*,#3366,.T.);
#4365=ORIENTED_EDGE('',*,*,#3367,.T.);
#4366=ORIENTED_EDGE('',*,*,#3368,.T.);
#4367=ORIENTED_EDGE('',*,*,#3369,.T.);
#4368=ORIENTED_EDGE('',*,*,#3370,.T.);
#4369=ORIENTED_EDGE('',*,*,#3371,.T.);
#4370=ORIENTED_EDGE('',*,*,#3372,.T.);
#4371=ORIENTED_EDGE('',*,*,#3373,.T.);
#4372=ORIENTED_EDGE('',*,*,#3374,.T.);
#4373=ORIENTED_EDGE('',*,*,#3375,.F.);
#4374=ORIENTED_EDGE('',*,*,#3376,.T.);
#4375=ORIENTED_EDGE('',*,*,#3377,.T.);
#4376=ORIENTED_EDGE('',*,*,#3378,.F.);
#4377=ORIENTED_EDGE('',*,*,#3379,.F.);
#4378=ORIENTED_EDGE('',*,*,#3380,.T.);
#4379=ORIENTED_EDGE('',*,*,#3381,.T.);
#4380=ORIENTED_EDGE('',*,*,#3376,.F.);
#4381=ORIENTED_EDGE('',*,*,#3382,.F.);
#4382=ORIENTED_EDGE('',*,*,#3378,.T.);
#4383=ORIENTED_EDGE('',*,*,#3383,.T.);
#4384=ORIENTED_EDGE('',*,*,#3384,.F.);
#4385=ORIENTED_EDGE('',*,*,#3383,.F.);
#4386=ORIENTED_EDGE('',*,*,#3377,.F.);
#4387=ORIENTED_EDGE('',*,*,#3381,.F.);
#4388=ORIENTED_EDGE('',*,*,#3384,.T.);
#4389=ORIENTED_EDGE('',*,*,#3385,.T.);
#4390=ORIENTED_EDGE('',*,*,#3386,.F.);
#4391=ORIENTED_EDGE('',*,*,#3387,.F.);
#4392=ORIENTED_EDGE('',*,*,#3388,.F.);
#4393=ORIENTED_EDGE('',*,*,#3386,.T.);
#4394=ORIENTED_EDGE('',*,*,#3389,.T.);
#4395=ORIENTED_EDGE('',*,*,#3390,.F.);
#4396=ORIENTED_EDGE('',*,*,#3380,.F.);
#4397=ORIENTED_EDGE('',*,*,#3391,.F.);
#4398=ORIENTED_EDGE('',*,*,#3392,.T.);
#4399=ORIENTED_EDGE('',*,*,#3393,.T.);
#4400=ORIENTED_EDGE('',*,*,#3394,.F.);
#4401=ORIENTED_EDGE('',*,*,#3395,.T.);
#4402=ORIENTED_EDGE('',*,*,#3396,.T.);
#4403=ORIENTED_EDGE('',*,*,#3392,.F.);
#4404=ORIENTED_EDGE('',*,*,#3397,.F.);
#4405=ORIENTED_EDGE('',*,*,#3390,.T.);
#4406=ORIENTED_EDGE('',*,*,#3398,.T.);
#4407=ORIENTED_EDGE('',*,*,#3395,.F.);
#4408=ORIENTED_EDGE('',*,*,#3398,.F.);
#4409=ORIENTED_EDGE('',*,*,#3389,.F.);
#4410=ORIENTED_EDGE('',*,*,#3385,.F.);
#4411=ORIENTED_EDGE('',*,*,#3393,.F.);
#4412=ORIENTED_EDGE('',*,*,#3396,.F.);
#4413=ORIENTED_EDGE('',*,*,#3399,.F.);
#4414=ORIENTED_EDGE('',*,*,#3400,.T.);
#4415=ORIENTED_EDGE('',*,*,#3401,.T.);
#4416=ORIENTED_EDGE('',*,*,#3402,.F.);
#4417=ORIENTED_EDGE('',*,*,#3403,.F.);
#4418=ORIENTED_EDGE('',*,*,#3404,.T.);
#4419=ORIENTED_EDGE('',*,*,#3405,.T.);
#4420=ORIENTED_EDGE('',*,*,#3400,.F.);
#4421=ORIENTED_EDGE('',*,*,#3406,.F.);
#4422=ORIENTED_EDGE('',*,*,#3402,.T.);
#4423=ORIENTED_EDGE('',*,*,#3407,.T.);
#4424=ORIENTED_EDGE('',*,*,#3408,.F.);
#4425=ORIENTED_EDGE('',*,*,#3407,.F.);
#4426=ORIENTED_EDGE('',*,*,#3401,.F.);
#4427=ORIENTED_EDGE('',*,*,#3405,.F.);
#4428=ORIENTED_EDGE('',*,*,#3408,.T.);
#4429=ORIENTED_EDGE('',*,*,#3409,.T.);
#4430=ORIENTED_EDGE('',*,*,#3410,.F.);
#4431=ORIENTED_EDGE('',*,*,#3411,.F.);
#4432=ORIENTED_EDGE('',*,*,#3412,.F.);
#4433=ORIENTED_EDGE('',*,*,#3413,.T.);
#4434=ORIENTED_EDGE('',*,*,#3414,.T.);
#4435=ORIENTED_EDGE('',*,*,#3415,.F.);
#4436=ORIENTED_EDGE('',*,*,#3416,.F.);
#4437=ORIENTED_EDGE('',*,*,#3417,.T.);
#4438=ORIENTED_EDGE('',*,*,#3418,.T.);
#4439=ORIENTED_EDGE('',*,*,#3413,.F.);
#4440=ORIENTED_EDGE('',*,*,#3419,.F.);
#4441=ORIENTED_EDGE('',*,*,#3410,.T.);
#4442=ORIENTED_EDGE('',*,*,#3420,.T.);
#4443=ORIENTED_EDGE('',*,*,#3417,.F.);
#4444=ORIENTED_EDGE('',*,*,#3404,.F.);
#4445=ORIENTED_EDGE('',*,*,#3421,.F.);
#4446=ORIENTED_EDGE('',*,*,#3415,.T.);
#4447=ORIENTED_EDGE('',*,*,#3422,.T.);
#4448=ORIENTED_EDGE('',*,*,#3422,.F.);
#4449=ORIENTED_EDGE('',*,*,#3414,.F.);
#4450=ORIENTED_EDGE('',*,*,#3418,.F.);
#4451=ORIENTED_EDGE('',*,*,#3420,.F.);
#4452=ORIENTED_EDGE('',*,*,#3409,.F.);
#4453=ORIENTED_EDGE('',*,*,#3201,.F.);
#4454=ORIENTED_EDGE('',*,*,#3423,.T.);
#4455=ORIENTED_EDGE('',*,*,#3424,.T.);
#4456=ORIENTED_EDGE('',*,*,#3425,.F.);
#4457=ORIENTED_EDGE('',*,*,#3204,.F.);
#4458=ORIENTED_EDGE('',*,*,#3426,.T.);
#4459=ORIENTED_EDGE('',*,*,#3427,.T.);
#4460=ORIENTED_EDGE('',*,*,#3423,.F.);
#4461=ORIENTED_EDGE('',*,*,#3203,.F.);
#4462=ORIENTED_EDGE('',*,*,#3428,.T.);
#4463=ORIENTED_EDGE('',*,*,#3429,.T.);
#4464=ORIENTED_EDGE('',*,*,#3426,.F.);
#4465=ORIENTED_EDGE('',*,*,#3202,.F.);
#4466=ORIENTED_EDGE('',*,*,#3425,.T.);
#4467=ORIENTED_EDGE('',*,*,#3430,.T.);
#4468=ORIENTED_EDGE('',*,*,#3428,.F.);
#4469=ORIENTED_EDGE('',*,*,#3430,.F.);
#4470=ORIENTED_EDGE('',*,*,#3424,.F.);
#4471=ORIENTED_EDGE('',*,*,#3427,.F.);
#4472=ORIENTED_EDGE('',*,*,#3429,.F.);
#4473=ORIENTED_EDGE('',*,*,#3205,.F.);
#4474=ORIENTED_EDGE('',*,*,#3431,.T.);
#4475=ORIENTED_EDGE('',*,*,#3432,.T.);
#4476=ORIENTED_EDGE('',*,*,#3433,.F.);
#4477=ORIENTED_EDGE('',*,*,#3226,.F.);
#4478=ORIENTED_EDGE('',*,*,#3434,.T.);
#4479=ORIENTED_EDGE('',*,*,#3435,.T.);
#4480=ORIENTED_EDGE('',*,*,#3431,.F.);
#4481=ORIENTED_EDGE('',*,*,#3225,.F.);
#4482=ORIENTED_EDGE('',*,*,#3436,.T.);
#4483=ORIENTED_EDGE('',*,*,#3437,.T.);
#4484=ORIENTED_EDGE('',*,*,#3434,.F.);
#4485=ORIENTED_EDGE('',*,*,#3224,.F.);
#4486=ORIENTED_EDGE('',*,*,#3438,.T.);
#4487=ORIENTED_EDGE('',*,*,#3439,.T.);
#4488=ORIENTED_EDGE('',*,*,#3436,.F.);
#4489=ORIENTED_EDGE('',*,*,#3223,.F.);
#4490=ORIENTED_EDGE('',*,*,#3440,.T.);
#4491=ORIENTED_EDGE('',*,*,#3441,.T.);
#4492=ORIENTED_EDGE('',*,*,#3438,.F.);
#4493=ORIENTED_EDGE('',*,*,#3222,.F.);
#4494=ORIENTED_EDGE('',*,*,#3442,.T.);
#4495=ORIENTED_EDGE('',*,*,#3443,.T.);
#4496=ORIENTED_EDGE('',*,*,#3440,.F.);
#4497=ORIENTED_EDGE('',*,*,#3221,.F.);
#4498=ORIENTED_EDGE('',*,*,#3444,.T.);
#4499=ORIENTED_EDGE('',*,*,#3445,.T.);
#4500=ORIENTED_EDGE('',*,*,#3442,.F.);
#4501=ORIENTED_EDGE('',*,*,#3220,.F.);
#4502=ORIENTED_EDGE('',*,*,#3446,.T.);
#4503=ORIENTED_EDGE('',*,*,#3447,.T.);
#4504=ORIENTED_EDGE('',*,*,#3444,.F.);
#4505=ORIENTED_EDGE('',*,*,#3219,.F.);
#4506=ORIENTED_EDGE('',*,*,#3448,.T.);
#4507=ORIENTED_EDGE('',*,*,#3449,.T.);
#4508=ORIENTED_EDGE('',*,*,#3446,.F.);
#4509=ORIENTED_EDGE('',*,*,#3218,.F.);
#4510=ORIENTED_EDGE('',*,*,#3450,.T.);
#4511=ORIENTED_EDGE('',*,*,#3451,.T.);
#4512=ORIENTED_EDGE('',*,*,#3448,.F.);
#4513=ORIENTED_EDGE('',*,*,#3217,.F.);
#4514=ORIENTED_EDGE('',*,*,#3452,.T.);
#4515=ORIENTED_EDGE('',*,*,#3453,.T.);
#4516=ORIENTED_EDGE('',*,*,#3450,.F.);
#4517=ORIENTED_EDGE('',*,*,#3216,.F.);
#4518=ORIENTED_EDGE('',*,*,#3454,.T.);
#4519=ORIENTED_EDGE('',*,*,#3455,.T.);
#4520=ORIENTED_EDGE('',*,*,#3452,.F.);
#4521=ORIENTED_EDGE('',*,*,#3215,.F.);
#4522=ORIENTED_EDGE('',*,*,#3456,.T.);
#4523=ORIENTED_EDGE('',*,*,#3457,.T.);
#4524=ORIENTED_EDGE('',*,*,#3454,.F.);
#4525=ORIENTED_EDGE('',*,*,#3214,.F.);
#4526=ORIENTED_EDGE('',*,*,#3458,.T.);
#4527=ORIENTED_EDGE('',*,*,#3459,.T.);
#4528=ORIENTED_EDGE('',*,*,#3456,.F.);
#4529=ORIENTED_EDGE('',*,*,#3213,.F.);
#4530=ORIENTED_EDGE('',*,*,#3460,.T.);
#4531=ORIENTED_EDGE('',*,*,#3461,.T.);
#4532=ORIENTED_EDGE('',*,*,#3458,.F.);
#4533=ORIENTED_EDGE('',*,*,#3212,.F.);
#4534=ORIENTED_EDGE('',*,*,#3462,.T.);
#4535=ORIENTED_EDGE('',*,*,#3463,.T.);
#4536=ORIENTED_EDGE('',*,*,#3460,.F.);
#4537=ORIENTED_EDGE('',*,*,#3211,.F.);
#4538=ORIENTED_EDGE('',*,*,#3464,.T.);
#4539=ORIENTED_EDGE('',*,*,#3465,.T.);
#4540=ORIENTED_EDGE('',*,*,#3462,.F.);
#4541=ORIENTED_EDGE('',*,*,#3210,.F.);
#4542=ORIENTED_EDGE('',*,*,#3466,.T.);
#4543=ORIENTED_EDGE('',*,*,#3467,.T.);
#4544=ORIENTED_EDGE('',*,*,#3464,.F.);
#4545=ORIENTED_EDGE('',*,*,#3209,.F.);
#4546=ORIENTED_EDGE('',*,*,#3468,.T.);
#4547=ORIENTED_EDGE('',*,*,#3469,.T.);
#4548=ORIENTED_EDGE('',*,*,#3466,.F.);
#4549=ORIENTED_EDGE('',*,*,#3208,.F.);
#4550=ORIENTED_EDGE('',*,*,#3470,.T.);
#4551=ORIENTED_EDGE('',*,*,#3471,.T.);
#4552=ORIENTED_EDGE('',*,*,#3468,.F.);
#4553=ORIENTED_EDGE('',*,*,#3207,.F.);
#4554=ORIENTED_EDGE('',*,*,#3472,.T.);
#4555=ORIENTED_EDGE('',*,*,#3473,.T.);
#4556=ORIENTED_EDGE('',*,*,#3470,.F.);
#4557=ORIENTED_EDGE('',*,*,#3206,.F.);
#4558=ORIENTED_EDGE('',*,*,#3433,.T.);
#4559=ORIENTED_EDGE('',*,*,#3474,.T.);
#4560=ORIENTED_EDGE('',*,*,#3472,.F.);
#4561=ORIENTED_EDGE('',*,*,#3474,.F.);
#4562=ORIENTED_EDGE('',*,*,#3432,.F.);
#4563=ORIENTED_EDGE('',*,*,#3435,.F.);
#4564=ORIENTED_EDGE('',*,*,#3437,.F.);
#4565=ORIENTED_EDGE('',*,*,#3439,.F.);
#4566=ORIENTED_EDGE('',*,*,#3441,.F.);
#4567=ORIENTED_EDGE('',*,*,#3443,.F.);
#4568=ORIENTED_EDGE('',*,*,#3445,.F.);
#4569=ORIENTED_EDGE('',*,*,#3447,.F.);
#4570=ORIENTED_EDGE('',*,*,#3449,.F.);
#4571=ORIENTED_EDGE('',*,*,#3451,.F.);
#4572=ORIENTED_EDGE('',*,*,#3453,.F.);
#4573=ORIENTED_EDGE('',*,*,#3455,.F.);
#4574=ORIENTED_EDGE('',*,*,#3457,.F.);
#4575=ORIENTED_EDGE('',*,*,#3459,.F.);
#4576=ORIENTED_EDGE('',*,*,#3461,.F.);
#4577=ORIENTED_EDGE('',*,*,#3463,.F.);
#4578=ORIENTED_EDGE('',*,*,#3465,.F.);
#4579=ORIENTED_EDGE('',*,*,#3467,.F.);
#4580=ORIENTED_EDGE('',*,*,#3469,.F.);
#4581=ORIENTED_EDGE('',*,*,#3471,.F.);
#4582=ORIENTED_EDGE('',*,*,#3473,.F.);
#4583=ORIENTED_EDGE('',*,*,#3227,.F.);
#4584=ORIENTED_EDGE('',*,*,#3475,.T.);
#4585=ORIENTED_EDGE('',*,*,#3476,.T.);
#4586=ORIENTED_EDGE('',*,*,#3477,.F.);
#4587=ORIENTED_EDGE('',*,*,#3241,.F.);
#4588=ORIENTED_EDGE('',*,*,#3478,.T.);
#4589=ORIENTED_EDGE('',*,*,#3479,.T.);
#4590=ORIENTED_EDGE('',*,*,#3475,.F.);
#4591=ORIENTED_EDGE('',*,*,#3240,.F.);
#4592=ORIENTED_EDGE('',*,*,#3480,.T.);
#4593=ORIENTED_EDGE('',*,*,#3481,.T.);
#4594=ORIENTED_EDGE('',*,*,#3478,.F.);
#4595=ORIENTED_EDGE('',*,*,#3239,.F.);
#4596=ORIENTED_EDGE('',*,*,#3482,.T.);
#4597=ORIENTED_EDGE('',*,*,#3483,.T.);
#4598=ORIENTED_EDGE('',*,*,#3480,.F.);
#4599=ORIENTED_EDGE('',*,*,#3238,.F.);
#4600=ORIENTED_EDGE('',*,*,#3484,.T.);
#4601=ORIENTED_EDGE('',*,*,#3485,.T.);
#4602=ORIENTED_EDGE('',*,*,#3482,.F.);
#4603=ORIENTED_EDGE('',*,*,#3237,.F.);
#4604=ORIENTED_EDGE('',*,*,#3486,.T.);
#4605=ORIENTED_EDGE('',*,*,#3487,.T.);
#4606=ORIENTED_EDGE('',*,*,#3484,.F.);
#4607=ORIENTED_EDGE('',*,*,#3236,.F.);
#4608=ORIENTED_EDGE('',*,*,#3488,.T.);
#4609=ORIENTED_EDGE('',*,*,#3489,.T.);
#4610=ORIENTED_EDGE('',*,*,#3486,.F.);
#4611=ORIENTED_EDGE('',*,*,#3235,.F.);
#4612=ORIENTED_EDGE('',*,*,#3490,.T.);
#4613=ORIENTED_EDGE('',*,*,#3491,.T.);
#4614=ORIENTED_EDGE('',*,*,#3488,.F.);
#4615=ORIENTED_EDGE('',*,*,#3234,.F.);
#4616=ORIENTED_EDGE('',*,*,#3492,.T.);
#4617=ORIENTED_EDGE('',*,*,#3493,.T.);
#4618=ORIENTED_EDGE('',*,*,#3490,.F.);
#4619=ORIENTED_EDGE('',*,*,#3233,.F.);
#4620=ORIENTED_EDGE('',*,*,#3494,.T.);
#4621=ORIENTED_EDGE('',*,*,#3495,.T.);
#4622=ORIENTED_EDGE('',*,*,#3492,.F.);
#4623=ORIENTED_EDGE('',*,*,#3232,.F.);
#4624=ORIENTED_EDGE('',*,*,#3496,.T.);
#4625=ORIENTED_EDGE('',*,*,#3497,.T.);
#4626=ORIENTED_EDGE('',*,*,#3494,.F.);
#4627=ORIENTED_EDGE('',*,*,#3231,.F.);
#4628=ORIENTED_EDGE('',*,*,#3498,.T.);
#4629=ORIENTED_EDGE('',*,*,#3499,.T.);
#4630=ORIENTED_EDGE('',*,*,#3496,.F.);
#4631=ORIENTED_EDGE('',*,*,#3230,.F.);
#4632=ORIENTED_EDGE('',*,*,#3500,.T.);
#4633=ORIENTED_EDGE('',*,*,#3501,.T.);
#4634=ORIENTED_EDGE('',*,*,#3498,.F.);
#4635=ORIENTED_EDGE('',*,*,#3229,.F.);
#4636=ORIENTED_EDGE('',*,*,#3502,.T.);
#4637=ORIENTED_EDGE('',*,*,#3503,.T.);
#4638=ORIENTED_EDGE('',*,*,#3500,.F.);
#4639=ORIENTED_EDGE('',*,*,#3228,.F.);
#4640=ORIENTED_EDGE('',*,*,#3477,.T.);
#4641=ORIENTED_EDGE('',*,*,#3504,.T.);
#4642=ORIENTED_EDGE('',*,*,#3502,.F.);
#4643=ORIENTED_EDGE('',*,*,#3504,.F.);
#4644=ORIENTED_EDGE('',*,*,#3476,.F.);
#4645=ORIENTED_EDGE('',*,*,#3479,.F.);
#4646=ORIENTED_EDGE('',*,*,#3481,.F.);
#4647=ORIENTED_EDGE('',*,*,#3483,.F.);
#4648=ORIENTED_EDGE('',*,*,#3485,.F.);
#4649=ORIENTED_EDGE('',*,*,#3487,.F.);
#4650=ORIENTED_EDGE('',*,*,#3489,.F.);
#4651=ORIENTED_EDGE('',*,*,#3491,.F.);
#4652=ORIENTED_EDGE('',*,*,#3493,.F.);
#4653=ORIENTED_EDGE('',*,*,#3495,.F.);
#4654=ORIENTED_EDGE('',*,*,#3497,.F.);
#4655=ORIENTED_EDGE('',*,*,#3499,.F.);
#4656=ORIENTED_EDGE('',*,*,#3501,.F.);
#4657=ORIENTED_EDGE('',*,*,#3503,.F.);
#4658=ORIENTED_EDGE('',*,*,#3242,.F.);
#4659=ORIENTED_EDGE('',*,*,#3505,.T.);
#4660=ORIENTED_EDGE('',*,*,#3506,.T.);
#4661=ORIENTED_EDGE('',*,*,#3507,.F.);
#4662=ORIENTED_EDGE('',*,*,#3275,.F.);
#4663=ORIENTED_EDGE('',*,*,#3508,.T.);
#4664=ORIENTED_EDGE('',*,*,#3509,.T.);
#4665=ORIENTED_EDGE('',*,*,#3505,.F.);
#4666=ORIENTED_EDGE('',*,*,#3274,.F.);
#4667=ORIENTED_EDGE('',*,*,#3510,.T.);
#4668=ORIENTED_EDGE('',*,*,#3511,.T.);
#4669=ORIENTED_EDGE('',*,*,#3508,.F.);
#4670=ORIENTED_EDGE('',*,*,#3273,.F.);
#4671=ORIENTED_EDGE('',*,*,#3512,.T.);
#4672=ORIENTED_EDGE('',*,*,#3513,.T.);
#4673=ORIENTED_EDGE('',*,*,#3510,.F.);
#4674=ORIENTED_EDGE('',*,*,#3272,.F.);
#4675=ORIENTED_EDGE('',*,*,#3514,.T.);
#4676=ORIENTED_EDGE('',*,*,#3515,.T.);
#4677=ORIENTED_EDGE('',*,*,#3512,.F.);
#4678=ORIENTED_EDGE('',*,*,#3271,.F.);
#4679=ORIENTED_EDGE('',*,*,#3516,.T.);
#4680=ORIENTED_EDGE('',*,*,#3517,.T.);
#4681=ORIENTED_EDGE('',*,*,#3514,.F.);
#4682=ORIENTED_EDGE('',*,*,#3270,.F.);
#4683=ORIENTED_EDGE('',*,*,#3518,.T.);
#4684=ORIENTED_EDGE('',*,*,#3519,.T.);
#4685=ORIENTED_EDGE('',*,*,#3516,.F.);
#4686=ORIENTED_EDGE('',*,*,#3269,.F.);
#4687=ORIENTED_EDGE('',*,*,#3520,.T.);
#4688=ORIENTED_EDGE('',*,*,#3521,.T.);
#4689=ORIENTED_EDGE('',*,*,#3518,.F.);
#4690=ORIENTED_EDGE('',*,*,#3268,.F.);
#4691=ORIENTED_EDGE('',*,*,#3522,.T.);
#4692=ORIENTED_EDGE('',*,*,#3523,.T.);
#4693=ORIENTED_EDGE('',*,*,#3520,.F.);
#4694=ORIENTED_EDGE('',*,*,#3267,.F.);
#4695=ORIENTED_EDGE('',*,*,#3524,.T.);
#4696=ORIENTED_EDGE('',*,*,#3525,.T.);
#4697=ORIENTED_EDGE('',*,*,#3522,.F.);
#4698=ORIENTED_EDGE('',*,*,#3266,.F.);
#4699=ORIENTED_EDGE('',*,*,#3526,.T.);
#4700=ORIENTED_EDGE('',*,*,#3527,.T.);
#4701=ORIENTED_EDGE('',*,*,#3524,.F.);
#4702=ORIENTED_EDGE('',*,*,#3265,.F.);
#4703=ORIENTED_EDGE('',*,*,#3528,.T.);
#4704=ORIENTED_EDGE('',*,*,#3529,.T.);
#4705=ORIENTED_EDGE('',*,*,#3526,.F.);
#4706=ORIENTED_EDGE('',*,*,#3264,.F.);
#4707=ORIENTED_EDGE('',*,*,#3530,.T.);
#4708=ORIENTED_EDGE('',*,*,#3531,.T.);
#4709=ORIENTED_EDGE('',*,*,#3528,.F.);
#4710=ORIENTED_EDGE('',*,*,#3263,.F.);
#4711=ORIENTED_EDGE('',*,*,#3532,.T.);
#4712=ORIENTED_EDGE('',*,*,#3533,.T.);
#4713=ORIENTED_EDGE('',*,*,#3530,.F.);
#4714=ORIENTED_EDGE('',*,*,#3262,.F.);
#4715=ORIENTED_EDGE('',*,*,#3534,.T.);
#4716=ORIENTED_EDGE('',*,*,#3535,.T.);
#4717=ORIENTED_EDGE('',*,*,#3532,.F.);
#4718=ORIENTED_EDGE('',*,*,#3261,.F.);
#4719=ORIENTED_EDGE('',*,*,#3536,.T.);
#4720=ORIENTED_EDGE('',*,*,#3537,.T.);
#4721=ORIENTED_EDGE('',*,*,#3534,.F.);
#4722=ORIENTED_EDGE('',*,*,#3260,.F.);
#4723=ORIENTED_EDGE('',*,*,#3538,.T.);
#4724=ORIENTED_EDGE('',*,*,#3539,.T.);
#4725=ORIENTED_EDGE('',*,*,#3536,.F.);
#4726=ORIENTED_EDGE('',*,*,#3259,.F.);
#4727=ORIENTED_EDGE('',*,*,#3540,.T.);
#4728=ORIENTED_EDGE('',*,*,#3541,.T.);
#4729=ORIENTED_EDGE('',*,*,#3538,.F.);
#4730=ORIENTED_EDGE('',*,*,#3258,.F.);
#4731=ORIENTED_EDGE('',*,*,#3542,.T.);
#4732=ORIENTED_EDGE('',*,*,#3543,.T.);
#4733=ORIENTED_EDGE('',*,*,#3540,.F.);
#4734=ORIENTED_EDGE('',*,*,#3257,.F.);
#4735=ORIENTED_EDGE('',*,*,#3544,.T.);
#4736=ORIENTED_EDGE('',*,*,#3545,.T.);
#4737=ORIENTED_EDGE('',*,*,#3542,.F.);
#4738=ORIENTED_EDGE('',*,*,#3256,.F.);
#4739=ORIENTED_EDGE('',*,*,#3546,.T.);
#4740=ORIENTED_EDGE('',*,*,#3547,.T.);
#4741=ORIENTED_EDGE('',*,*,#3544,.F.);
#4742=ORIENTED_EDGE('',*,*,#3255,.F.);
#4743=ORIENTED_EDGE('',*,*,#3548,.T.);
#4744=ORIENTED_EDGE('',*,*,#3549,.T.);
#4745=ORIENTED_EDGE('',*,*,#3546,.F.);
#4746=ORIENTED_EDGE('',*,*,#3254,.F.);
#4747=ORIENTED_EDGE('',*,*,#3550,.T.);
#4748=ORIENTED_EDGE('',*,*,#3551,.T.);
#4749=ORIENTED_EDGE('',*,*,#3548,.F.);
#4750=ORIENTED_EDGE('',*,*,#3253,.F.);
#4751=ORIENTED_EDGE('',*,*,#3552,.T.);
#4752=ORIENTED_EDGE('',*,*,#3553,.T.);
#4753=ORIENTED_EDGE('',*,*,#3550,.F.);
#4754=ORIENTED_EDGE('',*,*,#3252,.F.);
#4755=ORIENTED_EDGE('',*,*,#3554,.T.);
#4756=ORIENTED_EDGE('',*,*,#3555,.T.);
#4757=ORIENTED_EDGE('',*,*,#3552,.F.);
#4758=ORIENTED_EDGE('',*,*,#3251,.F.);
#4759=ORIENTED_EDGE('',*,*,#3556,.T.);
#4760=ORIENTED_EDGE('',*,*,#3557,.T.);
#4761=ORIENTED_EDGE('',*,*,#3554,.F.);
#4762=ORIENTED_EDGE('',*,*,#3250,.F.);
#4763=ORIENTED_EDGE('',*,*,#3558,.T.);
#4764=ORIENTED_EDGE('',*,*,#3559,.T.);
#4765=ORIENTED_EDGE('',*,*,#3556,.F.);
#4766=ORIENTED_EDGE('',*,*,#3249,.F.);
#4767=ORIENTED_EDGE('',*,*,#3560,.T.);
#4768=ORIENTED_EDGE('',*,*,#3561,.T.);
#4769=ORIENTED_EDGE('',*,*,#3558,.F.);
#4770=ORIENTED_EDGE('',*,*,#3248,.F.);
#4771=ORIENTED_EDGE('',*,*,#3562,.T.);
#4772=ORIENTED_EDGE('',*,*,#3563,.T.);
#4773=ORIENTED_EDGE('',*,*,#3560,.F.);
#4774=ORIENTED_EDGE('',*,*,#3247,.F.);
#4775=ORIENTED_EDGE('',*,*,#3564,.T.);
#4776=ORIENTED_EDGE('',*,*,#3565,.T.);
#4777=ORIENTED_EDGE('',*,*,#3562,.F.);
#4778=ORIENTED_EDGE('',*,*,#3246,.F.);
#4779=ORIENTED_EDGE('',*,*,#3566,.T.);
#4780=ORIENTED_EDGE('',*,*,#3567,.T.);
#4781=ORIENTED_EDGE('',*,*,#3564,.F.);
#4782=ORIENTED_EDGE('',*,*,#3245,.F.);
#4783=ORIENTED_EDGE('',*,*,#3568,.T.);
#4784=ORIENTED_EDGE('',*,*,#3569,.T.);
#4785=ORIENTED_EDGE('',*,*,#3566,.F.);
#4786=ORIENTED_EDGE('',*,*,#3244,.F.);
#4787=ORIENTED_EDGE('',*,*,#3570,.T.);
#4788=ORIENTED_EDGE('',*,*,#3571,.T.);
#4789=ORIENTED_EDGE('',*,*,#3568,.F.);
#4790=ORIENTED_EDGE('',*,*,#3243,.F.);
#4791=ORIENTED_EDGE('',*,*,#3507,.T.);
#4792=ORIENTED_EDGE('',*,*,#3572,.T.);
#4793=ORIENTED_EDGE('',*,*,#3570,.F.);
#4794=ORIENTED_EDGE('',*,*,#3572,.F.);
#4795=ORIENTED_EDGE('',*,*,#3506,.F.);
#4796=ORIENTED_EDGE('',*,*,#3509,.F.);
#4797=ORIENTED_EDGE('',*,*,#3511,.F.);
#4798=ORIENTED_EDGE('',*,*,#3513,.F.);
#4799=ORIENTED_EDGE('',*,*,#3515,.F.);
#4800=ORIENTED_EDGE('',*,*,#3517,.F.);
#4801=ORIENTED_EDGE('',*,*,#3519,.F.);
#4802=ORIENTED_EDGE('',*,*,#3521,.F.);
#4803=ORIENTED_EDGE('',*,*,#3523,.F.);
#4804=ORIENTED_EDGE('',*,*,#3525,.F.);
#4805=ORIENTED_EDGE('',*,*,#3527,.F.);
#4806=ORIENTED_EDGE('',*,*,#3529,.F.);
#4807=ORIENTED_EDGE('',*,*,#3531,.F.);
#4808=ORIENTED_EDGE('',*,*,#3533,.F.);
#4809=ORIENTED_EDGE('',*,*,#3535,.F.);
#4810=ORIENTED_EDGE('',*,*,#3537,.F.);
#4811=ORIENTED_EDGE('',*,*,#3539,.F.);
#4812=ORIENTED_EDGE('',*,*,#3541,.F.);
#4813=ORIENTED_EDGE('',*,*,#3543,.F.);
#4814=ORIENTED_EDGE('',*,*,#3545,.F.);
#4815=ORIENTED_EDGE('',*,*,#3547,.F.);
#4816=ORIENTED_EDGE('',*,*,#3549,.F.);
#4817=ORIENTED_EDGE('',*,*,#3551,.F.);
#4818=ORIENTED_EDGE('',*,*,#3553,.F.);
#4819=ORIENTED_EDGE('',*,*,#3555,.F.);
#4820=ORIENTED_EDGE('',*,*,#3557,.F.);
#4821=ORIENTED_EDGE('',*,*,#3559,.F.);
#4822=ORIENTED_EDGE('',*,*,#3561,.F.);
#4823=ORIENTED_EDGE('',*,*,#3563,.F.);
#4824=ORIENTED_EDGE('',*,*,#3565,.F.);
#4825=ORIENTED_EDGE('',*,*,#3567,.F.);
#4826=ORIENTED_EDGE('',*,*,#3569,.F.);
#4827=ORIENTED_EDGE('',*,*,#3571,.F.);
#4828=ORIENTED_EDGE('',*,*,#3573,.F.);
#4829=ORIENTED_EDGE('',*,*,#3574,.T.);
#4830=ORIENTED_EDGE('',*,*,#3575,.T.);
#4831=ORIENTED_EDGE('',*,*,#3576,.F.);
#4832=ORIENTED_EDGE('',*,*,#3577,.F.);
#4833=ORIENTED_EDGE('',*,*,#3578,.T.);
#4834=ORIENTED_EDGE('',*,*,#3579,.T.);
#4835=ORIENTED_EDGE('',*,*,#3574,.F.);
#4836=ORIENTED_EDGE('',*,*,#3580,.F.);
#4837=ORIENTED_EDGE('',*,*,#3581,.T.);
#4838=ORIENTED_EDGE('',*,*,#3582,.T.);
#4839=ORIENTED_EDGE('',*,*,#3578,.F.);
#4840=ORIENTED_EDGE('',*,*,#3583,.F.);
#4841=ORIENTED_EDGE('',*,*,#3584,.T.);
#4842=ORIENTED_EDGE('',*,*,#3585,.T.);
#4843=ORIENTED_EDGE('',*,*,#3581,.F.);
#4844=ORIENTED_EDGE('',*,*,#3586,.F.);
#4845=ORIENTED_EDGE('',*,*,#3587,.T.);
#4846=ORIENTED_EDGE('',*,*,#3588,.T.);
#4847=ORIENTED_EDGE('',*,*,#3584,.F.);
#4848=ORIENTED_EDGE('',*,*,#3589,.F.);
#4849=ORIENTED_EDGE('',*,*,#3590,.T.);
#4850=ORIENTED_EDGE('',*,*,#3591,.T.);
#4851=ORIENTED_EDGE('',*,*,#3587,.F.);
#4852=ORIENTED_EDGE('',*,*,#3592,.F.);
#4853=ORIENTED_EDGE('',*,*,#3593,.T.);
#4854=ORIENTED_EDGE('',*,*,#3594,.T.);
#4855=ORIENTED_EDGE('',*,*,#3590,.F.);
#4856=ORIENTED_EDGE('',*,*,#3595,.F.);
#4857=ORIENTED_EDGE('',*,*,#3596,.T.);
#4858=ORIENTED_EDGE('',*,*,#3597,.T.);
#4859=ORIENTED_EDGE('',*,*,#3593,.F.);
#4860=ORIENTED_EDGE('',*,*,#3598,.F.);
#4861=ORIENTED_EDGE('',*,*,#3599,.T.);
#4862=ORIENTED_EDGE('',*,*,#3600,.T.);
#4863=ORIENTED_EDGE('',*,*,#3596,.F.);
#4864=ORIENTED_EDGE('',*,*,#3601,.F.);
#4865=ORIENTED_EDGE('',*,*,#3602,.T.);
#4866=ORIENTED_EDGE('',*,*,#3603,.T.);
#4867=ORIENTED_EDGE('',*,*,#3599,.F.);
#4868=ORIENTED_EDGE('',*,*,#3604,.F.);
#4869=ORIENTED_EDGE('',*,*,#3605,.T.);
#4870=ORIENTED_EDGE('',*,*,#3606,.T.);
#4871=ORIENTED_EDGE('',*,*,#3602,.F.);
#4872=ORIENTED_EDGE('',*,*,#3607,.F.);
#4873=ORIENTED_EDGE('',*,*,#3576,.T.);
#4874=ORIENTED_EDGE('',*,*,#3608,.T.);
#4875=ORIENTED_EDGE('',*,*,#3605,.F.);
#4876=ORIENTED_EDGE('',*,*,#3276,.F.);
#4877=ORIENTED_EDGE('',*,*,#3609,.T.);
#4878=ORIENTED_EDGE('',*,*,#3610,.T.);
#4879=ORIENTED_EDGE('',*,*,#3611,.F.);
#4880=ORIENTED_EDGE('',*,*,#3288,.F.);
#4881=ORIENTED_EDGE('',*,*,#3612,.T.);
#4882=ORIENTED_EDGE('',*,*,#3613,.T.);
#4883=ORIENTED_EDGE('',*,*,#3609,.F.);
#4884=ORIENTED_EDGE('',*,*,#3287,.F.);
#4885=ORIENTED_EDGE('',*,*,#3614,.T.);
#4886=ORIENTED_EDGE('',*,*,#3615,.T.);
#4887=ORIENTED_EDGE('',*,*,#3612,.F.);
#4888=ORIENTED_EDGE('',*,*,#3286,.F.);
#4889=ORIENTED_EDGE('',*,*,#3616,.T.);
#4890=ORIENTED_EDGE('',*,*,#3617,.T.);
#4891=ORIENTED_EDGE('',*,*,#3614,.F.);
#4892=ORIENTED_EDGE('',*,*,#3285,.F.);
#4893=ORIENTED_EDGE('',*,*,#3618,.T.);
#4894=ORIENTED_EDGE('',*,*,#3619,.T.);
#4895=ORIENTED_EDGE('',*,*,#3616,.F.);
#4896=ORIENTED_EDGE('',*,*,#3284,.F.);
#4897=ORIENTED_EDGE('',*,*,#3620,.T.);
#4898=ORIENTED_EDGE('',*,*,#3621,.T.);
#4899=ORIENTED_EDGE('',*,*,#3618,.F.);
#4900=ORIENTED_EDGE('',*,*,#3283,.F.);
#4901=ORIENTED_EDGE('',*,*,#3622,.T.);
#4902=ORIENTED_EDGE('',*,*,#3623,.T.);
#4903=ORIENTED_EDGE('',*,*,#3620,.F.);
#4904=ORIENTED_EDGE('',*,*,#3282,.F.);
#4905=ORIENTED_EDGE('',*,*,#3624,.T.);
#4906=ORIENTED_EDGE('',*,*,#3625,.T.);
#4907=ORIENTED_EDGE('',*,*,#3622,.F.);
#4908=ORIENTED_EDGE('',*,*,#3281,.F.);
#4909=ORIENTED_EDGE('',*,*,#3626,.T.);
#4910=ORIENTED_EDGE('',*,*,#3627,.T.);
#4911=ORIENTED_EDGE('',*,*,#3624,.F.);
#4912=ORIENTED_EDGE('',*,*,#3280,.F.);
#4913=ORIENTED_EDGE('',*,*,#3628,.T.);
#4914=ORIENTED_EDGE('',*,*,#3629,.T.);
#4915=ORIENTED_EDGE('',*,*,#3626,.F.);
#4916=ORIENTED_EDGE('',*,*,#3279,.F.);
#4917=ORIENTED_EDGE('',*,*,#3630,.T.);
#4918=ORIENTED_EDGE('',*,*,#3631,.T.);
#4919=ORIENTED_EDGE('',*,*,#3628,.F.);
#4920=ORIENTED_EDGE('',*,*,#3278,.F.);
#4921=ORIENTED_EDGE('',*,*,#3632,.T.);
#4922=ORIENTED_EDGE('',*,*,#3633,.T.);
#4923=ORIENTED_EDGE('',*,*,#3630,.F.);
#4924=ORIENTED_EDGE('',*,*,#3277,.F.);
#4925=ORIENTED_EDGE('',*,*,#3611,.T.);
#4926=ORIENTED_EDGE('',*,*,#3634,.T.);
#4927=ORIENTED_EDGE('',*,*,#3632,.F.);
#4928=ORIENTED_EDGE('',*,*,#3634,.F.);
#4929=ORIENTED_EDGE('',*,*,#3610,.F.);
#4930=ORIENTED_EDGE('',*,*,#3613,.F.);
#4931=ORIENTED_EDGE('',*,*,#3615,.F.);
#4932=ORIENTED_EDGE('',*,*,#3617,.F.);
#4933=ORIENTED_EDGE('',*,*,#3619,.F.);
#4934=ORIENTED_EDGE('',*,*,#3621,.F.);
#4935=ORIENTED_EDGE('',*,*,#3623,.F.);
#4936=ORIENTED_EDGE('',*,*,#3625,.F.);
#4937=ORIENTED_EDGE('',*,*,#3627,.F.);
#4938=ORIENTED_EDGE('',*,*,#3629,.F.);
#4939=ORIENTED_EDGE('',*,*,#3631,.F.);
#4940=ORIENTED_EDGE('',*,*,#3633,.F.);
#4941=ORIENTED_EDGE('',*,*,#3608,.F.);
#4942=ORIENTED_EDGE('',*,*,#3575,.F.);
#4943=ORIENTED_EDGE('',*,*,#3579,.F.);
#4944=ORIENTED_EDGE('',*,*,#3582,.F.);
#4945=ORIENTED_EDGE('',*,*,#3585,.F.);
#4946=ORIENTED_EDGE('',*,*,#3588,.F.);
#4947=ORIENTED_EDGE('',*,*,#3591,.F.);
#4948=ORIENTED_EDGE('',*,*,#3594,.F.);
#4949=ORIENTED_EDGE('',*,*,#3597,.F.);
#4950=ORIENTED_EDGE('',*,*,#3600,.F.);
#4951=ORIENTED_EDGE('',*,*,#3603,.F.);
#4952=ORIENTED_EDGE('',*,*,#3606,.F.);
#4953=ORIENTED_EDGE('',*,*,#3635,.F.);
#4954=ORIENTED_EDGE('',*,*,#3636,.T.);
#4955=ORIENTED_EDGE('',*,*,#3637,.T.);
#4956=ORIENTED_EDGE('',*,*,#3638,.F.);
#4957=ORIENTED_EDGE('',*,*,#3639,.F.);
#4958=ORIENTED_EDGE('',*,*,#3640,.T.);
#4959=ORIENTED_EDGE('',*,*,#3641,.T.);
#4960=ORIENTED_EDGE('',*,*,#3636,.F.);
#4961=ORIENTED_EDGE('',*,*,#3642,.F.);
#4962=ORIENTED_EDGE('',*,*,#3643,.T.);
#4963=ORIENTED_EDGE('',*,*,#3644,.T.);
#4964=ORIENTED_EDGE('',*,*,#3640,.F.);
#4965=ORIENTED_EDGE('',*,*,#3645,.F.);
#4966=ORIENTED_EDGE('',*,*,#3646,.T.);
#4967=ORIENTED_EDGE('',*,*,#3647,.T.);
#4968=ORIENTED_EDGE('',*,*,#3643,.F.);
#4969=ORIENTED_EDGE('',*,*,#3648,.F.);
#4970=ORIENTED_EDGE('',*,*,#3649,.T.);
#4971=ORIENTED_EDGE('',*,*,#3650,.T.);
#4972=ORIENTED_EDGE('',*,*,#3646,.F.);
#4973=ORIENTED_EDGE('',*,*,#3651,.F.);
#4974=ORIENTED_EDGE('',*,*,#3652,.T.);
#4975=ORIENTED_EDGE('',*,*,#3653,.T.);
#4976=ORIENTED_EDGE('',*,*,#3649,.F.);
#4977=ORIENTED_EDGE('',*,*,#3654,.F.);
#4978=ORIENTED_EDGE('',*,*,#3655,.T.);
#4979=ORIENTED_EDGE('',*,*,#3656,.T.);
#4980=ORIENTED_EDGE('',*,*,#3652,.F.);
#4981=ORIENTED_EDGE('',*,*,#3657,.F.);
#4982=ORIENTED_EDGE('',*,*,#3658,.T.);
#4983=ORIENTED_EDGE('',*,*,#3659,.T.);
#4984=ORIENTED_EDGE('',*,*,#3655,.F.);
#4985=ORIENTED_EDGE('',*,*,#3660,.F.);
#4986=ORIENTED_EDGE('',*,*,#3638,.T.);
#4987=ORIENTED_EDGE('',*,*,#3661,.T.);
#4988=ORIENTED_EDGE('',*,*,#3658,.F.);
#4989=ORIENTED_EDGE('',*,*,#3289,.F.);
#4990=ORIENTED_EDGE('',*,*,#3662,.T.);
#4991=ORIENTED_EDGE('',*,*,#3663,.T.);
#4992=ORIENTED_EDGE('',*,*,#3664,.F.);
#4993=ORIENTED_EDGE('',*,*,#3297,.F.);
#4994=ORIENTED_EDGE('',*,*,#3665,.T.);
#4995=ORIENTED_EDGE('',*,*,#3666,.T.);
#4996=ORIENTED_EDGE('',*,*,#3662,.F.);
#4997=ORIENTED_EDGE('',*,*,#3296,.F.);
#4998=ORIENTED_EDGE('',*,*,#3667,.T.);
#4999=ORIENTED_EDGE('',*,*,#3668,.T.);
#5000=ORIENTED_EDGE('',*,*,#3665,.F.);
#5001=ORIENTED_EDGE('',*,*,#3295,.F.);
#5002=ORIENTED_EDGE('',*,*,#3669,.T.);
#5003=ORIENTED_EDGE('',*,*,#3670,.T.);
#5004=ORIENTED_EDGE('',*,*,#3667,.F.);
#5005=ORIENTED_EDGE('',*,*,#3294,.F.);
#5006=ORIENTED_EDGE('',*,*,#3671,.T.);
#5007=ORIENTED_EDGE('',*,*,#3672,.T.);
#5008=ORIENTED_EDGE('',*,*,#3669,.F.);
#5009=ORIENTED_EDGE('',*,*,#3293,.F.);
#5010=ORIENTED_EDGE('',*,*,#3673,.T.);
#5011=ORIENTED_EDGE('',*,*,#3674,.T.);
#5012=ORIENTED_EDGE('',*,*,#3671,.F.);
#5013=ORIENTED_EDGE('',*,*,#3292,.F.);
#5014=ORIENTED_EDGE('',*,*,#3675,.T.);
#5015=ORIENTED_EDGE('',*,*,#3676,.T.);
#5016=ORIENTED_EDGE('',*,*,#3673,.F.);
#5017=ORIENTED_EDGE('',*,*,#3291,.F.);
#5018=ORIENTED_EDGE('',*,*,#3677,.T.);
#5019=ORIENTED_EDGE('',*,*,#3678,.T.);
#5020=ORIENTED_EDGE('',*,*,#3675,.F.);
#5021=ORIENTED_EDGE('',*,*,#3290,.F.);
#5022=ORIENTED_EDGE('',*,*,#3664,.T.);
#5023=ORIENTED_EDGE('',*,*,#3679,.T.);
#5024=ORIENTED_EDGE('',*,*,#3677,.F.);
#5025=ORIENTED_EDGE('',*,*,#3679,.F.);
#5026=ORIENTED_EDGE('',*,*,#3663,.F.);
#5027=ORIENTED_EDGE('',*,*,#3666,.F.);
#5028=ORIENTED_EDGE('',*,*,#3668,.F.);
#5029=ORIENTED_EDGE('',*,*,#3670,.F.);
#5030=ORIENTED_EDGE('',*,*,#3672,.F.);
#5031=ORIENTED_EDGE('',*,*,#3674,.F.);
#5032=ORIENTED_EDGE('',*,*,#3676,.F.);
#5033=ORIENTED_EDGE('',*,*,#3678,.F.);
#5034=ORIENTED_EDGE('',*,*,#3661,.F.);
#5035=ORIENTED_EDGE('',*,*,#3637,.F.);
#5036=ORIENTED_EDGE('',*,*,#3641,.F.);
#5037=ORIENTED_EDGE('',*,*,#3644,.F.);
#5038=ORIENTED_EDGE('',*,*,#3647,.F.);
#5039=ORIENTED_EDGE('',*,*,#3650,.F.);
#5040=ORIENTED_EDGE('',*,*,#3653,.F.);
#5041=ORIENTED_EDGE('',*,*,#3656,.F.);
#5042=ORIENTED_EDGE('',*,*,#3659,.F.);
#5043=ORIENTED_EDGE('',*,*,#3298,.F.);
#5044=ORIENTED_EDGE('',*,*,#3680,.T.);
#5045=ORIENTED_EDGE('',*,*,#3681,.T.);
#5046=ORIENTED_EDGE('',*,*,#3682,.F.);
#5047=ORIENTED_EDGE('',*,*,#3305,.F.);
#5048=ORIENTED_EDGE('',*,*,#3683,.T.);
#5049=ORIENTED_EDGE('',*,*,#3684,.T.);
#5050=ORIENTED_EDGE('',*,*,#3680,.F.);
#5051=ORIENTED_EDGE('',*,*,#3304,.F.);
#5052=ORIENTED_EDGE('',*,*,#3685,.T.);
#5053=ORIENTED_EDGE('',*,*,#3686,.T.);
#5054=ORIENTED_EDGE('',*,*,#3683,.F.);
#5055=ORIENTED_EDGE('',*,*,#3303,.F.);
#5056=ORIENTED_EDGE('',*,*,#3687,.T.);
#5057=ORIENTED_EDGE('',*,*,#3688,.T.);
#5058=ORIENTED_EDGE('',*,*,#3685,.F.);
#5059=ORIENTED_EDGE('',*,*,#3302,.F.);
#5060=ORIENTED_EDGE('',*,*,#3689,.T.);
#5061=ORIENTED_EDGE('',*,*,#3690,.T.);
#5062=ORIENTED_EDGE('',*,*,#3687,.F.);
#5063=ORIENTED_EDGE('',*,*,#3301,.F.);
#5064=ORIENTED_EDGE('',*,*,#3691,.T.);
#5065=ORIENTED_EDGE('',*,*,#3692,.T.);
#5066=ORIENTED_EDGE('',*,*,#3689,.F.);
#5067=ORIENTED_EDGE('',*,*,#3300,.F.);
#5068=ORIENTED_EDGE('',*,*,#3693,.T.);
#5069=ORIENTED_EDGE('',*,*,#3694,.T.);
#5070=ORIENTED_EDGE('',*,*,#3691,.F.);
#5071=ORIENTED_EDGE('',*,*,#3299,.F.);
#5072=ORIENTED_EDGE('',*,*,#3682,.T.);
#5073=ORIENTED_EDGE('',*,*,#3695,.T.);
#5074=ORIENTED_EDGE('',*,*,#3693,.F.);
#5075=ORIENTED_EDGE('',*,*,#3695,.F.);
#5076=ORIENTED_EDGE('',*,*,#3681,.F.);
#5077=ORIENTED_EDGE('',*,*,#3684,.F.);
#5078=ORIENTED_EDGE('',*,*,#3686,.F.);
#5079=ORIENTED_EDGE('',*,*,#3688,.F.);
#5080=ORIENTED_EDGE('',*,*,#3690,.F.);
#5081=ORIENTED_EDGE('',*,*,#3692,.F.);
#5082=ORIENTED_EDGE('',*,*,#3694,.F.);
#5083=ORIENTED_EDGE('',*,*,#3306,.F.);
#5084=ORIENTED_EDGE('',*,*,#3696,.T.);
#5085=ORIENTED_EDGE('',*,*,#3697,.T.);
#5086=ORIENTED_EDGE('',*,*,#3698,.F.);
#5087=ORIENTED_EDGE('',*,*,#3333,.F.);
#5088=ORIENTED_EDGE('',*,*,#3699,.T.);
#5089=ORIENTED_EDGE('',*,*,#3700,.T.);
#5090=ORIENTED_EDGE('',*,*,#3696,.F.);
#5091=ORIENTED_EDGE('',*,*,#3332,.F.);
#5092=ORIENTED_EDGE('',*,*,#3701,.T.);
#5093=ORIENTED_EDGE('',*,*,#3702,.T.);
#5094=ORIENTED_EDGE('',*,*,#3699,.F.);
#5095=ORIENTED_EDGE('',*,*,#3331,.F.);
#5096=ORIENTED_EDGE('',*,*,#3703,.T.);
#5097=ORIENTED_EDGE('',*,*,#3704,.T.);
#5098=ORIENTED_EDGE('',*,*,#3701,.F.);
#5099=ORIENTED_EDGE('',*,*,#3330,.F.);
#5100=ORIENTED_EDGE('',*,*,#3705,.T.);
#5101=ORIENTED_EDGE('',*,*,#3706,.T.);
#5102=ORIENTED_EDGE('',*,*,#3703,.F.);
#5103=ORIENTED_EDGE('',*,*,#3329,.F.);
#5104=ORIENTED_EDGE('',*,*,#3707,.T.);
#5105=ORIENTED_EDGE('',*,*,#3708,.T.);
#5106=ORIENTED_EDGE('',*,*,#3705,.F.);
#5107=ORIENTED_EDGE('',*,*,#3328,.F.);
#5108=ORIENTED_EDGE('',*,*,#3709,.T.);
#5109=ORIENTED_EDGE('',*,*,#3710,.T.);
#5110=ORIENTED_EDGE('',*,*,#3707,.F.);
#5111=ORIENTED_EDGE('',*,*,#3327,.F.);
#5112=ORIENTED_EDGE('',*,*,#3711,.T.);
#5113=ORIENTED_EDGE('',*,*,#3712,.T.);
#5114=ORIENTED_EDGE('',*,*,#3709,.F.);
#5115=ORIENTED_EDGE('',*,*,#3326,.F.);
#5116=ORIENTED_EDGE('',*,*,#3713,.T.);
#5117=ORIENTED_EDGE('',*,*,#3714,.T.);
#5118=ORIENTED_EDGE('',*,*,#3711,.F.);
#5119=ORIENTED_EDGE('',*,*,#3325,.F.);
#5120=ORIENTED_EDGE('',*,*,#3715,.T.);
#5121=ORIENTED_EDGE('',*,*,#3716,.T.);
#5122=ORIENTED_EDGE('',*,*,#3713,.F.);
#5123=ORIENTED_EDGE('',*,*,#3324,.F.);
#5124=ORIENTED_EDGE('',*,*,#3717,.T.);
#5125=ORIENTED_EDGE('',*,*,#3718,.T.);
#5126=ORIENTED_EDGE('',*,*,#3715,.F.);
#5127=ORIENTED_EDGE('',*,*,#3323,.F.);
#5128=ORIENTED_EDGE('',*,*,#3719,.T.);
#5129=ORIENTED_EDGE('',*,*,#3720,.T.);
#5130=ORIENTED_EDGE('',*,*,#3717,.F.);
#5131=ORIENTED_EDGE('',*,*,#3322,.F.);
#5132=ORIENTED_EDGE('',*,*,#3721,.T.);
#5133=ORIENTED_EDGE('',*,*,#3722,.T.);
#5134=ORIENTED_EDGE('',*,*,#3719,.F.);
#5135=ORIENTED_EDGE('',*,*,#3321,.F.);
#5136=ORIENTED_EDGE('',*,*,#3723,.T.);
#5137=ORIENTED_EDGE('',*,*,#3724,.T.);
#5138=ORIENTED_EDGE('',*,*,#3721,.F.);
#5139=ORIENTED_EDGE('',*,*,#3320,.F.);
#5140=ORIENTED_EDGE('',*,*,#3725,.T.);
#5141=ORIENTED_EDGE('',*,*,#3726,.T.);
#5142=ORIENTED_EDGE('',*,*,#3723,.F.);
#5143=ORIENTED_EDGE('',*,*,#3319,.F.);
#5144=ORIENTED_EDGE('',*,*,#3727,.T.);
#5145=ORIENTED_EDGE('',*,*,#3728,.T.);
#5146=ORIENTED_EDGE('',*,*,#3725,.F.);
#5147=ORIENTED_EDGE('',*,*,#3318,.F.);
#5148=ORIENTED_EDGE('',*,*,#3729,.T.);
#5149=ORIENTED_EDGE('',*,*,#3730,.T.);
#5150=ORIENTED_EDGE('',*,*,#3727,.F.);
#5151=ORIENTED_EDGE('',*,*,#3317,.F.);
#5152=ORIENTED_EDGE('',*,*,#3731,.T.);
#5153=ORIENTED_EDGE('',*,*,#3732,.T.);
#5154=ORIENTED_EDGE('',*,*,#3729,.F.);
#5155=ORIENTED_EDGE('',*,*,#3316,.F.);
#5156=ORIENTED_EDGE('',*,*,#3733,.T.);
#5157=ORIENTED_EDGE('',*,*,#3734,.T.);
#5158=ORIENTED_EDGE('',*,*,#3731,.F.);
#5159=ORIENTED_EDGE('',*,*,#3315,.F.);
#5160=ORIENTED_EDGE('',*,*,#3735,.T.);
#5161=ORIENTED_EDGE('',*,*,#3736,.T.);
#5162=ORIENTED_EDGE('',*,*,#3733,.F.);
#5163=ORIENTED_EDGE('',*,*,#3314,.F.);
#5164=ORIENTED_EDGE('',*,*,#3737,.T.);
#5165=ORIENTED_EDGE('',*,*,#3738,.T.);
#5166=ORIENTED_EDGE('',*,*,#3735,.F.);
#5167=ORIENTED_EDGE('',*,*,#3313,.F.);
#5168=ORIENTED_EDGE('',*,*,#3739,.T.);
#5169=ORIENTED_EDGE('',*,*,#3740,.T.);
#5170=ORIENTED_EDGE('',*,*,#3737,.F.);
#5171=ORIENTED_EDGE('',*,*,#3312,.F.);
#5172=ORIENTED_EDGE('',*,*,#3741,.T.);
#5173=ORIENTED_EDGE('',*,*,#3742,.T.);
#5174=ORIENTED_EDGE('',*,*,#3739,.F.);
#5175=ORIENTED_EDGE('',*,*,#3311,.F.);
#5176=ORIENTED_EDGE('',*,*,#3743,.T.);
#5177=ORIENTED_EDGE('',*,*,#3744,.T.);
#5178=ORIENTED_EDGE('',*,*,#3741,.F.);
#5179=ORIENTED_EDGE('',*,*,#3310,.F.);
#5180=ORIENTED_EDGE('',*,*,#3745,.T.);
#5181=ORIENTED_EDGE('',*,*,#3746,.T.);
#5182=ORIENTED_EDGE('',*,*,#3743,.F.);
#5183=ORIENTED_EDGE('',*,*,#3309,.F.);
#5184=ORIENTED_EDGE('',*,*,#3747,.T.);
#5185=ORIENTED_EDGE('',*,*,#3748,.T.);
#5186=ORIENTED_EDGE('',*,*,#3745,.F.);
#5187=ORIENTED_EDGE('',*,*,#3308,.F.);
#5188=ORIENTED_EDGE('',*,*,#3749,.T.);
#5189=ORIENTED_EDGE('',*,*,#3750,.T.);
#5190=ORIENTED_EDGE('',*,*,#3747,.F.);
#5191=ORIENTED_EDGE('',*,*,#3307,.F.);
#5192=ORIENTED_EDGE('',*,*,#3698,.T.);
#5193=ORIENTED_EDGE('',*,*,#3751,.T.);
#5194=ORIENTED_EDGE('',*,*,#3749,.F.);
#5195=ORIENTED_EDGE('',*,*,#3751,.F.);
#5196=ORIENTED_EDGE('',*,*,#3697,.F.);
#5197=ORIENTED_EDGE('',*,*,#3700,.F.);
#5198=ORIENTED_EDGE('',*,*,#3702,.F.);
#5199=ORIENTED_EDGE('',*,*,#3704,.F.);
#5200=ORIENTED_EDGE('',*,*,#3706,.F.);
#5201=ORIENTED_EDGE('',*,*,#3708,.F.);
#5202=ORIENTED_EDGE('',*,*,#3710,.F.);
#5203=ORIENTED_EDGE('',*,*,#3712,.F.);
#5204=ORIENTED_EDGE('',*,*,#3714,.F.);
#5205=ORIENTED_EDGE('',*,*,#3716,.F.);
#5206=ORIENTED_EDGE('',*,*,#3718,.F.);
#5207=ORIENTED_EDGE('',*,*,#3720,.F.);
#5208=ORIENTED_EDGE('',*,*,#3722,.F.);
#5209=ORIENTED_EDGE('',*,*,#3724,.F.);
#5210=ORIENTED_EDGE('',*,*,#3726,.F.);
#5211=ORIENTED_EDGE('',*,*,#3728,.F.);
#5212=ORIENTED_EDGE('',*,*,#3730,.F.);
#5213=ORIENTED_EDGE('',*,*,#3732,.F.);
#5214=ORIENTED_EDGE('',*,*,#3734,.F.);
#5215=ORIENTED_EDGE('',*,*,#3736,.F.);
#5216=ORIENTED_EDGE('',*,*,#3738,.F.);
#5217=ORIENTED_EDGE('',*,*,#3740,.F.);
#5218=ORIENTED_EDGE('',*,*,#3742,.F.);
#5219=ORIENTED_EDGE('',*,*,#3744,.F.);
#5220=ORIENTED_EDGE('',*,*,#3746,.F.);
#5221=ORIENTED_EDGE('',*,*,#3748,.F.);
#5222=ORIENTED_EDGE('',*,*,#3750,.F.);
#5223=ORIENTED_EDGE('',*,*,#3635,.T.);
#5224=ORIENTED_EDGE('',*,*,#3660,.T.);
#5225=ORIENTED_EDGE('',*,*,#3657,.T.);
#5226=ORIENTED_EDGE('',*,*,#3654,.T.);
#5227=ORIENTED_EDGE('',*,*,#3651,.T.);
#5228=ORIENTED_EDGE('',*,*,#3648,.T.);
#5229=ORIENTED_EDGE('',*,*,#3645,.T.);
#5230=ORIENTED_EDGE('',*,*,#3642,.T.);
#5231=ORIENTED_EDGE('',*,*,#3639,.T.);
#5232=ORIENTED_EDGE('',*,*,#3573,.T.);
#5233=ORIENTED_EDGE('',*,*,#3607,.T.);
#5234=ORIENTED_EDGE('',*,*,#3604,.T.);
#5235=ORIENTED_EDGE('',*,*,#3601,.T.);
#5236=ORIENTED_EDGE('',*,*,#3598,.T.);
#5237=ORIENTED_EDGE('',*,*,#3595,.T.);
#5238=ORIENTED_EDGE('',*,*,#3592,.T.);
#5239=ORIENTED_EDGE('',*,*,#3589,.T.);
#5240=ORIENTED_EDGE('',*,*,#3586,.T.);
#5241=ORIENTED_EDGE('',*,*,#3583,.T.);
#5242=ORIENTED_EDGE('',*,*,#3580,.T.);
#5243=ORIENTED_EDGE('',*,*,#3577,.T.);
#5244=ORIENTED_EDGE('',*,*,#3752,.F.);
#5245=ORIENTED_EDGE('',*,*,#3753,.T.);
#5246=ORIENTED_EDGE('',*,*,#3754,.T.);
#5247=ORIENTED_EDGE('',*,*,#3755,.F.);
#5248=ORIENTED_EDGE('',*,*,#3756,.F.);
#5249=ORIENTED_EDGE('',*,*,#3757,.T.);
#5250=ORIENTED_EDGE('',*,*,#3758,.T.);
#5251=ORIENTED_EDGE('',*,*,#3753,.F.);
#5252=ORIENTED_EDGE('',*,*,#3759,.F.);
#5253=ORIENTED_EDGE('',*,*,#3760,.T.);
#5254=ORIENTED_EDGE('',*,*,#3761,.T.);
#5255=ORIENTED_EDGE('',*,*,#3757,.F.);
#5256=ORIENTED_EDGE('',*,*,#3762,.F.);
#5257=ORIENTED_EDGE('',*,*,#3763,.T.);
#5258=ORIENTED_EDGE('',*,*,#3764,.T.);
#5259=ORIENTED_EDGE('',*,*,#3760,.F.);
#5260=ORIENTED_EDGE('',*,*,#3765,.F.);
#5261=ORIENTED_EDGE('',*,*,#3766,.T.);
#5262=ORIENTED_EDGE('',*,*,#3767,.T.);
#5263=ORIENTED_EDGE('',*,*,#3763,.F.);
#5264=ORIENTED_EDGE('',*,*,#3768,.F.);
#5265=ORIENTED_EDGE('',*,*,#3769,.T.);
#5266=ORIENTED_EDGE('',*,*,#3770,.T.);
#5267=ORIENTED_EDGE('',*,*,#3766,.F.);
#5268=ORIENTED_EDGE('',*,*,#3771,.F.);
#5269=ORIENTED_EDGE('',*,*,#3772,.T.);
#5270=ORIENTED_EDGE('',*,*,#3773,.T.);
#5271=ORIENTED_EDGE('',*,*,#3769,.F.);
#5272=ORIENTED_EDGE('',*,*,#3774,.F.);
#5273=ORIENTED_EDGE('',*,*,#3775,.T.);
#5274=ORIENTED_EDGE('',*,*,#3776,.T.);
#5275=ORIENTED_EDGE('',*,*,#3772,.F.);
#5276=ORIENTED_EDGE('',*,*,#3777,.F.);
#5277=ORIENTED_EDGE('',*,*,#3778,.T.);
#5278=ORIENTED_EDGE('',*,*,#3779,.T.);
#5279=ORIENTED_EDGE('',*,*,#3775,.F.);
#5280=ORIENTED_EDGE('',*,*,#3780,.F.);
#5281=ORIENTED_EDGE('',*,*,#3781,.T.);
#5282=ORIENTED_EDGE('',*,*,#3782,.T.);
#5283=ORIENTED_EDGE('',*,*,#3778,.F.);
#5284=ORIENTED_EDGE('',*,*,#3783,.F.);
#5285=ORIENTED_EDGE('',*,*,#3784,.T.);
#5286=ORIENTED_EDGE('',*,*,#3785,.T.);
#5287=ORIENTED_EDGE('',*,*,#3781,.F.);
#5288=ORIENTED_EDGE('',*,*,#3786,.F.);
#5289=ORIENTED_EDGE('',*,*,#3755,.T.);
#5290=ORIENTED_EDGE('',*,*,#3787,.T.);
#5291=ORIENTED_EDGE('',*,*,#3784,.F.);
#5292=ORIENTED_EDGE('',*,*,#3363,.F.);
#5293=ORIENTED_EDGE('',*,*,#3788,.T.);
#5294=ORIENTED_EDGE('',*,*,#3789,.T.);
#5295=ORIENTED_EDGE('',*,*,#3790,.F.);
#5296=ORIENTED_EDGE('',*,*,#3374,.F.);
#5297=ORIENTED_EDGE('',*,*,#3791,.T.);
#5298=ORIENTED_EDGE('',*,*,#3792,.T.);
#5299=ORIENTED_EDGE('',*,*,#3788,.F.);
#5300=ORIENTED_EDGE('',*,*,#3373,.F.);
#5301=ORIENTED_EDGE('',*,*,#3793,.T.);
#5302=ORIENTED_EDGE('',*,*,#3794,.T.);
#5303=ORIENTED_EDGE('',*,*,#3791,.F.);
#5304=ORIENTED_EDGE('',*,*,#3372,.F.);
#5305=ORIENTED_EDGE('',*,*,#3795,.T.);
#5306=ORIENTED_EDGE('',*,*,#3796,.T.);
#5307=ORIENTED_EDGE('',*,*,#3793,.F.);
#5308=ORIENTED_EDGE('',*,*,#3371,.F.);
#5309=ORIENTED_EDGE('',*,*,#3797,.T.);
#5310=ORIENTED_EDGE('',*,*,#3798,.T.);
#5311=ORIENTED_EDGE('',*,*,#3795,.F.);
#5312=ORIENTED_EDGE('',*,*,#3370,.F.);
#5313=ORIENTED_EDGE('',*,*,#3799,.T.);
#5314=ORIENTED_EDGE('',*,*,#3800,.T.);
#5315=ORIENTED_EDGE('',*,*,#3797,.F.);
#5316=ORIENTED_EDGE('',*,*,#3369,.F.);
#5317=ORIENTED_EDGE('',*,*,#3801,.T.);
#5318=ORIENTED_EDGE('',*,*,#3802,.T.);
#5319=ORIENTED_EDGE('',*,*,#3799,.F.);
#5320=ORIENTED_EDGE('',*,*,#3368,.F.);
#5321=ORIENTED_EDGE('',*,*,#3803,.T.);
#5322=ORIENTED_EDGE('',*,*,#3804,.T.);
#5323=ORIENTED_EDGE('',*,*,#3801,.F.);
#5324=ORIENTED_EDGE('',*,*,#3367,.F.);
#5325=ORIENTED_EDGE('',*,*,#3805,.T.);
#5326=ORIENTED_EDGE('',*,*,#3806,.T.);
#5327=ORIENTED_EDGE('',*,*,#3803,.F.);
#5328=ORIENTED_EDGE('',*,*,#3366,.F.);
#5329=ORIENTED_EDGE('',*,*,#3807,.T.);
#5330=ORIENTED_EDGE('',*,*,#3808,.T.);
#5331=ORIENTED_EDGE('',*,*,#3805,.F.);
#5332=ORIENTED_EDGE('',*,*,#3365,.F.);
#5333=ORIENTED_EDGE('',*,*,#3809,.T.);
#5334=ORIENTED_EDGE('',*,*,#3810,.T.);
#5335=ORIENTED_EDGE('',*,*,#3807,.F.);
#5336=ORIENTED_EDGE('',*,*,#3364,.F.);
#5337=ORIENTED_EDGE('',*,*,#3790,.T.);
#5338=ORIENTED_EDGE('',*,*,#3811,.T.);
#5339=ORIENTED_EDGE('',*,*,#3809,.F.);
#5340=ORIENTED_EDGE('',*,*,#3811,.F.);
#5341=ORIENTED_EDGE('',*,*,#3789,.F.);
#5342=ORIENTED_EDGE('',*,*,#3792,.F.);
#5343=ORIENTED_EDGE('',*,*,#3794,.F.);
#5344=ORIENTED_EDGE('',*,*,#3796,.F.);
#5345=ORIENTED_EDGE('',*,*,#3798,.F.);
#5346=ORIENTED_EDGE('',*,*,#3800,.F.);
#5347=ORIENTED_EDGE('',*,*,#3802,.F.);
#5348=ORIENTED_EDGE('',*,*,#3804,.F.);
#5349=ORIENTED_EDGE('',*,*,#3806,.F.);
#5350=ORIENTED_EDGE('',*,*,#3808,.F.);
#5351=ORIENTED_EDGE('',*,*,#3810,.F.);
#5352=ORIENTED_EDGE('',*,*,#3787,.F.);
#5353=ORIENTED_EDGE('',*,*,#3754,.F.);
#5354=ORIENTED_EDGE('',*,*,#3758,.F.);
#5355=ORIENTED_EDGE('',*,*,#3761,.F.);
#5356=ORIENTED_EDGE('',*,*,#3764,.F.);
#5357=ORIENTED_EDGE('',*,*,#3767,.F.);
#5358=ORIENTED_EDGE('',*,*,#3770,.F.);
#5359=ORIENTED_EDGE('',*,*,#3773,.F.);
#5360=ORIENTED_EDGE('',*,*,#3776,.F.);
#5361=ORIENTED_EDGE('',*,*,#3779,.F.);
#5362=ORIENTED_EDGE('',*,*,#3782,.F.);
#5363=ORIENTED_EDGE('',*,*,#3785,.F.);
#5364=ORIENTED_EDGE('',*,*,#3357,.F.);
#5365=ORIENTED_EDGE('',*,*,#3812,.T.);
#5366=ORIENTED_EDGE('',*,*,#3813,.T.);
#5367=ORIENTED_EDGE('',*,*,#3814,.F.);
#5368=ORIENTED_EDGE('',*,*,#3362,.F.);
#5369=ORIENTED_EDGE('',*,*,#3815,.T.);
#5370=ORIENTED_EDGE('',*,*,#3816,.T.);
#5371=ORIENTED_EDGE('',*,*,#3812,.F.);
#5372=ORIENTED_EDGE('',*,*,#3361,.F.);
#5373=ORIENTED_EDGE('',*,*,#3817,.T.);
#5374=ORIENTED_EDGE('',*,*,#3818,.T.);
#5375=ORIENTED_EDGE('',*,*,#3815,.F.);
#5376=ORIENTED_EDGE('',*,*,#3360,.F.);
#5377=ORIENTED_EDGE('',*,*,#3819,.T.);
#5378=ORIENTED_EDGE('',*,*,#3820,.T.);
#5379=ORIENTED_EDGE('',*,*,#3817,.F.);
#5380=ORIENTED_EDGE('',*,*,#3359,.F.);
#5381=ORIENTED_EDGE('',*,*,#3821,.T.);
#5382=ORIENTED_EDGE('',*,*,#3822,.T.);
#5383=ORIENTED_EDGE('',*,*,#3819,.F.);
#5384=ORIENTED_EDGE('',*,*,#3358,.F.);
#5385=ORIENTED_EDGE('',*,*,#3814,.T.);
#5386=ORIENTED_EDGE('',*,*,#3823,.T.);
#5387=ORIENTED_EDGE('',*,*,#3821,.F.);
#5388=ORIENTED_EDGE('',*,*,#3823,.F.);
#5389=ORIENTED_EDGE('',*,*,#3813,.F.);
#5390=ORIENTED_EDGE('',*,*,#3816,.F.);
#5391=ORIENTED_EDGE('',*,*,#3818,.F.);
#5392=ORIENTED_EDGE('',*,*,#3820,.F.);
#5393=ORIENTED_EDGE('',*,*,#3822,.F.);
#5394=ORIENTED_EDGE('',*,*,#3345,.F.);
#5395=ORIENTED_EDGE('',*,*,#3824,.T.);
#5396=ORIENTED_EDGE('',*,*,#3825,.T.);
#5397=ORIENTED_EDGE('',*,*,#3826,.F.);
#5398=ORIENTED_EDGE('',*,*,#3356,.F.);
#5399=ORIENTED_EDGE('',*,*,#3827,.T.);
#5400=ORIENTED_EDGE('',*,*,#3828,.T.);
#5401=ORIENTED_EDGE('',*,*,#3824,.F.);
#5402=ORIENTED_EDGE('',*,*,#3355,.F.);
#5403=ORIENTED_EDGE('',*,*,#3829,.T.);
#5404=ORIENTED_EDGE('',*,*,#3830,.T.);
#5405=ORIENTED_EDGE('',*,*,#3827,.F.);
#5406=ORIENTED_EDGE('',*,*,#3354,.F.);
#5407=ORIENTED_EDGE('',*,*,#3831,.T.);
#5408=ORIENTED_EDGE('',*,*,#3832,.T.);
#5409=ORIENTED_EDGE('',*,*,#3829,.F.);
#5410=ORIENTED_EDGE('',*,*,#3353,.F.);
#5411=ORIENTED_EDGE('',*,*,#3833,.T.);
#5412=ORIENTED_EDGE('',*,*,#3834,.T.);
#5413=ORIENTED_EDGE('',*,*,#3831,.F.);
#5414=ORIENTED_EDGE('',*,*,#3352,.F.);
#5415=ORIENTED_EDGE('',*,*,#3835,.T.);
#5416=ORIENTED_EDGE('',*,*,#3836,.T.);
#5417=ORIENTED_EDGE('',*,*,#3833,.F.);
#5418=ORIENTED_EDGE('',*,*,#3351,.F.);
#5419=ORIENTED_EDGE('',*,*,#3837,.T.);
#5420=ORIENTED_EDGE('',*,*,#3838,.T.);
#5421=ORIENTED_EDGE('',*,*,#3835,.F.);
#5422=ORIENTED_EDGE('',*,*,#3350,.F.);
#5423=ORIENTED_EDGE('',*,*,#3839,.T.);
#5424=ORIENTED_EDGE('',*,*,#3840,.T.);
#5425=ORIENTED_EDGE('',*,*,#3837,.F.);
#5426=ORIENTED_EDGE('',*,*,#3349,.F.);
#5427=ORIENTED_EDGE('',*,*,#3841,.T.);
#5428=ORIENTED_EDGE('',*,*,#3842,.T.);
#5429=ORIENTED_EDGE('',*,*,#3839,.F.);
#5430=ORIENTED_EDGE('',*,*,#3348,.F.);
#5431=ORIENTED_EDGE('',*,*,#3843,.T.);
#5432=ORIENTED_EDGE('',*,*,#3844,.T.);
#5433=ORIENTED_EDGE('',*,*,#3841,.F.);
#5434=ORIENTED_EDGE('',*,*,#3347,.F.);
#5435=ORIENTED_EDGE('',*,*,#3845,.T.);
#5436=ORIENTED_EDGE('',*,*,#3846,.T.);
#5437=ORIENTED_EDGE('',*,*,#3843,.F.);
#5438=ORIENTED_EDGE('',*,*,#3346,.F.);
#5439=ORIENTED_EDGE('',*,*,#3826,.T.);
#5440=ORIENTED_EDGE('',*,*,#3847,.T.);
#5441=ORIENTED_EDGE('',*,*,#3845,.F.);
#5442=ORIENTED_EDGE('',*,*,#3847,.F.);
#5443=ORIENTED_EDGE('',*,*,#3825,.F.);
#5444=ORIENTED_EDGE('',*,*,#3828,.F.);
#5445=ORIENTED_EDGE('',*,*,#3830,.F.);
#5446=ORIENTED_EDGE('',*,*,#3832,.F.);
#5447=ORIENTED_EDGE('',*,*,#3834,.F.);
#5448=ORIENTED_EDGE('',*,*,#3836,.F.);
#5449=ORIENTED_EDGE('',*,*,#3838,.F.);
#5450=ORIENTED_EDGE('',*,*,#3840,.F.);
#5451=ORIENTED_EDGE('',*,*,#3842,.F.);
#5452=ORIENTED_EDGE('',*,*,#3844,.F.);
#5453=ORIENTED_EDGE('',*,*,#3846,.F.);
#5454=ORIENTED_EDGE('',*,*,#3752,.T.);
#5455=ORIENTED_EDGE('',*,*,#3786,.T.);
#5456=ORIENTED_EDGE('',*,*,#3783,.T.);
#5457=ORIENTED_EDGE('',*,*,#3780,.T.);
#5458=ORIENTED_EDGE('',*,*,#3777,.T.);
#5459=ORIENTED_EDGE('',*,*,#3774,.T.);
#5460=ORIENTED_EDGE('',*,*,#3771,.T.);
#5461=ORIENTED_EDGE('',*,*,#3768,.T.);
#5462=ORIENTED_EDGE('',*,*,#3765,.T.);
#5463=ORIENTED_EDGE('',*,*,#3762,.T.);
#5464=ORIENTED_EDGE('',*,*,#3759,.T.);
#5465=ORIENTED_EDGE('',*,*,#3756,.T.);
#5466=ORIENTED_EDGE('',*,*,#3342,.F.);
#5467=ORIENTED_EDGE('',*,*,#3848,.T.);
#5468=ORIENTED_EDGE('',*,*,#3849,.T.);
#5469=ORIENTED_EDGE('',*,*,#3850,.F.);
#5470=ORIENTED_EDGE('',*,*,#3344,.F.);
#5471=ORIENTED_EDGE('',*,*,#3851,.T.);
#5472=ORIENTED_EDGE('',*,*,#3852,.T.);
#5473=ORIENTED_EDGE('',*,*,#3848,.F.);
#5474=ORIENTED_EDGE('',*,*,#3343,.F.);
#5475=ORIENTED_EDGE('',*,*,#3850,.T.);
#5476=ORIENTED_EDGE('',*,*,#3853,.T.);
#5477=ORIENTED_EDGE('',*,*,#3851,.F.);
#5478=ORIENTED_EDGE('',*,*,#3853,.F.);
#5479=ORIENTED_EDGE('',*,*,#3849,.F.);
#5480=ORIENTED_EDGE('',*,*,#3852,.F.);
#5481=ORIENTED_EDGE('',*,*,#3854,.F.);
#5482=ORIENTED_EDGE('',*,*,#3855,.T.);
#5483=ORIENTED_EDGE('',*,*,#3169,.F.);
#5484=ORIENTED_EDGE('',*,*,#3855,.F.);
#5485=ORIENTED_EDGE('',*,*,#3854,.T.);
#5486=ORIENTED_EDGE('',*,*,#3856,.F.);
#5487=ORIENTED_EDGE('',*,*,#3857,.T.);
#5488=ORIENTED_EDGE('',*,*,#3170,.F.);
#5489=ORIENTED_EDGE('',*,*,#3857,.F.);
#5490=ORIENTED_EDGE('',*,*,#3856,.T.);
#5491=ORIENTED_EDGE('',*,*,#3858,.T.);
#5492=ORIENTED_EDGE('',*,*,#3859,.T.);
#5493=ORIENTED_EDGE('',*,*,#3860,.T.);
#5494=ORIENTED_EDGE('',*,*,#3861,.F.);
#5495=ORIENTED_EDGE('',*,*,#3862,.T.);
#5496=ORIENTED_EDGE('',*,*,#3859,.F.);
#5497=ORIENTED_EDGE('',*,*,#3858,.F.);
#5498=ORIENTED_EDGE('',*,*,#3863,.T.);
#5499=ORIENTED_EDGE('',*,*,#3864,.T.);
#5500=ORIENTED_EDGE('',*,*,#3865,.T.);
#5501=ORIENTED_EDGE('',*,*,#3866,.F.);
#5502=ORIENTED_EDGE('',*,*,#3867,.T.);
#5503=ORIENTED_EDGE('',*,*,#3864,.F.);
#5504=ORIENTED_EDGE('',*,*,#3863,.F.);
#5505=ORIENTED_EDGE('',*,*,#3171,.F.);
#5506=ORIENTED_EDGE('',*,*,#3868,.F.);
#5507=ORIENTED_EDGE('',*,*,#3869,.F.);
#5508=ORIENTED_EDGE('',*,*,#3870,.T.);
#5509=ORIENTED_EDGE('',*,*,#3172,.F.);
#5510=ORIENTED_EDGE('',*,*,#3870,.F.);
#5511=ORIENTED_EDGE('',*,*,#3871,.F.);
#5512=ORIENTED_EDGE('',*,*,#3872,.T.);
#5513=ORIENTED_EDGE('',*,*,#3862,.F.);
#5514=ORIENTED_EDGE('',*,*,#3873,.T.);
#5515=ORIENTED_EDGE('',*,*,#3173,.F.);
#5516=ORIENTED_EDGE('',*,*,#3872,.F.);
#5517=ORIENTED_EDGE('',*,*,#3860,.F.);
#5518=ORIENTED_EDGE('',*,*,#3174,.F.);
#5519=ORIENTED_EDGE('',*,*,#3873,.F.);
#5520=ORIENTED_EDGE('',*,*,#3874,.F.);
#5521=ORIENTED_EDGE('',*,*,#3875,.T.);
#5522=ORIENTED_EDGE('',*,*,#3175,.F.);
#5523=ORIENTED_EDGE('',*,*,#3875,.F.);
#5524=ORIENTED_EDGE('',*,*,#3876,.F.);
#5525=ORIENTED_EDGE('',*,*,#3877,.T.);
#5526=ORIENTED_EDGE('',*,*,#3176,.F.);
#5527=ORIENTED_EDGE('',*,*,#3877,.F.);
#5528=ORIENTED_EDGE('',*,*,#3878,.F.);
#5529=ORIENTED_EDGE('',*,*,#3879,.T.);
#5530=ORIENTED_EDGE('',*,*,#3177,.F.);
#5531=ORIENTED_EDGE('',*,*,#3879,.F.);
#5532=ORIENTED_EDGE('',*,*,#3880,.F.);
#5533=ORIENTED_EDGE('',*,*,#3881,.T.);
#5534=ORIENTED_EDGE('',*,*,#3178,.F.);
#5535=ORIENTED_EDGE('',*,*,#3881,.F.);
#5536=ORIENTED_EDGE('',*,*,#3882,.F.);
#5537=ORIENTED_EDGE('',*,*,#3868,.T.);
#5538=ORIENTED_EDGE('',*,*,#3179,.F.);
#5539=ORIENTED_EDGE('',*,*,#3883,.F.);
#5540=ORIENTED_EDGE('',*,*,#3884,.F.);
#5541=ORIENTED_EDGE('',*,*,#3885,.T.);
#5542=ORIENTED_EDGE('',*,*,#3180,.F.);
#5543=ORIENTED_EDGE('',*,*,#3885,.F.);
#5544=ORIENTED_EDGE('',*,*,#3886,.F.);
#5545=ORIENTED_EDGE('',*,*,#3887,.T.);
#5546=ORIENTED_EDGE('',*,*,#3867,.F.);
#5547=ORIENTED_EDGE('',*,*,#3888,.T.);
#5548=ORIENTED_EDGE('',*,*,#3181,.F.);
#5549=ORIENTED_EDGE('',*,*,#3887,.F.);
#5550=ORIENTED_EDGE('',*,*,#3865,.F.);
#5551=ORIENTED_EDGE('',*,*,#3182,.F.);
#5552=ORIENTED_EDGE('',*,*,#3888,.F.);
#5553=ORIENTED_EDGE('',*,*,#3889,.F.);
#5554=ORIENTED_EDGE('',*,*,#3890,.T.);
#5555=ORIENTED_EDGE('',*,*,#3183,.F.);
#5556=ORIENTED_EDGE('',*,*,#3890,.F.);
#5557=ORIENTED_EDGE('',*,*,#3891,.F.);
#5558=ORIENTED_EDGE('',*,*,#3892,.T.);
#5559=ORIENTED_EDGE('',*,*,#3184,.F.);
#5560=ORIENTED_EDGE('',*,*,#3892,.F.);
#5561=ORIENTED_EDGE('',*,*,#3893,.F.);
#5562=ORIENTED_EDGE('',*,*,#3894,.T.);
#5563=ORIENTED_EDGE('',*,*,#3185,.F.);
#5564=ORIENTED_EDGE('',*,*,#3894,.F.);
#5565=ORIENTED_EDGE('',*,*,#3895,.F.);
#5566=ORIENTED_EDGE('',*,*,#3896,.T.);
#5567=ORIENTED_EDGE('',*,*,#3186,.F.);
#5568=ORIENTED_EDGE('',*,*,#3896,.F.);
#5569=ORIENTED_EDGE('',*,*,#3897,.F.);
#5570=ORIENTED_EDGE('',*,*,#3883,.T.);
#5571=ORIENTED_EDGE('',*,*,#3898,.T.);
#5572=ORIENTED_EDGE('',*,*,#3899,.T.);
#5573=ORIENTED_EDGE('',*,*,#3900,.T.);
#5574=ORIENTED_EDGE('',*,*,#3133,.T.);
#5575=ORIENTED_EDGE('',*,*,#3899,.F.);
#5576=ORIENTED_EDGE('',*,*,#3901,.F.);
#5577=ORIENTED_EDGE('',*,*,#3340,.F.);
#5578=ORIENTED_EDGE('',*,*,#3902,.T.);
#5579=ORIENTED_EDGE('',*,*,#3903,.T.);
#5580=ORIENTED_EDGE('',*,*,#3904,.T.);
#5581=ORIENTED_EDGE('',*,*,#3905,.T.);
#5582=ORIENTED_EDGE('',*,*,#3131,.T.);
#5583=ORIENTED_EDGE('',*,*,#3904,.F.);
#5584=ORIENTED_EDGE('',*,*,#3906,.F.);
#5585=ORIENTED_EDGE('',*,*,#3338,.F.);
#5586=ORIENTED_EDGE('',*,*,#3907,.T.);
#5587=ORIENTED_EDGE('',*,*,#3334,.T.);
#5588=ORIENTED_EDGE('',*,*,#3908,.T.);
#5589=ORIENTED_EDGE('',*,*,#3909,.T.);
#5590=ORIENTED_EDGE('',*,*,#3910,.T.);
#5591=ORIENTED_EDGE('',*,*,#3337,.T.);
#5592=ORIENTED_EDGE('',*,*,#3911,.T.);
#5593=ORIENTED_EDGE('',*,*,#3912,.T.);
#5594=ORIENTED_EDGE('',*,*,#3908,.F.);
#5595=ORIENTED_EDGE('',*,*,#3913,.T.);
#5596=ORIENTED_EDGE('',*,*,#3911,.F.);
#5597=ORIENTED_EDGE('',*,*,#3336,.T.);
#5598=ORIENTED_EDGE('',*,*,#3914,.T.);
#5599=ORIENTED_EDGE('',*,*,#3335,.T.);
#5600=ORIENTED_EDGE('',*,*,#3910,.F.);
#5601=ORIENTED_EDGE('',*,*,#3915,.T.);
#5602=ORIENTED_EDGE('',*,*,#3914,.F.);
#5603=ORIENTED_EDGE('',*,*,#3915,.F.);
#5604=ORIENTED_EDGE('',*,*,#3916,.T.);
#5605=ORIENTED_EDGE('',*,*,#3137,.F.);
#5606=ORIENTED_EDGE('',*,*,#3917,.F.);
#5607=ORIENTED_EDGE('',*,*,#3909,.F.);
#5608=ORIENTED_EDGE('',*,*,#3918,.T.);
#5609=ORIENTED_EDGE('',*,*,#3134,.F.);
#5610=ORIENTED_EDGE('',*,*,#3916,.F.);
#5611=ORIENTED_EDGE('',*,*,#3132,.F.);
#5612=ORIENTED_EDGE('',*,*,#3905,.F.);
#5613=ORIENTED_EDGE('',*,*,#3907,.F.);
#5614=ORIENTED_EDGE('',*,*,#3341,.F.);
#5615=ORIENTED_EDGE('',*,*,#3901,.T.);
#5616=ORIENTED_EDGE('',*,*,#3898,.F.);
#5617=ORIENTED_EDGE('',*,*,#3130,.F.);
#5618=ORIENTED_EDGE('',*,*,#3900,.F.);
#5619=ORIENTED_EDGE('',*,*,#3902,.F.);
#5620=ORIENTED_EDGE('',*,*,#3339,.F.);
#5621=ORIENTED_EDGE('',*,*,#3906,.T.);
#5622=ORIENTED_EDGE('',*,*,#3903,.F.);
#5623=ORIENTED_EDGE('',*,*,#3912,.F.);
#5624=ORIENTED_EDGE('',*,*,#3919,.T.);
#5625=ORIENTED_EDGE('',*,*,#3135,.F.);
#5626=ORIENTED_EDGE('',*,*,#3918,.F.);
#5627=ORIENTED_EDGE('',*,*,#3913,.F.);
#5628=ORIENTED_EDGE('',*,*,#3917,.T.);
#5629=ORIENTED_EDGE('',*,*,#3136,.F.);
#5630=ORIENTED_EDGE('',*,*,#3919,.F.);
#5631=ORIENTED_EDGE('',*,*,#3037,.T.);
#5632=ORIENTED_EDGE('',*,*,#3044,.F.);
#5633=ORIENTED_EDGE('',*,*,#3043,.F.);
#5634=ORIENTED_EDGE('',*,*,#3042,.T.);
#5635=ORIENTED_EDGE('',*,*,#3920,.F.);
#5636=ORIENTED_EDGE('',*,*,#3921,.F.);
#5637=ORIENTED_EDGE('',*,*,#3922,.F.);
#5638=ORIENTED_EDGE('',*,*,#3923,.F.);
#5639=ORIENTED_EDGE('',*,*,#3924,.T.);
#5640=ORIENTED_EDGE('',*,*,#3126,.F.);
#5641=ORIENTED_EDGE('',*,*,#3925,.F.);
#5642=ORIENTED_EDGE('',*,*,#3926,.F.);
#5643=ORIENTED_EDGE('',*,*,#3927,.F.);
#5644=ORIENTED_EDGE('',*,*,#3122,.F.);
#5645=ORIENTED_EDGE('',*,*,#3927,.T.);
#5646=ORIENTED_EDGE('',*,*,#3928,.F.);
#5647=ORIENTED_EDGE('',*,*,#3929,.F.);
#5648=ORIENTED_EDGE('',*,*,#3123,.F.);
#5649=ORIENTED_EDGE('',*,*,#3926,.T.);
#5650=ORIENTED_EDGE('',*,*,#3930,.F.);
#5651=ORIENTED_EDGE('',*,*,#3931,.F.);
#5652=ORIENTED_EDGE('',*,*,#3928,.T.);
#5653=ORIENTED_EDGE('',*,*,#3925,.T.);
#5654=ORIENTED_EDGE('',*,*,#3125,.F.);
#5655=ORIENTED_EDGE('',*,*,#3932,.F.);
#5656=ORIENTED_EDGE('',*,*,#3930,.T.);
#5657=ORIENTED_EDGE('',*,*,#3114,.T.);
#5658=ORIENTED_EDGE('',*,*,#3933,.F.);
#5659=ORIENTED_EDGE('',*,*,#3934,.T.);
#5660=ORIENTED_EDGE('',*,*,#3118,.F.);
#5661=ORIENTED_EDGE('',*,*,#3935,.F.);
#5662=ORIENTED_EDGE('',*,*,#3936,.F.);
#5663=ORIENTED_EDGE('',*,*,#3142,.F.);
#5664=ORIENTED_EDGE('',*,*,#3113,.F.);
#5665=ORIENTED_EDGE('',*,*,#3075,.F.);
#5666=ORIENTED_EDGE('',*,*,#3145,.F.);
#5667=ORIENTED_EDGE('',*,*,#3937,.T.);
#5668=ORIENTED_EDGE('',*,*,#3938,.T.);
#5669=ORIENTED_EDGE('',*,*,#3194,.T.);
#5670=ORIENTED_EDGE('',*,*,#3939,.T.);
#5671=ORIENTED_EDGE('',*,*,#3933,.T.);
#5672=ORIENTED_EDGE('',*,*,#3144,.T.);
#5673=ORIENTED_EDGE('',*,*,#3151,.F.);
#5674=ORIENTED_EDGE('',*,*,#3940,.F.);
#5675=ORIENTED_EDGE('',*,*,#3941,.F.);
#5676=ORIENTED_EDGE('',*,*,#3167,.F.);
#5677=ORIENTED_EDGE('',*,*,#3942,.T.);
#5678=ORIENTED_EDGE('',*,*,#3937,.F.);
#5679=ORIENTED_EDGE('',*,*,#3941,.T.);
#5680=ORIENTED_EDGE('',*,*,#3943,.F.);
#5681=ORIENTED_EDGE('',*,*,#3153,.T.);
#5682=ORIENTED_EDGE('',*,*,#3168,.F.);
#5683=ORIENTED_EDGE('',*,*,#3940,.T.);
#5684=ORIENTED_EDGE('',*,*,#3150,.F.);
#5685=ORIENTED_EDGE('',*,*,#3154,.F.);
#5686=ORIENTED_EDGE('',*,*,#3943,.T.);
#5687=ORIENTED_EDGE('',*,*,#3944,.T.);
#5688=ORIENTED_EDGE('',*,*,#3163,.F.);
#5689=ORIENTED_EDGE('',*,*,#3945,.F.);
#5690=ORIENTED_EDGE('',*,*,#3946,.F.);
#5691=ORIENTED_EDGE('',*,*,#3947,.F.);
#5692=ORIENTED_EDGE('',*,*,#3159,.F.);
#5693=ORIENTED_EDGE('',*,*,#3945,.T.);
#5694=ORIENTED_EDGE('',*,*,#3162,.F.);
#5695=ORIENTED_EDGE('',*,*,#3948,.T.);
#5696=ORIENTED_EDGE('',*,*,#3949,.T.);
#5697=ORIENTED_EDGE('',*,*,#3939,.F.);
#5698=ORIENTED_EDGE('',*,*,#3193,.T.);
#5699=ORIENTED_EDGE('',*,*,#3119,.F.);
#5700=ORIENTED_EDGE('',*,*,#3934,.F.);
#5701=ORIENTED_EDGE('',*,*,#3166,.F.);
#5702=ORIENTED_EDGE('',*,*,#3195,.T.);
#5703=ORIENTED_EDGE('',*,*,#3938,.F.);
#5704=ORIENTED_EDGE('',*,*,#3942,.F.);
#5705=ORIENTED_EDGE('',*,*,#3121,.F.);
#5706=ORIENTED_EDGE('',*,*,#3192,.T.);
#5707=ORIENTED_EDGE('',*,*,#3127,.F.);
#5708=ORIENTED_EDGE('',*,*,#3924,.F.);
#5709=ORIENTED_EDGE('',*,*,#3158,.F.);
#5710=ORIENTED_EDGE('',*,*,#3196,.T.);
#5711=ORIENTED_EDGE('',*,*,#3164,.F.);
#5712=ORIENTED_EDGE('',*,*,#3944,.F.);
#5713=ORIENTED_EDGE('',*,*,#3063,.F.);
#5714=ORIENTED_EDGE('',*,*,#3950,.T.);
#5715=ORIENTED_EDGE('',*,*,#3922,.T.);
#5716=ORIENTED_EDGE('',*,*,#3950,.F.);
#5717=ORIENTED_EDGE('',*,*,#3062,.F.);
#5718=ORIENTED_EDGE('',*,*,#3951,.T.);
#5719=ORIENTED_EDGE('',*,*,#3920,.T.);
#5720=ORIENTED_EDGE('',*,*,#3951,.F.);
#5721=ORIENTED_EDGE('',*,*,#3061,.F.);
#5722=ORIENTED_EDGE('',*,*,#3952,.T.);
#5723=ORIENTED_EDGE('',*,*,#3045,.T.);
#5724=ORIENTED_EDGE('',*,*,#3952,.F.);
#5725=ORIENTED_EDGE('',*,*,#3046,.F.);
#5726=ORIENTED_EDGE('',*,*,#3953,.T.);
#5727=ORIENTED_EDGE('',*,*,#3954,.F.);
#5728=ORIENTED_EDGE('',*,*,#3953,.F.);
#5729=ORIENTED_EDGE('',*,*,#3124,.F.);
#5730=ORIENTED_EDGE('',*,*,#3929,.T.);
#5731=ORIENTED_EDGE('',*,*,#3931,.T.);
#5732=ORIENTED_EDGE('',*,*,#3932,.T.);
#5733=ORIENTED_EDGE('',*,*,#3954,.T.);
#5734=ORIENTED_EDGE('',*,*,#3947,.T.);
#5735=ORIENTED_EDGE('',*,*,#3955,.F.);
#5736=ORIENTED_EDGE('',*,*,#3956,.T.);
#5737=ORIENTED_EDGE('',*,*,#3160,.F.);
#5738=ORIENTED_EDGE('',*,*,#3946,.T.);
#5739=ORIENTED_EDGE('',*,*,#3949,.F.);
#5740=ORIENTED_EDGE('',*,*,#3957,.F.);
#5741=ORIENTED_EDGE('',*,*,#3955,.T.);
#5742=ORIENTED_EDGE('',*,*,#3039,.F.);
#5743=ORIENTED_EDGE('',*,*,#3958,.T.);
#5744=ORIENTED_EDGE('',*,*,#3959,.F.);
#5745=ORIENTED_EDGE('',*,*,#3958,.F.);
#5746=ORIENTED_EDGE('',*,*,#3161,.F.);
#5747=ORIENTED_EDGE('',*,*,#3956,.F.);
#5748=ORIENTED_EDGE('',*,*,#3957,.T.);
#5749=ORIENTED_EDGE('',*,*,#3948,.F.);
#5750=ORIENTED_EDGE('',*,*,#3959,.T.);
#5751=ORIENTED_EDGE('',*,*,#3921,.T.);
#5752=ORIENTED_EDGE('',*,*,#3960,.T.);
#5753=ORIENTED_EDGE('',*,*,#3141,.F.);
#5754=ORIENTED_EDGE('',*,*,#3960,.F.);
#5755=ORIENTED_EDGE('',*,*,#3936,.T.);
#5756=ORIENTED_EDGE('',*,*,#3961,.F.);
#5757=ORIENTED_EDGE('',*,*,#3139,.F.);
#5758=ORIENTED_EDGE('',*,*,#3143,.T.);
#5759=ORIENTED_EDGE('',*,*,#3935,.T.);
#5760=ORIENTED_EDGE('',*,*,#3117,.F.);
#5761=ORIENTED_EDGE('',*,*,#3140,.F.);
#5762=ORIENTED_EDGE('',*,*,#3961,.T.);
#5763=ORIENTED_EDGE('',*,*,#3923,.T.);
#5764=ORIENTED_EDGE('',*,*,#3962,.T.);
#5765=ORIENTED_EDGE('',*,*,#3155,.F.);
#5766=ORIENTED_EDGE('',*,*,#3962,.F.);
#5767=ORIENTED_EDGE('',*,*,#3188,.F.);
#5768=ORIENTED_EDGE('',*,*,#3109,.F.);
#5769=ORIENTED_EDGE('',*,*,#3190,.F.);
#5770=ORIENTED_EDGE('',*,*,#3191,.T.);
#5771=ORIENTED_EDGE('',*,*,#3066,.F.);
#5772=ORIENTED_EDGE('',*,*,#3058,.F.);
#5773=ORIENTED_EDGE('',*,*,#3198,.F.);
#5774=ORIENTED_EDGE('',*,*,#3102,.F.);
#5775=ORIENTED_EDGE('',*,*,#3098,.F.);
#5776=ORIENTED_EDGE('',*,*,#3071,.F.);
#5777=ORIENTED_EDGE('',*,*,#3375,.T.);
#5778=ORIENTED_EDGE('',*,*,#3382,.T.);
#5779=ORIENTED_EDGE('',*,*,#3387,.T.);
#5780=ORIENTED_EDGE('',*,*,#3388,.T.);
#5781=ORIENTED_EDGE('',*,*,#3397,.T.);
#5782=ORIENTED_EDGE('',*,*,#3394,.T.);
#5783=ORIENTED_EDGE('',*,*,#3391,.T.);
#5784=ORIENTED_EDGE('',*,*,#3379,.T.);
#5785=ORIENTED_EDGE('',*,*,#3412,.T.);
#5786=ORIENTED_EDGE('',*,*,#3421,.T.);
#5787=ORIENTED_EDGE('',*,*,#3403,.T.);
#5788=ORIENTED_EDGE('',*,*,#3399,.T.);
#5789=ORIENTED_EDGE('',*,*,#3406,.T.);
#5790=ORIENTED_EDGE('',*,*,#3411,.T.);
#5791=ORIENTED_EDGE('',*,*,#3419,.T.);
#5792=ORIENTED_EDGE('',*,*,#3416,.T.);
#5793=ORIENTED_EDGE('',*,*,#3861,.T.);
#5794=ORIENTED_EDGE('',*,*,#3871,.T.);
#5795=ORIENTED_EDGE('',*,*,#3869,.T.);
#5796=ORIENTED_EDGE('',*,*,#3882,.T.);
#5797=ORIENTED_EDGE('',*,*,#3880,.T.);
#5798=ORIENTED_EDGE('',*,*,#3878,.T.);
#5799=ORIENTED_EDGE('',*,*,#3876,.T.);
#5800=ORIENTED_EDGE('',*,*,#3874,.T.);
#5801=ORIENTED_EDGE('',*,*,#3866,.T.);
#5802=ORIENTED_EDGE('',*,*,#3886,.T.);
#5803=ORIENTED_EDGE('',*,*,#3884,.T.);
#5804=ORIENTED_EDGE('',*,*,#3897,.T.);
#5805=ORIENTED_EDGE('',*,*,#3895,.T.);
#5806=ORIENTED_EDGE('',*,*,#3893,.T.);
#5807=ORIENTED_EDGE('',*,*,#3891,.T.);
#5808=ORIENTED_EDGE('',*,*,#3889,.T.);
#5809=ORIENTED_EDGE('',*,*,#3053,.F.);
#5810=ORIENTED_EDGE('',*,*,#3094,.T.);
#5811=ORIENTED_EDGE('',*,*,#3050,.F.);
#5812=ORIENTED_EDGE('',*,*,#3060,.F.);
#5813=ORIENTED_EDGE('',*,*,#3065,.F.);
#5814=ORIENTED_EDGE('',*,*,#3083,.T.);
#5815=ORIENTED_EDGE('',*,*,#3068,.F.);
#5816=ORIENTED_EDGE('',*,*,#3070,.F.);
#5817=PLANE('',#6319);
#5818=PLANE('',#6325);
#5819=PLANE('',#6331);
#5820=PLANE('',#6340);
#5821=PLANE('',#6360);
#5822=PLANE('',#6361);
#5823=PLANE('',#6362);
#5824=PLANE('',#6370);
#5825=PLANE('',#6371);
#5826=PLANE('',#6374);
#5827=PLANE('',#6378);
#5828=PLANE('',#6379);
#5829=PLANE('',#6382);
#5830=PLANE('',#6393);
#5831=PLANE('',#6399);
#5832=PLANE('',#6401);
#5833=PLANE('',#6402);
#5834=PLANE('',#6403);
#5835=PLANE('',#6404);
#5836=PLANE('',#6405);
#5837=PLANE('',#6406);
#5838=PLANE('',#6407);
#5839=PLANE('',#6408);
#5840=PLANE('',#6409);
#5841=PLANE('',#6410);
#5842=PLANE('',#6411);
#5843=PLANE('',#6412);
#5844=PLANE('',#6413);
#5845=PLANE('',#6414);
#5846=PLANE('',#6415);
#5847=PLANE('',#6416);
#5848=PLANE('',#6417);
#5849=PLANE('',#6418);
#5850=PLANE('',#6419);
#5851=PLANE('',#6420);
#5852=PLANE('',#6421);
#5853=PLANE('',#6422);
#5854=PLANE('',#6423);
#5855=PLANE('',#6424);
#5856=PLANE('',#6425);
#5857=PLANE('',#6426);
#5858=PLANE('',#6427);
#5859=PLANE('',#6428);
#5860=PLANE('',#6429);
#5861=PLANE('',#6430);
#5862=PLANE('',#6431);
#5863=PLANE('',#6432);
#5864=PLANE('',#6433);
#5865=PLANE('',#6434);
#5866=PLANE('',#6435);
#5867=PLANE('',#6436);
#5868=PLANE('',#6437);
#5869=PLANE('',#6438);
#5870=PLANE('',#6439);
#5871=PLANE('',#6440);
#5872=PLANE('',#6441);
#5873=PLANE('',#6442);
#5874=PLANE('',#6443);
#5875=PLANE('',#6444);
#5876=PLANE('',#6445);
#5877=PLANE('',#6446);
#5878=PLANE('',#6447);
#5879=PLANE('',#6448);
#5880=PLANE('',#6449);
#5881=PLANE('',#6450);
#5882=PLANE('',#6451);
#5883=PLANE('',#6452);
#5884=PLANE('',#6453);
#5885=PLANE('',#6454);
#5886=PLANE('',#6455);
#5887=PLANE('',#6456);
#5888=PLANE('',#6457);
#5889=PLANE('',#6458);
#5890=PLANE('',#6459);
#5891=PLANE('',#6460);
#5892=PLANE('',#6461);
#5893=PLANE('',#6462);
#5894=PLANE('',#6463);
#5895=PLANE('',#6464);
#5896=PLANE('',#6465);
#5897=PLANE('',#6466);
#5898=PLANE('',#6467);
#5899=PLANE('',#6468);
#5900=PLANE('',#6469);
#5901=PLANE('',#6470);
#5902=PLANE('',#6471);
#5903=PLANE('',#6472);
#5904=PLANE('',#6473);
#5905=PLANE('',#6474);
#5906=PLANE('',#6475);
#5907=PLANE('',#6476);
#5908=PLANE('',#6477);
#5909=PLANE('',#6478);
#5910=PLANE('',#6479);
#5911=PLANE('',#6480);
#5912=PLANE('',#6481);
#5913=PLANE('',#6482);
#5914=PLANE('',#6483);
#5915=PLANE('',#6484);
#5916=PLANE('',#6485);
#5917=PLANE('',#6486);
#5918=PLANE('',#6487);
#5919=PLANE('',#6488);
#5920=PLANE('',#6491);
#5921=PLANE('',#6494);
#5922=PLANE('',#6500);
#5923=PLANE('',#6506);
#5924=PLANE('',#6507);
#5925=PLANE('',#6508);
#5926=PLANE('',#6510);
#5927=PLANE('',#6511);
#5928=PLANE('',#6512);
#5929=PLANE('',#6515);
#5930=PLANE('',#6516);
#5931=PLANE('',#6517);
#5932=PLANE('',#6519);
#5933=PLANE('',#6520);
#5934=PLANE('',#6521);
#5935=PLANE('',#6524);
#5936=PLANE('',#6525);
#5937=PLANE('',#6526);
#5938=PLANE('',#6527);
#5939=PLANE('',#6528);
#5940=PLANE('',#6529);
#5941=PLANE('',#6530);
#5942=PLANE('',#6531);
#5943=PLANE('',#6532);
#5944=PLANE('',#6533);
#5945=PLANE('',#6534);
#5946=PLANE('',#6535);
#5947=PLANE('',#6536);
#5948=PLANE('',#6537);
#5949=PLANE('',#6538);
#5950=PLANE('',#6539);
#5951=PLANE('',#6540);
#5952=PLANE('',#6543);
#5953=PLANE('',#6546);
#5954=PLANE('',#6549);
#5955=PLANE('',#6552);
#5956=PLANE('',#6553);
#5957=PLANE('',#6556);
#5958=PLANE('',#6557);
#5959=PLANE('',#6560);
#5960=PLANE('',#6562);
#5961=PLANE('',#6565);
#5962=PLANE('',#6575);
#5963=PLANE('',#6576);
#5964=PLANE('',#6581);
#5965=PLANE('',#6584);
#5966=PLANE('',#6586);
#5967=PLANE('',#6587);
#5968=PLANE('',#6588);
#5969=ADVANCED_FACE('',(#536,#497),#5817,.T.);
#5970=ADVANCED_FACE('',(#537),#464,.F.);
#5971=ADVANCED_FACE('',(#538,#498),#5818,.T.);
#5972=ADVANCED_FACE('',(#539),#465,.T.);
#5973=ADVANCED_FACE('',(#540,#499,#500,#501,#502),#5819,.T.);
#5974=ADVANCED_FACE('',(#541),#466,.T.);
#5975=ADVANCED_FACE('',(#542),#5820,.T.);
#5976=ADVANCED_FACE('',(#543),#467,.T.);
#5977=ADVANCED_FACE('',(#544),#164,.T.);
#5978=ADVANCED_FACE('',(#545),#468,.T.);
#5979=ADVANCED_FACE('',(#546),#165,.T.);
#5980=ADVANCED_FACE('',(#547),#469,.T.);
#5981=ADVANCED_FACE('',(#548),#5821,.T.);
#5982=ADVANCED_FACE('',(#549),#5822,.T.);
#5983=ADVANCED_FACE('',(#550),#5823,.T.);
#5984=ADVANCED_FACE('',(#551),#470,.F.);
#5985=ADVANCED_FACE('',(#552,#503,#504),#5824,.T.);
#5986=ADVANCED_FACE('',(#553,#505),#5825,.T.);
#5987=ADVANCED_FACE('',(#554),#5826,.T.);
#5988=ADVANCED_FACE('',(#555),#471,.F.);
#5989=ADVANCED_FACE('',(#556),#5827,.T.);
#5990=ADVANCED_FACE('',(#557,#506),#5828,.T.);
#5991=ADVANCED_FACE('',(#558,#507,#508,#509,#510),#5829,.T.);
#5992=ADVANCED_FACE('',(#559),#472,.F.);
#5993=ADVANCED_FACE('',(#560),#473,.F.);
#5994=ADVANCED_FACE('',(#561),#5830,.F.);
#5995=ADVANCED_FACE('',(#562),#474,.T.);
#5996=ADVANCED_FACE('',(#563),#5831,.T.);
#5997=ADVANCED_FACE('',(#564),#475,.T.);
#5998=ADVANCED_FACE('',(#565,#511,#512,#513,#514,#515,#516,#517,#518,#519,
#520,#521,#522,#523,#524),#5832,.T.);
#5999=ADVANCED_FACE('',(#566),#5833,.F.);
#6000=ADVANCED_FACE('',(#567),#5834,.F.);
#6001=ADVANCED_FACE('',(#568),#5835,.F.);
#6002=ADVANCED_FACE('',(#569),#5836,.F.);
#6003=ADVANCED_FACE('',(#570),#5837,.F.);
#6004=ADVANCED_FACE('',(#571),#5838,.F.);
#6005=ADVANCED_FACE('',(#572),#5839,.F.);
#6006=ADVANCED_FACE('',(#573),#5840,.F.);
#6007=ADVANCED_FACE('',(#574),#5841,.F.);
#6008=ADVANCED_FACE('',(#575),#5842,.F.);
#6009=ADVANCED_FACE('',(#576),#5843,.F.);
#6010=ADVANCED_FACE('',(#577),#5844,.F.);
#6011=ADVANCED_FACE('',(#578),#5845,.F.);
#6012=ADVANCED_FACE('',(#579),#5846,.F.);
#6013=ADVANCED_FACE('',(#580),#5847,.F.);
#6014=ADVANCED_FACE('',(#581),#5848,.F.);
#6015=ADVANCED_FACE('',(#582),#5849,.F.);
#6016=ADVANCED_FACE('',(#583),#5850,.F.);
#6017=ADVANCED_FACE('',(#584),#5851,.F.);
#6018=ADVANCED_FACE('',(#585),#5852,.F.);
#6019=ADVANCED_FACE('',(#586),#5853,.F.);
#6020=ADVANCED_FACE('',(#587),#5854,.F.);
#6021=ADVANCED_FACE('',(#588),#5855,.F.);
#6022=ADVANCED_FACE('',(#589),#5856,.F.);
#6023=ADVANCED_FACE('',(#590),#5857,.F.);
#6024=ADVANCED_FACE('',(#591),#17,.F.);
#6025=ADVANCED_FACE('',(#592),#5858,.F.);
#6026=ADVANCED_FACE('',(#593),#18,.F.);
#6027=ADVANCED_FACE('',(#594),#19,.F.);
#6028=ADVANCED_FACE('',(#595),#20,.F.);
#6029=ADVANCED_FACE('',(#596),#21,.F.);
#6030=ADVANCED_FACE('',(#597),#22,.F.);
#6031=ADVANCED_FACE('',(#598),#23,.F.);
#6032=ADVANCED_FACE('',(#599),#24,.F.);
#6033=ADVANCED_FACE('',(#600),#25,.F.);
#6034=ADVANCED_FACE('',(#601),#26,.F.);
#6035=ADVANCED_FACE('',(#602),#27,.F.);
#6036=ADVANCED_FACE('',(#603),#5859,.F.);
#6037=ADVANCED_FACE('',(#604),#28,.F.);
#6038=ADVANCED_FACE('',(#605),#29,.F.);
#6039=ADVANCED_FACE('',(#606),#30,.F.);
#6040=ADVANCED_FACE('',(#607),#31,.F.);
#6041=ADVANCED_FACE('',(#608),#32,.F.);
#6042=ADVANCED_FACE('',(#609),#33,.F.);
#6043=ADVANCED_FACE('',(#610),#34,.F.);
#6044=ADVANCED_FACE('',(#611),#35,.F.);
#6045=ADVANCED_FACE('',(#612),#36,.F.);
#6046=ADVANCED_FACE('',(#613),#5860,.T.);
#6047=ADVANCED_FACE('',(#614),#5861,.F.);
#6048=ADVANCED_FACE('',(#615),#37,.F.);
#6049=ADVANCED_FACE('',(#616),#38,.F.);
#6050=ADVANCED_FACE('',(#617),#39,.F.);
#6051=ADVANCED_FACE('',(#618),#40,.F.);
#6052=ADVANCED_FACE('',(#619),#5862,.F.);
#6053=ADVANCED_FACE('',(#620),#41,.F.);
#6054=ADVANCED_FACE('',(#621),#42,.F.);
#6055=ADVANCED_FACE('',(#622),#43,.F.);
#6056=ADVANCED_FACE('',(#623),#44,.F.);
#6057=ADVANCED_FACE('',(#624),#5863,.F.);
#6058=ADVANCED_FACE('',(#625),#5864,.F.);
#6059=ADVANCED_FACE('',(#626),#5865,.F.);
#6060=ADVANCED_FACE('',(#627),#5866,.F.);
#6061=ADVANCED_FACE('',(#628),#5867,.F.);
#6062=ADVANCED_FACE('',(#629),#5868,.T.);
#6063=ADVANCED_FACE('',(#630),#45,.F.);
#6064=ADVANCED_FACE('',(#631),#46,.F.);
#6065=ADVANCED_FACE('',(#632),#47,.F.);
#6066=ADVANCED_FACE('',(#633),#48,.F.);
#6067=ADVANCED_FACE('',(#634),#49,.F.);
#6068=ADVANCED_FACE('',(#635),#5869,.F.);
#6069=ADVANCED_FACE('',(#636),#50,.F.);
#6070=ADVANCED_FACE('',(#637),#51,.F.);
#6071=ADVANCED_FACE('',(#638),#52,.F.);
#6072=ADVANCED_FACE('',(#639),#53,.F.);
#6073=ADVANCED_FACE('',(#640),#54,.F.);
#6074=ADVANCED_FACE('',(#641),#55,.F.);
#6075=ADVANCED_FACE('',(#642),#56,.F.);
#6076=ADVANCED_FACE('',(#643),#5870,.F.);
#6077=ADVANCED_FACE('',(#644),#57,.F.);
#6078=ADVANCED_FACE('',(#645),#58,.F.);
#6079=ADVANCED_FACE('',(#646),#59,.F.);
#6080=ADVANCED_FACE('',(#647),#60,.F.);
#6081=ADVANCED_FACE('',(#648),#61,.F.);
#6082=ADVANCED_FACE('',(#649),#62,.F.);
#6083=ADVANCED_FACE('',(#650),#63,.F.);
#6084=ADVANCED_FACE('',(#651),#64,.F.);
#6085=ADVANCED_FACE('',(#652),#5871,.F.);
#6086=ADVANCED_FACE('',(#653),#65,.F.);
#6087=ADVANCED_FACE('',(#654),#66,.F.);
#6088=ADVANCED_FACE('',(#655),#67,.F.);
#6089=ADVANCED_FACE('',(#656),#68,.F.);
#6090=ADVANCED_FACE('',(#657),#69,.F.);
#6091=ADVANCED_FACE('',(#658),#70,.F.);
#6092=ADVANCED_FACE('',(#659),#71,.F.);
#6093=ADVANCED_FACE('',(#660),#5872,.F.);
#6094=ADVANCED_FACE('',(#661),#72,.F.);
#6095=ADVANCED_FACE('',(#662),#73,.F.);
#6096=ADVANCED_FACE('',(#663),#74,.F.);
#6097=ADVANCED_FACE('',(#664),#5873,.T.);
#6098=ADVANCED_FACE('',(#665),#75,.F.);
#6099=ADVANCED_FACE('',(#666),#76,.F.);
#6100=ADVANCED_FACE('',(#667),#77,.F.);
#6101=ADVANCED_FACE('',(#668),#78,.F.);
#6102=ADVANCED_FACE('',(#669),#79,.F.);
#6103=ADVANCED_FACE('',(#670),#80,.F.);
#6104=ADVANCED_FACE('',(#671),#81,.F.);
#6105=ADVANCED_FACE('',(#672),#82,.F.);
#6106=ADVANCED_FACE('',(#673),#83,.F.);
#6107=ADVANCED_FACE('',(#674),#84,.F.);
#6108=ADVANCED_FACE('',(#675),#85,.F.);
#6109=ADVANCED_FACE('',(#676),#86,.F.);
#6110=ADVANCED_FACE('',(#677),#87,.F.);
#6111=ADVANCED_FACE('',(#678),#88,.F.);
#6112=ADVANCED_FACE('',(#679),#89,.F.);
#6113=ADVANCED_FACE('',(#680),#90,.F.);
#6114=ADVANCED_FACE('',(#681),#91,.F.);
#6115=ADVANCED_FACE('',(#682),#92,.F.);
#6116=ADVANCED_FACE('',(#683),#93,.F.);
#6117=ADVANCED_FACE('',(#684),#94,.F.);
#6118=ADVANCED_FACE('',(#685),#95,.F.);
#6119=ADVANCED_FACE('',(#686),#96,.F.);
#6120=ADVANCED_FACE('',(#687),#97,.F.);
#6121=ADVANCED_FACE('',(#688),#98,.F.);
#6122=ADVANCED_FACE('',(#689),#99,.F.);
#6123=ADVANCED_FACE('',(#690,#525),#5874,.T.);
#6124=ADVANCED_FACE('',(#691),#5875,.F.);
#6125=ADVANCED_FACE('',(#692),#100,.F.);
#6126=ADVANCED_FACE('',(#693),#101,.F.);
#6127=ADVANCED_FACE('',(#694),#102,.F.);
#6128=ADVANCED_FACE('',(#695),#103,.F.);
#6129=ADVANCED_FACE('',(#696),#104,.F.);
#6130=ADVANCED_FACE('',(#697),#105,.F.);
#6131=ADVANCED_FACE('',(#698),#5876,.F.);
#6132=ADVANCED_FACE('',(#699),#5877,.F.);
#6133=ADVANCED_FACE('',(#700),#106,.F.);
#6134=ADVANCED_FACE('',(#701),#107,.F.);
#6135=ADVANCED_FACE('',(#702),#108,.F.);
#6136=ADVANCED_FACE('',(#703),#109,.F.);
#6137=ADVANCED_FACE('',(#704),#110,.F.);
#6138=ADVANCED_FACE('',(#705),#111,.F.);
#6139=ADVANCED_FACE('',(#706),#5878,.F.);
#6140=ADVANCED_FACE('',(#707),#5879,.F.);
#6141=ADVANCED_FACE('',(#708),#5880,.F.);
#6142=ADVANCED_FACE('',(#709,#526),#5881,.T.);
#6143=ADVANCED_FACE('',(#710),#112,.F.);
#6144=ADVANCED_FACE('',(#711),#113,.F.);
#6145=ADVANCED_FACE('',(#712),#114,.F.);
#6146=ADVANCED_FACE('',(#713),#115,.F.);
#6147=ADVANCED_FACE('',(#714),#116,.F.);
#6148=ADVANCED_FACE('',(#715),#117,.F.);
#6149=ADVANCED_FACE('',(#716),#118,.F.);
#6150=ADVANCED_FACE('',(#717),#119,.F.);
#6151=ADVANCED_FACE('',(#718),#5882,.T.);
#6152=ADVANCED_FACE('',(#719),#5883,.F.);
#6153=ADVANCED_FACE('',(#720),#120,.F.);
#6154=ADVANCED_FACE('',(#721),#121,.F.);
#6155=ADVANCED_FACE('',(#722),#122,.F.);
#6156=ADVANCED_FACE('',(#723),#123,.F.);
#6157=ADVANCED_FACE('',(#724),#5884,.F.);
#6158=ADVANCED_FACE('',(#725),#5885,.F.);
#6159=ADVANCED_FACE('',(#726),#5886,.F.);
#6160=ADVANCED_FACE('',(#727),#124,.F.);
#6161=ADVANCED_FACE('',(#728),#125,.F.);
#6162=ADVANCED_FACE('',(#729),#126,.F.);
#6163=ADVANCED_FACE('',(#730),#127,.F.);
#6164=ADVANCED_FACE('',(#731),#5887,.F.);
#6165=ADVANCED_FACE('',(#732),#5888,.F.);
#6166=ADVANCED_FACE('',(#733),#5889,.F.);
#6167=ADVANCED_FACE('',(#734),#128,.F.);
#6168=ADVANCED_FACE('',(#735),#129,.F.);
#6169=ADVANCED_FACE('',(#736),#130,.F.);
#6170=ADVANCED_FACE('',(#737),#131,.F.);
#6171=ADVANCED_FACE('',(#738),#132,.F.);
#6172=ADVANCED_FACE('',(#739),#133,.F.);
#6173=ADVANCED_FACE('',(#740),#134,.F.);
#6174=ADVANCED_FACE('',(#741),#135,.F.);
#6175=ADVANCED_FACE('',(#742),#5890,.F.);
#6176=ADVANCED_FACE('',(#743),#5891,.F.);
#6177=ADVANCED_FACE('',(#744),#5892,.F.);
#6178=ADVANCED_FACE('',(#745),#5893,.F.);
#6179=ADVANCED_FACE('',(#746),#5894,.F.);
#6180=ADVANCED_FACE('',(#747),#5895,.T.);
#6181=ADVANCED_FACE('',(#748),#5896,.T.);
#6182=ADVANCED_FACE('',(#749),#5897,.T.);
#6183=ADVANCED_FACE('',(#750),#136,.F.);
#6184=ADVANCED_FACE('',(#751),#137,.F.);
#6185=ADVANCED_FACE('',(#752),#138,.F.);
#6186=ADVANCED_FACE('',(#753),#139,.F.);
#6187=ADVANCED_FACE('',(#754),#140,.F.);
#6188=ADVANCED_FACE('',(#755),#141,.F.);
#6189=ADVANCED_FACE('',(#756),#142,.F.);
#6190=ADVANCED_FACE('',(#757),#143,.F.);
#6191=ADVANCED_FACE('',(#758),#144,.F.);
#6192=ADVANCED_FACE('',(#759),#145,.F.);
#6193=ADVANCED_FACE('',(#760),#146,.F.);
#6194=ADVANCED_FACE('',(#761),#147,.F.);
#6195=ADVANCED_FACE('',(#762),#148,.F.);
#6196=ADVANCED_FACE('',(#763),#149,.F.);
#6197=ADVANCED_FACE('',(#764),#150,.F.);
#6198=ADVANCED_FACE('',(#765),#151,.F.);
#6199=ADVANCED_FACE('',(#766),#152,.F.);
#6200=ADVANCED_FACE('',(#767),#153,.F.);
#6201=ADVANCED_FACE('',(#768),#154,.F.);
#6202=ADVANCED_FACE('',(#769),#155,.F.);
#6203=ADVANCED_FACE('',(#770),#156,.F.);
#6204=ADVANCED_FACE('',(#771),#157,.F.);
#6205=ADVANCED_FACE('',(#772),#158,.F.);
#6206=ADVANCED_FACE('',(#773),#159,.F.);
#6207=ADVANCED_FACE('',(#774,#527),#5898,.T.);
#6208=ADVANCED_FACE('',(#775),#5899,.F.);
#6209=ADVANCED_FACE('',(#776),#5900,.F.);
#6210=ADVANCED_FACE('',(#777),#5901,.F.);
#6211=ADVANCED_FACE('',(#778),#5902,.F.);
#6212=ADVANCED_FACE('',(#779),#5903,.F.);
#6213=ADVANCED_FACE('',(#780),#5904,.F.);
#6214=ADVANCED_FACE('',(#781),#5905,.F.);
#6215=ADVANCED_FACE('',(#782),#5906,.F.);
#6216=ADVANCED_FACE('',(#783),#5907,.F.);
#6217=ADVANCED_FACE('',(#784),#5908,.F.);
#6218=ADVANCED_FACE('',(#785),#160,.F.);
#6219=ADVANCED_FACE('',(#786),#161,.F.);
#6220=ADVANCED_FACE('',(#787),#5909,.F.);
#6221=ADVANCED_FACE('',(#788),#162,.F.);
#6222=ADVANCED_FACE('',(#789),#163,.F.);
#6223=ADVANCED_FACE('',(#790),#5910,.F.);
#6224=ADVANCED_FACE('',(#791),#5911,.F.);
#6225=ADVANCED_FACE('',(#792),#5912,.F.);
#6226=ADVANCED_FACE('',(#793),#5913,.F.);
#6227=ADVANCED_FACE('',(#794),#5914,.T.);
#6228=ADVANCED_FACE('',(#795),#5915,.T.);
#6229=ADVANCED_FACE('',(#796),#5916,.F.);
#6230=ADVANCED_FACE('',(#797),#5917,.F.);
#6231=ADVANCED_FACE('',(#798),#5918,.F.);
#6232=ADVANCED_FACE('',(#799),#5919,.F.);
#6233=ADVANCED_FACE('',(#800),#476,.T.);
#6234=ADVANCED_FACE('',(#801),#5920,.T.);
#6235=ADVANCED_FACE('',(#802),#477,.T.);
#6236=ADVANCED_FACE('',(#803),#5921,.T.);
#6237=ADVANCED_FACE('',(#804),#15,.T.);
#6238=ADVANCED_FACE('',(#805),#5922,.T.);
#6239=ADVANCED_FACE('',(#806),#16,.T.);
#6240=ADVANCED_FACE('',(#807),#5923,.T.);
#6241=ADVANCED_FACE('',(#808),#5924,.F.);
#6242=ADVANCED_FACE('',(#809),#5925,.F.);
#6243=ADVANCED_FACE('',(#810),#478,.T.);
#6244=ADVANCED_FACE('',(#811),#5926,.F.);
#6245=ADVANCED_FACE('',(#812),#5927,.F.);
#6246=ADVANCED_FACE('',(#813),#5928,.F.);
#6247=ADVANCED_FACE('',(#814),#479,.F.);
#6248=ADVANCED_FACE('',(#815),#5929,.F.);
#6249=ADVANCED_FACE('',(#816),#5930,.F.);
#6250=ADVANCED_FACE('',(#817),#5931,.F.);
#6251=ADVANCED_FACE('',(#818),#480,.T.);
#6252=ADVANCED_FACE('',(#819),#5932,.F.);
#6253=ADVANCED_FACE('',(#820),#5933,.F.);
#6254=ADVANCED_FACE('',(#821),#5934,.F.);
#6255=ADVANCED_FACE('',(#822),#481,.F.);
#6256=ADVANCED_FACE('',(#823),#5935,.F.);
#6257=ADVANCED_FACE('',(#824),#5936,.T.);
#6258=ADVANCED_FACE('',(#825),#5937,.F.);
#6259=ADVANCED_FACE('',(#826),#5938,.T.);
#6260=ADVANCED_FACE('',(#827),#5939,.F.);
#6261=ADVANCED_FACE('',(#828),#5940,.T.);
#6262=ADVANCED_FACE('',(#829),#5941,.T.);
#6263=ADVANCED_FACE('',(#830),#5942,.T.);
#6264=ADVANCED_FACE('',(#831),#5943,.T.);
#6265=ADVANCED_FACE('',(#832),#5944,.F.);
#6266=ADVANCED_FACE('',(#833),#5945,.F.);
#6267=ADVANCED_FACE('',(#834),#5946,.F.);
#6268=ADVANCED_FACE('',(#835),#5947,.F.);
#6269=ADVANCED_FACE('',(#836),#5948,.F.);
#6270=ADVANCED_FACE('',(#837),#5949,.F.);
#6271=ADVANCED_FACE('',(#838),#5950,.F.);
#6272=ADVANCED_FACE('',(#839,#528),#5951,.T.);
#6273=ADVANCED_FACE('',(#840,#529),#5952,.T.);
#6274=ADVANCED_FACE('',(#841),#5953,.F.);
#6275=ADVANCED_FACE('',(#842),#5954,.T.);
#6276=ADVANCED_FACE('',(#843),#482,.T.);
#6277=ADVANCED_FACE('',(#844),#5955,.T.);
#6278=ADVANCED_FACE('',(#845),#5956,.F.);
#6279=ADVANCED_FACE('',(#846),#5957,.T.);
#6280=ADVANCED_FACE('',(#847),#5958,.F.);
#6281=ADVANCED_FACE('',(#848),#5959,.T.);
#6282=ADVANCED_FACE('',(#849),#483,.T.);
#6283=ADVANCED_FACE('',(#850),#5960,.F.);
#6284=ADVANCED_FACE('',(#851),#5961,.T.);
#6285=ADVANCED_FACE('',(#852),#484,.T.);
#6286=ADVANCED_FACE('',(#853),#485,.T.);
#6287=ADVANCED_FACE('',(#854),#486,.T.);
#6288=ADVANCED_FACE('',(#855),#487,.T.);
#6289=ADVANCED_FACE('',(#856),#488,.F.);
#6290=ADVANCED_FACE('',(#857),#489,.F.);
#6291=ADVANCED_FACE('',(#858),#490,.F.);
#6292=ADVANCED_FACE('',(#859),#491,.F.);
#6293=ADVANCED_FACE('',(#860,#530),#5962,.T.);
#6294=ADVANCED_FACE('',(#861),#5963,.T.);
#6295=ADVANCED_FACE('',(#862),#492,.T.);
#6296=ADVANCED_FACE('',(#863),#493,.F.);
#6297=ADVANCED_FACE('',(#864,#531),#5964,.T.);
#6298=ADVANCED_FACE('',(#865),#494,.F.);
#6299=ADVANCED_FACE('',(#866),#495,.T.);
#6300=ADVANCED_FACE('',(#867),#5965,.T.);
#6301=ADVANCED_FACE('',(#868),#496,.F.);
#6302=ADVANCED_FACE('',(#869),#5966,.T.);
#6303=ADVANCED_FACE('',(#870,#532,#533,#534,#535),#5967,.T.);
#6304=ADVANCED_FACE('',(#871),#5968,.T.);
#6305=CLOSED_SHELL('',(#5969,#5970,#5971,#5972,#5973,#5974,#5975,#5976,
#5977,#5978,#5979,#5980,#5981,#5982,#5983,#5984,#5985,#5986,#5987,#5988,
#5989,#5990,#5991,#5992,#5993,#5994,#5995,#5996,#5997,#5998,#5999,#6000,
#6001,#6002,#6003,#6004,#6005,#6006,#6007,#6008,#6009,#6010,#6011,#6012,
#6013,#6014,#6015,#6016,#6017,#6018,#6019,#6020,#6021,#6022,#6023,#6024,
#6025,#6026,#6027,#6028,#6029,#6030,#6031,#6032,#6033,#6034,#6035,#6036,
#6037,#6038,#6039,#6040,#6041,#6042,#6043,#6044,#6045,#6046,#6047,#6048,
#6049,#6050,#6051,#6052,#6053,#6054,#6055,#6056,#6057,#6058,#6059,#6060,
#6061,#6062,#6063,#6064,#6065,#6066,#6067,#6068,#6069,#6070,#6071,#6072,
#6073,#6074,#6075,#6076,#6077,#6078,#6079,#6080,#6081,#6082,#6083,#6084,
#6085,#6086,#6087,#6088,#6089,#6090,#6091,#6092,#6093,#6094,#6095,#6096,
#6097,#6098,#6099,#6100,#6101,#6102,#6103,#6104,#6105,#6106,#6107,#6108,
#6109,#6110,#6111,#6112,#6113,#6114,#6115,#6116,#6117,#6118,#6119,#6120,
#6121,#6122,#6123,#6124,#6125,#6126,#6127,#6128,#6129,#6130,#6131,#6132,
#6133,#6134,#6135,#6136,#6137,#6138,#6139,#6140,#6141,#6142,#6143,#6144,
#6145,#6146,#6147,#6148,#6149,#6150,#6151,#6152,#6153,#6154,#6155,#6156,
#6157,#6158,#6159,#6160,#6161,#6162,#6163,#6164,#6165,#6166,#6167,#6168,
#6169,#6170,#6171,#6172,#6173,#6174,#6175,#6176,#6177,#6178,#6179,#6180,
#6181,#6182,#6183,#6184,#6185,#6186,#6187,#6188,#6189,#6190,#6191,#6192,
#6193,#6194,#6195,#6196,#6197,#6198,#6199,#6200,#6201,#6202,#6203,#6204,
#6205,#6206,#6207,#6208,#6209,#6210,#6211,#6212,#6213,#6214,#6215,#6216,
#6217,#6218,#6219,#6220,#6221,#6222,#6223,#6224,#6225,#6226,#6227,#6228,
#6229,#6230,#6231,#6232,#6233,#6234,#6235,#6236,#6237,#6238,#6239,#6240,
#6241,#6242,#6243,#6244,#6245,#6246,#6247,#6248,#6249,#6250,#6251,#6252,
#6253,#6254,#6255,#6256,#6257,#6258,#6259,#6260,#6261,#6262,#6263,#6264,
#6265,#6266,#6267,#6268,#6269,#6270,#6271,#6272,#6273,#6274,#6275,#6276,
#6277,#6278,#6279,#6280,#6281,#6282,#6283,#6284,#6285,#6286,#6287,#6288,
#6289,#6290,#6291,#6292,#6293,#6294,#6295,#6296,#6297,#6298,#6299,#6300,
#6301,#6302,#6303,#6304));
#6306=DERIVED_UNIT_ELEMENT(#6308,1.);
#6307=DERIVED_UNIT_ELEMENT(#12111,-3.);
#6308=(
MASS_UNIT()
NAMED_UNIT(*)
SI_UNIT(.KILO.,.GRAM.)
);
#6309=DERIVED_UNIT((#6306,#6307));
#6310=MEASURE_REPRESENTATION_ITEM('density measure',
POSITIVE_RATIO_MEASURE(7850.),#6309);
#6311=PROPERTY_DEFINITION_REPRESENTATION(#6316,#6313);
#6312=PROPERTY_DEFINITION_REPRESENTATION(#6317,#6314);
#6313=REPRESENTATION('material name',(#6315),#12108);
#6314=REPRESENTATION('density',(#6310),#12108);
#6315=DESCRIPTIVE_REPRESENTATION_ITEM('\X2\92FC\X0\','\X2\92FC\X0\');
#6316=PROPERTY_DEFINITION('material property','material name',#12118);
#6317=PROPERTY_DEFINITION('material property','density of part',#12118);
#6318=AXIS2_PLACEMENT_3D('',#7679,#6589,#6590);
#6319=AXIS2_PLACEMENT_3D('',#7680,#6591,#6592);
#6320=AXIS2_PLACEMENT_3D('',#7683,#6593,#6594);
#6321=AXIS2_PLACEMENT_3D('',#7686,#6596,#6597);
#6322=AXIS2_PLACEMENT_3D('',#7688,#6598,#6599);
#6323=AXIS2_PLACEMENT_3D('',#7689,#6600,#6601);
#6324=AXIS2_PLACEMENT_3D('',#7691,#6602,#6603);
#6325=AXIS2_PLACEMENT_3D('',#7698,#6608,#6609);
#6326=AXIS2_PLACEMENT_3D('',#7700,#6610,#6611);
#6327=AXIS2_PLACEMENT_3D('',#7702,#6612,#6613);
#6328=AXIS2_PLACEMENT_3D('',#7703,#6614,#6615);
#6329=AXIS2_PLACEMENT_3D('',#7706,#6616,#6617);
#6330=AXIS2_PLACEMENT_3D('',#7710,#6619,#6620);
#6331=AXIS2_PLACEMENT_3D('',#7744,#6623,#6624);
#6332=AXIS2_PLACEMENT_3D('',#7748,#6626,#6627);
#6333=AXIS2_PLACEMENT_3D('',#7752,#6629,#6630);
#6334=AXIS2_PLACEMENT_3D('',#7756,#6632,#6633);
#6335=AXIS2_PLACEMENT_3D('',#7759,#6635,#6636);
#6336=AXIS2_PLACEMENT_3D('',#7761,#6637,#6638);
#6337=AXIS2_PLACEMENT_3D('',#7763,#6639,#6640);
#6338=AXIS2_PLACEMENT_3D('',#7764,#6641,#6642);
#6339=AXIS2_PLACEMENT_3D('',#7785,#6645,#6646);
#6340=AXIS2_PLACEMENT_3D('',#7802,#6648,#6649);
#6341=AXIS2_PLACEMENT_3D('',#7811,#6654,#6655);
#6342=AXIS2_PLACEMENT_3D('',#7815,#6657,#6658);
#6343=AXIS2_PLACEMENT_3D('',#7821,#6662,#6663);
#6344=AXIS2_PLACEMENT_3D('',#7825,#6665,#6666);
#6345=AXIS2_PLACEMENT_3D('',#7826,#6667,#6668);
#6346=AXIS2_PLACEMENT_3D('',#7827,#6669,#6670);
#6347=AXIS2_PLACEMENT_3D('',#7828,#6671,#6672);
#6348=AXIS2_PLACEMENT_3D('',#7830,#6673,#6674);
#6349=AXIS2_PLACEMENT_3D('',#7832,#6675,#6676);
#6350=AXIS2_PLACEMENT_3D('',#7833,#6677,#6678);
#6351=AXIS2_PLACEMENT_3D('',#7834,#6679,#6680);
#6352=AXIS2_PLACEMENT_3D('',#7838,#6682,#6683);
#6353=AXIS2_PLACEMENT_3D('',#7839,#6684,#6685);
#6354=AXIS2_PLACEMENT_3D('',#7840,#6686,#6687);
#6355=AXIS2_PLACEMENT_3D('',#7842,#6688,#6689);
#6356=AXIS2_PLACEMENT_3D('',#7844,#6690,#6691);
#6357=AXIS2_PLACEMENT_3D('',#7845,#6692,#6693);
#6358=AXIS2_PLACEMENT_3D('',#7846,#6694,#6695);
#6359=AXIS2_PLACEMENT_3D('',#7848,#6697,#6698);
#6360=AXIS2_PLACEMENT_3D('',#7849,#6699,#6700);
#6361=AXIS2_PLACEMENT_3D('',#7855,#6704,#6705);
#6362=AXIS2_PLACEMENT_3D('',#7861,#6709,#6710);
#6363=AXIS2_PLACEMENT_3D('',#7867,#6713,#6714);
#6364=AXIS2_PLACEMENT_3D('',#7871,#6716,#6717);
#6365=AXIS2_PLACEMENT_3D('',#7876,#6720,#6721);
#6366=AXIS2_PLACEMENT_3D('',#7879,#6723,#6724);
#6367=AXIS2_PLACEMENT_3D('',#7880,#6725,#6726);
#6368=AXIS2_PLACEMENT_3D('',#7883,#6727,#6728);
#6369=AXIS2_PLACEMENT_3D('',#7888,#6731,#6732);
#6370=AXIS2_PLACEMENT_3D('',#7890,#6734,#6735);
#6371=AXIS2_PLACEMENT_3D('',#7934,#6758,#6759);
#6372=AXIS2_PLACEMENT_3D('',#7938,#6761,#6762);
#6373=AXIS2_PLACEMENT_3D('',#7941,#6764,#6765);
#6374=AXIS2_PLACEMENT_3D('',#7942,#6766,#6767);
#6375=AXIS2_PLACEMENT_3D('',#7946,#6770,#6771);
#6376=AXIS2_PLACEMENT_3D('',#7949,#6772,#6773);
#6377=AXIS2_PLACEMENT_3D('',#7954,#6776,#6777);
#6378=AXIS2_PLACEMENT_3D('',#7956,#6779,#6780);
#6379=AXIS2_PLACEMENT_3D('',#7962,#6784,#6785);
#6380=AXIS2_PLACEMENT_3D('',#7967,#6788,#6789);
#6381=AXIS2_PLACEMENT_3D('',#7969,#6790,#6791);
#6382=AXIS2_PLACEMENT_3D('',#7970,#6792,#6793);
#6383=AXIS2_PLACEMENT_3D('',#7997,#6807,#6808);
#6384=AXIS2_PLACEMENT_3D('',#7999,#6809,#6810);
#6385=AXIS2_PLACEMENT_3D('',#8006,#6813,#6814);
#6386=AXIS2_PLACEMENT_3D('',#8014,#6818,#6819);
#6387=AXIS2_PLACEMENT_3D('',#8022,#6823,#6824);
#6388=AXIS2_PLACEMENT_3D('',#8030,#6828,#6829);
#6389=AXIS2_PLACEMENT_3D('',#8032,#6831,#6832);
#6390=AXIS2_PLACEMENT_3D('',#8034,#6833,#6834);
#6391=AXIS2_PLACEMENT_3D('',#8036,#6836,#6837);
#6392=AXIS2_PLACEMENT_3D('',#8038,#6838,#6839);
#6393=AXIS2_PLACEMENT_3D('',#8040,#6841,#6842);
#6394=AXIS2_PLACEMENT_3D('',#8042,#6844,#6845);
#6395=AXIS2_PLACEMENT_3D('',#8044,#6846,#6847);
#6396=AXIS2_PLACEMENT_3D('',#8047,#6849,#6850);
#6397=AXIS2_PLACEMENT_3D('',#8048,#6851,#6852);
#6398=AXIS2_PLACEMENT_3D('',#8049,#6853,#6854);
#6399=AXIS2_PLACEMENT_3D('',#8052,#6857,#6858);
#6400=AXIS2_PLACEMENT_3D('',#8054,#6860,#6861);
#6401=AXIS2_PLACEMENT_3D('',#8056,#6863,#6864);
#6402=AXIS2_PLACEMENT_3D('',#8873,#6922,#6923);
#6403=AXIS2_PLACEMENT_3D('',#8882,#6928,#6929);
#6404=AXIS2_PLACEMENT_3D('',#8888,#6933,#6934);
#6405=AXIS2_PLACEMENT_3D('',#8892,#6938,#6939);
#6406=AXIS2_PLACEMENT_3D('',#8893,#6940,#6941);
#6407=AXIS2_PLACEMENT_3D('',#8899,#6945,#6946);
#6408=AXIS2_PLACEMENT_3D('',#8905,#6950,#6951);
#6409=AXIS2_PLACEMENT_3D('',#8911,#6955,#6956);
#6410=AXIS2_PLACEMENT_3D('',#8917,#6960,#6961);
#6411=AXIS2_PLACEMENT_3D('',#8920,#6964,#6965);
#6412=AXIS2_PLACEMENT_3D('',#8921,#6966,#6967);
#6413=AXIS2_PLACEMENT_3D('',#8930,#6972,#6973);
#6414=AXIS2_PLACEMENT_3D('',#8936,#6977,#6978);
#6415=AXIS2_PLACEMENT_3D('',#8940,#6982,#6983);
#6416=AXIS2_PLACEMENT_3D('',#8941,#6984,#6985);
#6417=AXIS2_PLACEMENT_3D('',#8947,#6989,#6990);
#6418=AXIS2_PLACEMENT_3D('',#8956,#6995,#6996);
#6419=AXIS2_PLACEMENT_3D('',#8962,#7000,#7001);
#6420=AXIS2_PLACEMENT_3D('',#8965,#7004,#7005);
#6421=AXIS2_PLACEMENT_3D('',#8968,#7008,#7009);
#6422=AXIS2_PLACEMENT_3D('',#8969,#7010,#7011);
#6423=AXIS2_PLACEMENT_3D('',#8975,#7015,#7016);
#6424=AXIS2_PLACEMENT_3D('',#8979,#7019,#7020);
#6425=AXIS2_PLACEMENT_3D('',#8983,#7023,#7024);
#6426=AXIS2_PLACEMENT_3D('',#8985,#7026,#7027);
#6427=AXIS2_PLACEMENT_3D('',#9005,#7030,#7031);
#6428=AXIS2_PLACEMENT_3D('',#9179,#7044,#7045);
#6429=AXIS2_PLACEMENT_3D('',#9334,#7056,#7057);
#6430=AXIS2_PLACEMENT_3D('',#9335,#7058,#7059);
#6431=AXIS2_PLACEMENT_3D('',#9409,#7067,#7068);
#6432=AXIS2_PLACEMENT_3D('',#9481,#7075,#7076);
#6433=AXIS2_PLACEMENT_3D('',#9485,#7079,#7080);
#6434=AXIS2_PLACEMENT_3D('',#9489,#7083,#7084);
#6435=AXIS2_PLACEMENT_3D('',#9493,#7087,#7088);
#6436=AXIS2_PLACEMENT_3D('',#9497,#7091,#7092);
#6437=AXIS2_PLACEMENT_3D('',#9499,#7094,#7095);
#6438=AXIS2_PLACEMENT_3D('',#9587,#7102,#7103);
#6439=AXIS2_PLACEMENT_3D('',#9710,#7113,#7114);
#6440=AXIS2_PLACEMENT_3D('',#9850,#7125,#7126);
#6441=AXIS2_PLACEMENT_3D('',#9973,#7136,#7137);
#6442=AXIS2_PLACEMENT_3D('',#10026,#7142,#7143);
#6443=AXIS2_PLACEMENT_3D('',#10524,#7169,#7170);
#6444=AXIS2_PLACEMENT_3D('',#10525,#7171,#7172);
#6445=AXIS2_PLACEMENT_3D('',#10672,#7183,#7184);
#6446=AXIS2_PLACEMENT_3D('',#10678,#7188,#7189);
#6447=AXIS2_PLACEMENT_3D('',#10785,#7199,#7200);
#6448=AXIS2_PLACEMENT_3D('',#10789,#7203,#7204);
#6449=AXIS2_PLACEMENT_3D('',#10793,#7207,#7208);
#6450=AXIS2_PLACEMENT_3D('',#10795,#7210,#7211);
#6451=AXIS2_PLACEMENT_3D('',#10932,#7220,#7221);
#6452=AXIS2_PLACEMENT_3D('',#10933,#7222,#7223);
#6453=AXIS2_PLACEMENT_3D('',#11007,#7231,#7232);
#6454=AXIS2_PLACEMENT_3D('',#11011,#7235,#7236);
#6455=AXIS2_PLACEMENT_3D('',#11015,#7239,#7240);
#6456=AXIS2_PLACEMENT_3D('',#11087,#7247,#7248);
#6457=AXIS2_PLACEMENT_3D('',#11091,#7251,#7252);
#6458=AXIS2_PLACEMENT_3D('',#11095,#7255,#7256);
#6459=AXIS2_PLACEMENT_3D('',#11235,#7267,#7268);
#6460=AXIS2_PLACEMENT_3D('',#11239,#7271,#7272);
#6461=AXIS2_PLACEMENT_3D('',#11243,#7275,#7276);
#6462=AXIS2_PLACEMENT_3D('',#11247,#7279,#7280);
#6463=AXIS2_PLACEMENT_3D('',#11251,#7283,#7284);
#6464=AXIS2_PLACEMENT_3D('',#11253,#7286,#7287);
#6465=AXIS2_PLACEMENT_3D('',#11254,#7288,#7289);
#6466=AXIS2_PLACEMENT_3D('',#11255,#7290,#7291);
#6467=AXIS2_PLACEMENT_3D('',#11736,#7316,#7317);
#6468=AXIS2_PLACEMENT_3D('',#11737,#7318,#7319);
#6469=AXIS2_PLACEMENT_3D('',#11743,#7323,#7324);
#6470=AXIS2_PLACEMENT_3D('',#11747,#7327,#7328);
#6471=AXIS2_PLACEMENT_3D('',#11751,#7331,#7332);
#6472=AXIS2_PLACEMENT_3D('',#11755,#7335,#7336);
#6473=AXIS2_PLACEMENT_3D('',#11759,#7339,#7340);
#6474=AXIS2_PLACEMENT_3D('',#11761,#7342,#7343);
#6475=AXIS2_PLACEMENT_3D('',#11762,#7344,#7345);
#6476=AXIS2_PLACEMENT_3D('',#11768,#7349,#7350);
#6477=AXIS2_PLACEMENT_3D('',#11772,#7353,#7354);
#6478=AXIS2_PLACEMENT_3D('',#11810,#7359,#7360);
#6479=AXIS2_PLACEMENT_3D('',#11848,#7365,#7366);
#6480=AXIS2_PLACEMENT_3D('',#11852,#7369,#7370);
#6481=AXIS2_PLACEMENT_3D('',#11856,#7373,#7374);
#6482=AXIS2_PLACEMENT_3D('',#11860,#7377,#7378);
#6483=AXIS2_PLACEMENT_3D('',#11862,#7380,#7381);
#6484=AXIS2_PLACEMENT_3D('',#11863,#7382,#7383);
#6485=AXIS2_PLACEMENT_3D('',#11864,#7384,#7385);
#6486=AXIS2_PLACEMENT_3D('',#11870,#7389,#7390);
#6487=AXIS2_PLACEMENT_3D('',#11874,#7393,#7394);
#6488=AXIS2_PLACEMENT_3D('',#11876,#7396,#7397);
#6489=AXIS2_PLACEMENT_3D('',#11877,#7398,#7399);
#6490=AXIS2_PLACEMENT_3D('',#11879,#7400,#7401);
#6491=AXIS2_PLACEMENT_3D('',#11881,#7403,#7404);
#6492=AXIS2_PLACEMENT_3D('',#11882,#7405,#7406);
#6493=AXIS2_PLACEMENT_3D('',#11884,#7407,#7408);
#6494=AXIS2_PLACEMENT_3D('',#11886,#7410,#7411);
#6495=AXIS2_PLACEMENT_3D('',#11887,#7412,#7413);
#6496=AXIS2_PLACEMENT_3D('',#11889,#7414,#7415);
#6497=AXIS2_PLACEMENT_3D('',#11893,#7417,#7418);
#6498=AXIS2_PLACEMENT_3D('',#11895,#7419,#7420);
#6499=AXIS2_PLACEMENT_3D('',#11896,#7421,#7422);
#6500=AXIS2_PLACEMENT_3D('',#11897,#7423,#7424);
#6501=AXIS2_PLACEMENT_3D('',#11898,#7425,#7426);
#6502=AXIS2_PLACEMENT_3D('',#11900,#7427,#7428);
#6503=AXIS2_PLACEMENT_3D('',#11904,#7430,#7431);
#6504=AXIS2_PLACEMENT_3D('',#11906,#7432,#7433);
#6505=AXIS2_PLACEMENT_3D('',#11907,#7434,#7435);
#6506=AXIS2_PLACEMENT_3D('',#11908,#7436,#7437);
#6507=AXIS2_PLACEMENT_3D('',#11909,#7438,#7439);
#6508=AXIS2_PLACEMENT_3D('',#11915,#7443,#7444);
#6509=AXIS2_PLACEMENT_3D('',#11918,#7447,#7448);
#6510=AXIS2_PLACEMENT_3D('',#11920,#7450,#7451);
#6511=AXIS2_PLACEMENT_3D('',#11924,#7454,#7455);
#6512=AXIS2_PLACEMENT_3D('',#11928,#7458,#7459);
#6513=AXIS2_PLACEMENT_3D('',#11932,#7462,#7463);
#6514=AXIS2_PLACEMENT_3D('',#11934,#7464,#7465);
#6515=AXIS2_PLACEMENT_3D('',#11936,#7467,#7468);
#6516=AXIS2_PLACEMENT_3D('',#11938,#7470,#7471);
#6517=AXIS2_PLACEMENT_3D('',#11944,#7475,#7476);
#6518=AXIS2_PLACEMENT_3D('',#11947,#7479,#7480);
#6519=AXIS2_PLACEMENT_3D('',#11949,#7482,#7483);
#6520=AXIS2_PLACEMENT_3D('',#11953,#7486,#7487);
#6521=AXIS2_PLACEMENT_3D('',#11957,#7490,#7491);
#6522=AXIS2_PLACEMENT_3D('',#11961,#7494,#7495);
#6523=AXIS2_PLACEMENT_3D('',#11963,#7496,#7497);
#6524=AXIS2_PLACEMENT_3D('',#11965,#7499,#7500);
#6525=AXIS2_PLACEMENT_3D('',#11967,#7502,#7503);
#6526=AXIS2_PLACEMENT_3D('',#11973,#7507,#7508);
#6527=AXIS2_PLACEMENT_3D('',#11976,#7511,#7512);
#6528=AXIS2_PLACEMENT_3D('',#11982,#7516,#7517);
#6529=AXIS2_PLACEMENT_3D('',#11985,#7520,#7521);
#6530=AXIS2_PLACEMENT_3D('',#11991,#7525,#7526);
#6531=AXIS2_PLACEMENT_3D('',#11995,#7529,#7530);
#6532=AXIS2_PLACEMENT_3D('',#11999,#7533,#7534);
#6533=AXIS2_PLACEMENT_3D('',#12001,#7536,#7537);
#6534=AXIS2_PLACEMENT_3D('',#12004,#7540,#7541);
#6535=AXIS2_PLACEMENT_3D('',#12006,#7543,#7544);
#6536=AXIS2_PLACEMENT_3D('',#12007,#7545,#7546);
#6537=AXIS2_PLACEMENT_3D('',#12008,#7547,#7548);
#6538=AXIS2_PLACEMENT_3D('',#12010,#7550,#7551);
#6539=AXIS2_PLACEMENT_3D('',#12011,#7552,#7553);
#6540=AXIS2_PLACEMENT_3D('',#12012,#7554,#7555);
#6541=AXIS2_PLACEMENT_3D('',#12014,#7556,#7557);
#6542=AXIS2_PLACEMENT_3D('',#12016,#7558,#7559);
#6543=AXIS2_PLACEMENT_3D('',#12017,#7560,#7561);
#6544=AXIS2_PLACEMENT_3D('',#12019,#7562,#7563);
#6545=AXIS2_PLACEMENT_3D('',#12021,#7564,#7565);
#6546=AXIS2_PLACEMENT_3D('',#12022,#7566,#7567);
#6547=AXIS2_PLACEMENT_3D('',#12023,#7568,#7569);
#6548=AXIS2_PLACEMENT_3D('',#12027,#7571,#7572);
#6549=AXIS2_PLACEMENT_3D('',#12029,#7574,#7575);
#6550=AXIS2_PLACEMENT_3D('',#12033,#7578,#7579);
#6551=AXIS2_PLACEMENT_3D('',#12036,#7581,#7582);
#6552=AXIS2_PLACEMENT_3D('',#12037,#7583,#7584);
#6553=AXIS2_PLACEMENT_3D('',#12039,#7586,#7587);
#6554=AXIS2_PLACEMENT_3D('',#12042,#7589,#7590);
#6555=AXIS2_PLACEMENT_3D('',#12045,#7592,#7593);
#6556=AXIS2_PLACEMENT_3D('',#12046,#7594,#7595);
#6557=AXIS2_PLACEMENT_3D('',#12051,#7599,#7600);
#6558=AXIS2_PLACEMENT_3D('',#12053,#7601,#7602);
#6559=AXIS2_PLACEMENT_3D('',#12055,#7604,#7605);
#6560=AXIS2_PLACEMENT_3D('',#12056,#7606,#7607);
#6561=AXIS2_PLACEMENT_3D('',#12058,#7609,#7610);
#6562=AXIS2_PLACEMENT_3D('',#12059,#7611,#7612);
#6563=AXIS2_PLACEMENT_3D('',#12060,#7613,#7614);
#6564=AXIS2_PLACEMENT_3D('',#12064,#7616,#7617);
#6565=AXIS2_PLACEMENT_3D('',#12066,#7619,#7620);
#6566=AXIS2_PLACEMENT_3D('',#12070,#7623,#7624);
#6567=AXIS2_PLACEMENT_3D('',#12071,#7625,#7626);
#6568=AXIS2_PLACEMENT_3D('',#12072,#7627,#7628);
#6569=AXIS2_PLACEMENT_3D('',#12073,#7629,#7630);
#6570=AXIS2_PLACEMENT_3D('',#12074,#7631,#7632);
#6571=AXIS2_PLACEMENT_3D('',#12076,#7634,#7635);
#6572=AXIS2_PLACEMENT_3D('',#12078,#7637,#7638);
#6573=AXIS2_PLACEMENT_3D('',#12080,#7640,#7641);
#6574=AXIS2_PLACEMENT_3D('',#12083,#7643,#7644);
#6575=AXIS2_PLACEMENT_3D('',#12084,#7645,#7646);
#6576=AXIS2_PLACEMENT_3D('',#12085,#7647,#7648);
#6577=AXIS2_PLACEMENT_3D('',#12089,#7651,#7652);
#6578=AXIS2_PLACEMENT_3D('',#12090,#7653,#7654);
#6579=AXIS2_PLACEMENT_3D('',#12091,#7655,#7656);
#6580=AXIS2_PLACEMENT_3D('',#12094,#7658,#7659);
#6581=AXIS2_PLACEMENT_3D('',#12095,#7660,#7661);
#6582=AXIS2_PLACEMENT_3D('',#12096,#7662,#7663);
#6583=AXIS2_PLACEMENT_3D('',#12098,#7665,#7666);
#6584=AXIS2_PLACEMENT_3D('',#12100,#7668,#7669);
#6585=AXIS2_PLACEMENT_3D('',#12101,#7670,#7671);
#6586=AXIS2_PLACEMENT_3D('',#12103,#7673,#7674);
#6587=AXIS2_PLACEMENT_3D('',#12104,#7675,#7676);
#6588=AXIS2_PLACEMENT_3D('',#12105,#7677,#7678);
#6589=DIRECTION('axis',(0.,0.,1.));
#6590=DIRECTION('refdir',(1.,0.,0.));
#6591=DIRECTION('center_axis',(0.,0.,-1.));
#6592=DIRECTION('ref_axis',(-1.,0.,0.));
#6593=DIRECTION('center_axis',(0.,0.,1.));
#6594=DIRECTION('ref_axis',(-1.,0.,0.));
#6595=DIRECTION('',(-1.,0.,0.));
#6596=DIRECTION('center_axis',(0.,0.,1.));
#6597=DIRECTION('ref_axis',(-1.,0.,0.));
#6598=DIRECTION('center_axis',(0.,0.,1.));
#6599=DIRECTION('ref_axis',(1.,0.,0.));
#6600=DIRECTION('center_axis',(0.,0.,-1.));
#6601=DIRECTION('ref_axis',(-1.,0.,0.));
#6602=DIRECTION('center_axis',(0.,0.,1.));
#6603=DIRECTION('ref_axis',(-1.,0.,0.));
#6604=DIRECTION('',(0.,0.,1.));
#6605=DIRECTION('',(0.,0.,1.));
#6606=DIRECTION('',(-1.,0.,0.));
#6607=DIRECTION('',(0.,0.,1.));
#6608=DIRECTION('center_axis',(0.,0.,-1.));
#6609=DIRECTION('ref_axis',(-1.,0.,0.));
#6610=DIRECTION('center_axis',(0.,0.,1.));
#6611=DIRECTION('ref_axis',(-1.,0.,0.));
#6612=DIRECTION('center_axis',(0.,0.,1.));
#6613=DIRECTION('ref_axis',(1.,0.,0.));
#6614=DIRECTION('center_axis',(0.,0.,1.));
#6615=DIRECTION('ref_axis',(0.707106781186547,0.707106781186547,0.));
#6616=DIRECTION('center_axis',(0.,0.,-1.));
#6617=DIRECTION('ref_axis',(0.707106781186547,0.707106781186547,0.));
#6618=DIRECTION('',(0.,0.,-1.));
#6619=DIRECTION('center_axis',(0.,0.,1.));
#6620=DIRECTION('ref_axis',(0.707106781186547,0.707106781186547,0.));
#6621=DIRECTION('',(0.,0.,1.));
#6622=DIRECTION('',(0.,0.,1.));
#6623=DIRECTION('center_axis',(0.,0.,-1.));
#6624=DIRECTION('ref_axis',(-1.,0.,0.));
#6625=DIRECTION('',(0.,-1.,0.));
#6626=DIRECTION('center_axis',(0.,0.,1.));
#6627=DIRECTION('ref_axis',(0.707106781186547,-0.707106781186547,0.));
#6628=DIRECTION('',(-1.,0.,0.));
#6629=DIRECTION('center_axis',(0.,0.,1.));
#6630=DIRECTION('ref_axis',(-0.707106781186547,-0.707106781186547,0.));
#6631=DIRECTION('',(0.,1.,0.));
#6632=DIRECTION('center_axis',(0.,0.,1.));
#6633=DIRECTION('ref_axis',(-0.707106781186547,0.707106781186547,0.));
#6634=DIRECTION('',(1.,0.,0.));
#6635=DIRECTION('center_axis',(0.,0.,1.));
#6636=DIRECTION('ref_axis',(-1.,0.,0.));
#6637=DIRECTION('center_axis',(0.,0.,1.));
#6638=DIRECTION('ref_axis',(-1.,0.,0.));
#6639=DIRECTION('center_axis',(0.,0.,1.));
#6640=DIRECTION('ref_axis',(-1.,0.,0.));
#6641=DIRECTION('center_axis',(0.,0.,1.));
#6642=DIRECTION('ref_axis',(-0.707106781186547,0.707106781186547,0.));
#6643=DIRECTION('',(0.,0.,-1.));
#6644=DIRECTION('',(0.,0.,1.));
#6645=DIRECTION('center_axis',(0.,0.,-1.));
#6646=DIRECTION('ref_axis',(-0.707106781186547,0.707106781186547,0.));
#6647=DIRECTION('',(0.,0.,-1.));
#6648=DIRECTION('center_axis',(0.,0.,1.));
#6649=DIRECTION('ref_axis',(1.,0.,0.));
#6650=DIRECTION('',(-1.,0.,0.));
#6651=DIRECTION('',(0.,-1.,0.));
#6652=DIRECTION('',(1.,0.,0.));
#6653=DIRECTION('',(0.,1.,0.));
#6654=DIRECTION('center_axis',(0.,0.,1.));
#6655=DIRECTION('ref_axis',(-0.707106781186547,0.707106781186548,0.));
#6656=DIRECTION('',(1.,0.,0.));
#6657=DIRECTION('center_axis',(0.,0.,1.));
#6658=DIRECTION('ref_axis',(0.707106781186547,0.707106781186548,0.));
#6659=DIRECTION('',(0.,-1.,0.));
#6660=DIRECTION('',(1.,0.,0.));
#6661=DIRECTION('',(0.,1.,0.));
#6662=DIRECTION('center_axis',(-1.38777878078144E-15,-1.,0.));
#6663=DIRECTION('ref_axis',(1.,-1.38777878078144E-15,0.));
#6664=DIRECTION('',(1.38777878078144E-15,1.,0.));
#6665=DIRECTION('center_axis',(1.05356763564868E-14,-1.,0.));
#6666=DIRECTION('ref_axis',(1.,1.05356763564868E-14,0.));
#6667=DIRECTION('center_axis',(1.05356763564868E-14,-1.,0.));
#6668=DIRECTION('ref_axis',(1.,1.05356763564868E-14,0.));
#6669=DIRECTION('center_axis',(0.,-1.,0.));
#6670=DIRECTION('ref_axis',(1.,-1.38777878078144E-15,0.));
#6671=DIRECTION('center_axis',(0.,0.,1.));
#6672=DIRECTION('ref_axis',(1.,0.,0.));
#6673=DIRECTION('center_axis',(0.,0.,-1.));
#6674=DIRECTION('ref_axis',(1.,0.,0.));
#6675=DIRECTION('center_axis',(-1.,-5.26783817824338E-15,0.));
#6676=DIRECTION('ref_axis',(5.26783817824338E-15,-1.,0.));
#6677=DIRECTION('center_axis',(-1.,-5.26783817824338E-15,0.));
#6678=DIRECTION('ref_axis',(5.26783817824338E-15,-1.,0.));
#6679=DIRECTION('center_axis',(-1.,0.,0.));
#6680=DIRECTION('ref_axis',(0.,-1.,0.));
#6681=DIRECTION('',(1.,0.,0.));
#6682=DIRECTION('center_axis',(-1.,-5.26783817824338E-15,0.));
#6683=DIRECTION('ref_axis',(5.26783817824338E-15,-1.,0.));
#6684=DIRECTION('center_axis',(-1.,-5.26783817824338E-15,0.));
#6685=DIRECTION('ref_axis',(5.26783817824338E-15,-1.,0.));
#6686=DIRECTION('center_axis',(0.,0.,1.));
#6687=DIRECTION('ref_axis',(1.,0.,0.));
#6688=DIRECTION('center_axis',(0.,0.,-1.));
#6689=DIRECTION('ref_axis',(1.,0.,0.));
#6690=DIRECTION('center_axis',(0.,1.,0.));
#6691=DIRECTION('ref_axis',(-1.,0.,0.));
#6692=DIRECTION('center_axis',(0.,1.,0.));
#6693=DIRECTION('ref_axis',(-1.,0.,0.));
#6694=DIRECTION('center_axis',(-1.38777878078144E-15,1.,0.));
#6695=DIRECTION('ref_axis',(-1.,-1.38777878078144E-15,0.));
#6696=DIRECTION('',(1.38777878078144E-15,-1.,0.));
#6697=DIRECTION('center_axis',(0.,-1.,0.));
#6698=DIRECTION('ref_axis',(-1.,-1.38777878078144E-15,0.));
#6699=DIRECTION('center_axis',(0.,1.,0.));
#6700=DIRECTION('ref_axis',(-1.,0.,0.));
#6701=DIRECTION('',(0.,0.,1.));
#6702=DIRECTION('',(-1.,0.,0.));
#6703=DIRECTION('',(0.,0.,1.));
#6704=DIRECTION('center_axis',(0.,1.,0.));
#6705=DIRECTION('ref_axis',(-1.,0.,0.));
#6706=DIRECTION('',(0.,0.,1.));
#6707=DIRECTION('',(-1.,0.,0.));
#6708=DIRECTION('',(0.,0.,1.));
#6709=DIRECTION('center_axis',(0.,0.,1.));
#6710=DIRECTION('ref_axis',(1.,0.,0.));
#6711=DIRECTION('',(0.,1.,0.));
#6712=DIRECTION('',(0.,-1.,0.));
#6713=DIRECTION('center_axis',(0.,0.,1.));
#6714=DIRECTION('ref_axis',(-1.,-1.77635683940025E-15,0.));
#6715=DIRECTION('',(1.,0.,0.));
#6716=DIRECTION('center_axis',(0.,0.,1.));
#6717=DIRECTION('ref_axis',(1.77635683940025E-15,-1.,0.));
#6718=DIRECTION('',(0.,1.,0.));
#6719=DIRECTION('',(0.,-1.,0.));
#6720=DIRECTION('center_axis',(0.,0.,-1.));
#6721=DIRECTION('ref_axis',(9.65411325761E-16,-1.,0.));
#6722=DIRECTION('',(-1.,0.,0.));
#6723=DIRECTION('center_axis',(0.,0.,-1.));
#6724=DIRECTION('ref_axis',(-1.,-3.86164530304402E-15,0.));
#6725=DIRECTION('center_axis',(0.,0.,1.));
#6726=DIRECTION('ref_axis',(0.707106781186547,0.707106781186548,0.));
#6727=DIRECTION('center_axis',(0.,0.,1.));
#6728=DIRECTION('ref_axis',(0.707106781186547,0.707106781186548,0.));
#6729=DIRECTION('',(0.,0.,1.));
#6730=DIRECTION('',(0.,0.,-1.));
#6731=DIRECTION('center_axis',(0.,0.,1.));
#6732=DIRECTION('ref_axis',(0.707106781186547,0.707106781186548,0.));
#6733=DIRECTION('',(0.,0.,-1.));
#6734=DIRECTION('center_axis',(-1.,0.,0.));
#6735=DIRECTION('ref_axis',(0.,-1.,0.));
#6736=DIRECTION('',(0.,-1.,0.));
#6737=DIRECTION('',(0.,0.,-1.));
#6738=DIRECTION('',(0.,-1.,0.));
#6739=DIRECTION('',(0.,0.,-1.));
#6740=DIRECTION('',(0.,-1.,0.));
#6741=DIRECTION('',(0.,0.,1.));
#6742=DIRECTION('',(0.,-1.,0.));
#6743=DIRECTION('',(0.,0.,1.));
#6744=DIRECTION('',(0.,-1.,0.));
#6745=DIRECTION('',(0.,0.,-1.));
#6746=DIRECTION('',(0.,-1.,0.));
#6747=DIRECTION('',(0.,0.,-1.));
#6748=DIRECTION('',(0.,-1.,0.));
#6749=DIRECTION('',(0.,0.,-1.));
#6750=DIRECTION('',(0.,-1.,0.));
#6751=DIRECTION('',(0.,0.,1.));
#6752=DIRECTION('',(0.,1.,0.));
#6753=DIRECTION('',(0.,0.,-1.));
#6754=DIRECTION('',(0.,-1.,0.));
#6755=DIRECTION('',(0.,0.,-1.));
#6756=DIRECTION('',(0.,1.,0.));
#6757=DIRECTION('',(0.,0.,1.));
#6758=DIRECTION('center_axis',(0.,0.,1.));
#6759=DIRECTION('ref_axis',(1.,0.,0.));
#6760=DIRECTION('',(-1.,0.,0.));
#6761=DIRECTION('center_axis',(0.,0.,1.));
#6762=DIRECTION('ref_axis',(1.,0.,0.));
#6763=DIRECTION('',(1.,0.,0.));
#6764=DIRECTION('center_axis',(0.,0.,-1.));
#6765=DIRECTION('ref_axis',(1.,0.,0.));
#6766=DIRECTION('center_axis',(0.,1.,0.));
#6767=DIRECTION('ref_axis',(1.,0.,0.));
#6768=DIRECTION('',(-1.,0.,0.));
#6769=DIRECTION('',(0.,0.,-1.));
#6770=DIRECTION('center_axis',(0.,0.,1.));
#6771=DIRECTION('ref_axis',(-0.707106781186547,0.707106781186548,0.));
#6772=DIRECTION('center_axis',(0.,0.,1.));
#6773=DIRECTION('ref_axis',(-0.707106781186547,0.707106781186548,0.));
#6774=DIRECTION('',(0.,0.,1.));
#6775=DIRECTION('',(0.,0.,-1.));
#6776=DIRECTION('center_axis',(0.,0.,1.));
#6777=DIRECTION('ref_axis',(-0.707106781186547,0.707106781186548,0.));
#6778=DIRECTION('',(0.,0.,1.));
#6779=DIRECTION('center_axis',(0.,1.,0.));
#6780=DIRECTION('ref_axis',(1.,0.,0.));
#6781=DIRECTION('',(1.,0.,0.));
#6782=DIRECTION('',(0.,0.,-1.));
#6783=DIRECTION('',(-1.,0.,0.));
#6784=DIRECTION('center_axis',(0.,0.,1.));
#6785=DIRECTION('ref_axis',(1.,0.,0.));
#6786=DIRECTION('',(0.,1.,0.));
#6787=DIRECTION('',(-1.,0.,0.));
#6788=DIRECTION('center_axis',(0.,0.,1.));
#6789=DIRECTION('ref_axis',(1.,0.,0.));
#6790=DIRECTION('center_axis',(0.,0.,-1.));
#6791=DIRECTION('ref_axis',(1.,0.,0.));
#6792=DIRECTION('center_axis',(1.,0.,0.));
#6793=DIRECTION('ref_axis',(0.,1.,0.));
#6794=DIRECTION('',(0.,0.,1.));
#6795=DIRECTION('',(0.,1.,0.));
#6796=DIRECTION('',(0.,0.,1.));
#6797=DIRECTION('',(0.,1.,0.));
#6798=DIRECTION('',(0.,0.,1.));
#6799=DIRECTION('',(0.,1.,0.));
#6800=DIRECTION('',(0.,0.,-1.));
#6801=DIRECTION('',(0.,1.,0.));
#6802=DIRECTION('',(0.,0.,-1.));
#6803=DIRECTION('',(0.,1.,0.));
#6804=DIRECTION('',(0.,0.,1.));
#6805=DIRECTION('',(0.,1.,0.));
#6806=DIRECTION('',(0.,0.,1.));
#6807=DIRECTION('center_axis',(-1.,0.,0.));
#6808=DIRECTION('ref_axis',(0.,0.,-1.));
#6809=DIRECTION('center_axis',(-1.,0.,0.));
#6810=DIRECTION('ref_axis',(0.,0.,-1.));
#6811=DIRECTION('',(0.,0.,1.));
#6812=DIRECTION('',(0.,1.,-2.12605510565906E-16));
#6813=DIRECTION('center_axis',(1.,0.,0.));
#6814=DIRECTION('ref_axis',(0.,0.,1.));
#6815=DIRECTION('',(0.,-1.,4.07493895251319E-16));
#6816=DIRECTION('',(0.,0.,1.));
#6817=DIRECTION('',(0.,1.,-1.31652527709551E-16));
#6818=DIRECTION('center_axis',(-1.,0.,0.));
#6819=DIRECTION('ref_axis',(0.,0.,1.));
#6820=DIRECTION('',(0.,-1.,2.63305055419101E-16));
#6821=DIRECTION('',(0.,9.25185853854301E-16,-1.));
#6822=DIRECTION('',(0.,-1.,7.08685035219685E-17));
#6823=DIRECTION('center_axis',(1.,0.,0.));
#6824=DIRECTION('ref_axis',(0.,0.,1.));
#6825=DIRECTION('',(0.,1.,1.41737007043937E-16));
#6826=DIRECTION('',(0.,9.25185853854293E-16,-1.));
#6827=DIRECTION('',(0.,-1.,0.));
#6828=DIRECTION('center_axis',(-1.,0.,0.));
#6829=DIRECTION('ref_axis',(0.,0.,1.));
#6830=DIRECTION('',(0.,1.,-2.46848489455407E-16));
#6831=DIRECTION('center_axis',(0.,0.,-1.));
#6832=DIRECTION('ref_axis',(-0.707106781186547,-0.707106781186548,0.));
#6833=DIRECTION('center_axis',(0.,0.,1.));
#6834=DIRECTION('ref_axis',(-0.707106781186547,-0.707106781186548,0.));
#6835=DIRECTION('',(0.,0.,-1.));
#6836=DIRECTION('center_axis',(0.,0.,1.));
#6837=DIRECTION('ref_axis',(0.707106781186547,-0.707106781186548,0.));
#6838=DIRECTION('center_axis',(0.,0.,1.));
#6839=DIRECTION('ref_axis',(0.707106781186547,-0.707106781186548,0.));
#6840=DIRECTION('',(0.,0.,1.));
#6841=DIRECTION('center_axis',(0.,0.,-1.));
#6842=DIRECTION('ref_axis',(-1.,0.,0.));
#6843=DIRECTION('',(-1.,0.,0.));
#6844=DIRECTION('center_axis',(0.,0.,-1.));
#6845=DIRECTION('ref_axis',(-1.,0.,0.));
#6846=DIRECTION('center_axis',(0.,0.,-1.));
#6847=DIRECTION('ref_axis',(-1.,0.,0.));
#6848=DIRECTION('',(1.,0.,0.));
#6849=DIRECTION('center_axis',(0.,0.,-1.));
#6850=DIRECTION('ref_axis',(-1.,0.,0.));
#6851=DIRECTION('center_axis',(0.,0.,-1.));
#6852=DIRECTION('ref_axis',(-1.,0.,0.));
#6853=DIRECTION('center_axis',(0.,0.,-1.));
#6854=DIRECTION('ref_axis',(-0.707106781186547,-0.707106781186547,0.));
#6855=DIRECTION('',(0.,0.,1.));
#6856=DIRECTION('',(0.,0.,-1.));
#6857=DIRECTION('center_axis',(0.,-1.,0.));
#6858=DIRECTION('ref_axis',(1.,0.,0.));
#6859=DIRECTION('',(0.,0.,-1.));
#6860=DIRECTION('center_axis',(0.,0.,1.));
#6861=DIRECTION('ref_axis',(0.707106781186547,-0.707106781186547,0.));
#6862=DIRECTION('',(0.,0.,1.));
#6863=DIRECTION('center_axis',(1.,0.,0.));
#6864=DIRECTION('ref_axis',(0.,1.,0.));
#6865=DIRECTION('',(0.,0.,-1.));
#6866=DIRECTION('',(0.,-1.,0.));
#6867=DIRECTION('',(0.,0.,1.));
#6868=DIRECTION('',(0.,1.,0.));
#6869=DIRECTION('',(0.,-0.591981939259638,-0.805951229039573));
#6870=DIRECTION('',(0.,0.50798446019716,-0.861366233490842));
#6871=DIRECTION('',(0.,0.,-1.));
#6872=DIRECTION('',(0.,-1.,0.));
#6873=DIRECTION('',(0.,0.,1.));
#6874=DIRECTION('',(0.,1.,0.));
#6875=DIRECTION('',(0.,0.130194617370323,-0.991488457627115));
#6876=DIRECTION('',(0.,1.,0.));
#6877=DIRECTION('',(0.,-0.186227356945838,-0.982506677598156));
#6878=DIRECTION('',(0.,0.638335849513774,0.769757977045726));
#6879=DIRECTION('',(0.,-0.921635618410727,0.388056422285054));
#6880=DIRECTION('',(0.,-0.622135584162714,-0.782909518985763));
#6881=DIRECTION('',(0.,0.929164249102507,-0.369667145131637));
#6882=DIRECTION('',(0.,-1.,0.));
#6883=DIRECTION('',(0.,0.,1.));
#6884=DIRECTION('',(0.,1.,0.));
#6885=DIRECTION('',(0.,0.,-1.));
#6886=DIRECTION('',(0.,-1.,0.));
#6887=DIRECTION('',(0.,0.,1.));
#6888=DIRECTION('',(0.,1.,0.));
#6889=DIRECTION('',(0.,0.177682183530297,-0.984087923742541));
#6890=DIRECTION('',(0.,1.,0.));
#6891=DIRECTION('',(0.,0.,-1.));
#6892=DIRECTION('',(0.,-1.,0.));
#6893=DIRECTION('',(0.,0.,1.));
#6894=DIRECTION('',(0.,0.,-1.));
#6895=DIRECTION('',(0.,-1.,0.));
#6896=DIRECTION('',(0.,0.,1.));
#6897=DIRECTION('',(0.,-1.,0.));
#6898=DIRECTION('',(0.,0.,1.));
#6899=DIRECTION('',(0.,1.,0.));
#6900=DIRECTION('',(0.,0.,-1.));
#6901=DIRECTION('',(0.,0.,1.));
#6902=DIRECTION('',(0.,1.,0.));
#6903=DIRECTION('',(0.,0.,-1.));
#6904=DIRECTION('',(0.,-1.,0.));
#6905=DIRECTION('',(0.,-1.,0.));
#6906=DIRECTION('',(0.,0.890434682196081,0.455111059789108));
#6907=DIRECTION('',(0.,0.,-1.));
#6908=DIRECTION('',(0.,-0.286758010021477,-0.958003049936963));
#6909=DIRECTION('',(0.,-1.,0.));
#6910=DIRECTION('',(0.,-0.286757977267747,0.9580030597411));
#6911=DIRECTION('',(0.,1.,0.));
#6912=DIRECTION('',(0.,0.242535587770229,-0.970142509461857));
#6913=DIRECTION('',(0.,1.,0.));
#6914=DIRECTION('',(0.,0.239847225791773,0.970810644914852));
#6915=DIRECTION('',(0.,1.,0.));
#6916=DIRECTION('',(0.,-8.6157944194862E-17,-1.));
#6917=DIRECTION('',(0.,-1.,0.));
#6918=DIRECTION('',(0.,0.,1.));
#6919=DIRECTION('',(0.,1.,0.));
#6920=DIRECTION('',(0.,-8.68819362173007E-17,-1.));
#6921=DIRECTION('',(0.,1.,0.));
#6922=DIRECTION('center_axis',(0.,-1.,-1.11022302462516E-15));
#6923=DIRECTION('ref_axis',(0.,1.11022302462516E-15,-1.));
#6924=DIRECTION('',(0.,1.11022302462516E-15,-1.));
#6925=DIRECTION('',(1.,0.,0.));
#6926=DIRECTION('',(0.,1.11022302462516E-15,-1.));
#6927=DIRECTION('',(1.,0.,0.));
#6928=DIRECTION('center_axis',(0.,0.447213595499957,0.894427190999916));
#6929=DIRECTION('ref_axis',(0.,-0.894427190999916,0.447213595499957));
#6930=DIRECTION('',(0.,-0.894427190999916,0.447213595499957));
#6931=DIRECTION('',(1.,0.,0.));
#6932=DIRECTION('',(0.,-0.894427190999916,0.447213595499957));
#6933=DIRECTION('center_axis',(0.,0.447213595499959,-0.894427190999915));
#6934=DIRECTION('ref_axis',(0.,0.894427190999915,0.447213595499959));
#6935=DIRECTION('',(0.,0.894427190999915,0.447213595499959));
#6936=DIRECTION('',(0.,0.894427190999915,0.447213595499959));
#6937=DIRECTION('',(1.,0.,0.));
#6938=DIRECTION('center_axis',(1.,0.,0.));
#6939=DIRECTION('ref_axis',(0.,0.,-1.));
#6940=DIRECTION('center_axis',(0.,-1.,0.));
#6941=DIRECTION('ref_axis',(0.,0.,-1.));
#6942=DIRECTION('',(0.,0.,-1.));
#6943=DIRECTION('',(1.,0.,0.));
#6944=DIRECTION('',(0.,0.,-1.));
#6945=DIRECTION('center_axis',(0.,0.,-1.));
#6946=DIRECTION('ref_axis',(0.,1.,0.));
#6947=DIRECTION('',(0.,1.,0.));
#6948=DIRECTION('',(0.,1.,0.));
#6949=DIRECTION('',(1.,0.,0.));
#6950=DIRECTION('center_axis',(0.,-1.,0.));
#6951=DIRECTION('ref_axis',(0.,0.,-1.));
#6952=DIRECTION('',(0.,0.,-1.));
#6953=DIRECTION('',(1.,0.,0.));
#6954=DIRECTION('',(0.,0.,-1.));
#6955=DIRECTION('center_axis',(0.,0.,1.));
#6956=DIRECTION('ref_axis',(0.,-1.,0.));
#6957=DIRECTION('',(0.,-1.,0.));
#6958=DIRECTION('',(1.,0.,0.));
#6959=DIRECTION('',(0.,-1.,0.));
#6960=DIRECTION('center_axis',(0.,1.,0.));
#6961=DIRECTION('ref_axis',(0.,0.,1.));
#6962=DIRECTION('',(0.,0.,1.));
#6963=DIRECTION('',(0.,0.,1.));
#6964=DIRECTION('center_axis',(1.,0.,0.));
#6965=DIRECTION('ref_axis',(0.,0.,-1.));
#6966=DIRECTION('center_axis',(0.,1.,0.));
#6967=DIRECTION('ref_axis',(0.,0.,1.));
#6968=DIRECTION('',(0.,0.,1.));
#6969=DIRECTION('',(1.,0.,0.));
#6970=DIRECTION('',(0.,0.,1.));
#6971=DIRECTION('',(1.,0.,0.));
#6972=DIRECTION('center_axis',(0.,-0.472535543326564,-0.881311613615223));
#6973=DIRECTION('ref_axis',(0.,0.881311613615223,-0.472535543326564));
#6974=DIRECTION('',(0.,0.881311613615223,-0.472535543326564));
#6975=DIRECTION('',(1.,0.,0.));
#6976=DIRECTION('',(0.,0.881311613615223,-0.472535543326564));
#6977=DIRECTION('center_axis',(0.,-0.420768896420272,0.907167865284737));
#6978=DIRECTION('ref_axis',(0.,-0.907167865284737,-0.420768896420272));
#6979=DIRECTION('',(0.,-0.907167865284737,-0.420768896420272));
#6980=DIRECTION('',(0.,-0.907167865284737,-0.420768896420272));
#6981=DIRECTION('',(1.,0.,0.));
#6982=DIRECTION('center_axis',(1.,0.,0.));
#6983=DIRECTION('ref_axis',(0.,0.,-1.));
#6984=DIRECTION('center_axis',(0.,1.,0.));
#6985=DIRECTION('ref_axis',(0.,0.,1.));
#6986=DIRECTION('',(0.,0.,1.));
#6987=DIRECTION('',(1.,0.,0.));
#6988=DIRECTION('',(0.,0.,1.));
#6989=DIRECTION('center_axis',(0.,0.,-1.));
#6990=DIRECTION('ref_axis',(0.,1.,0.));
#6991=DIRECTION('',(0.,1.,0.));
#6992=DIRECTION('',(1.,0.,0.));
#6993=DIRECTION('',(0.,1.,0.));
#6994=DIRECTION('',(1.,0.,0.));
#6995=DIRECTION('center_axis',(0.,-1.,0.));
#6996=DIRECTION('ref_axis',(0.,0.,-1.));
#6997=DIRECTION('',(0.,0.,-1.));
#6998=DIRECTION('',(1.,0.,0.));
#6999=DIRECTION('',(0.,0.,-1.));
#7000=DIRECTION('center_axis',(0.,1.11022302462516E-14,1.));
#7001=DIRECTION('ref_axis',(0.,-1.,1.11022302462516E-14));
#7002=DIRECTION('',(0.,-1.,1.11022302462516E-14));
#7003=DIRECTION('',(0.,-1.,1.11022302462516E-14));
#7004=DIRECTION('center_axis',(0.,1.,0.));
#7005=DIRECTION('ref_axis',(0.,0.,1.));
#7006=DIRECTION('',(0.,0.,1.));
#7007=DIRECTION('',(0.,0.,1.));
#7008=DIRECTION('center_axis',(1.,0.,0.));
#7009=DIRECTION('ref_axis',(0.,0.,-1.));
#7010=DIRECTION('center_axis',(0.,1.,0.));
#7011=DIRECTION('ref_axis',(0.,0.,-1.));
#7012=DIRECTION('',(-1.,0.,0.));
#7013=DIRECTION('',(0.,0.,-1.));
#7014=DIRECTION('',(-1.,0.,0.));
#7015=DIRECTION('center_axis',(0.,0.,1.));
#7016=DIRECTION('ref_axis',(0.,1.,0.));
#7017=DIRECTION('',(-1.,0.,0.));
#7018=DIRECTION('',(0.,1.,0.));
#7019=DIRECTION('center_axis',(0.,-1.,0.));
#7020=DIRECTION('ref_axis',(0.,0.,1.));
#7021=DIRECTION('',(-1.,0.,0.));
#7022=DIRECTION('',(0.,0.,1.));
#7023=DIRECTION('center_axis',(0.,0.,-1.));
#7024=DIRECTION('ref_axis',(0.,-1.,0.));
#7025=DIRECTION('',(0.,-1.,0.));
#7026=DIRECTION('center_axis',(-1.,0.,0.));
#7027=DIRECTION('ref_axis',(0.,0.,1.));
#7028=DIRECTION('',(-1.,0.,0.));
#7029=DIRECTION('',(-1.,0.,0.));
#7030=DIRECTION('center_axis',(0.,0.861366233490842,0.50798446019716));
#7031=DIRECTION('ref_axis',(0.,0.50798446019716,-0.861366233490842));
#7032=DIRECTION('',(-1.,0.,0.));
#7033=DIRECTION('',(0.,0.50798446019716,-0.861366233490842));
#7034=DIRECTION('',(-1.,0.,0.));
#7035=DIRECTION('',(-1.,0.,0.));
#7036=DIRECTION('',(-1.,0.,0.));
#7037=DIRECTION('',(-1.,0.,0.));
#7038=DIRECTION('',(-1.,0.,0.));
#7039=DIRECTION('',(-1.,0.,0.));
#7040=DIRECTION('',(-1.,0.,0.));
#7041=DIRECTION('',(-1.,0.,0.));
#7042=DIRECTION('',(-1.,0.,0.));
#7043=DIRECTION('',(-1.,0.,0.));
#7044=DIRECTION('center_axis',(0.,0.805951229039573,-0.591981939259638));
#7045=DIRECTION('ref_axis',(0.,-0.591981939259638,-0.805951229039573));
#7046=DIRECTION('',(-1.,0.,0.));
#7047=DIRECTION('',(0.,-0.591981939259638,-0.805951229039573));
#7048=DIRECTION('',(-1.,0.,0.));
#7049=DIRECTION('',(-1.,0.,0.));
#7050=DIRECTION('',(-1.,0.,0.));
#7051=DIRECTION('',(-1.,0.,0.));
#7052=DIRECTION('',(-1.,0.,0.));
#7053=DIRECTION('',(-1.,0.,0.));
#7054=DIRECTION('',(-1.,0.,0.));
#7055=DIRECTION('',(-1.,0.,0.));
#7056=DIRECTION('center_axis',(1.,0.,0.));
#7057=DIRECTION('ref_axis',(0.,0.,-1.));
#7058=DIRECTION('center_axis',(0.,1.,0.));
#7059=DIRECTION('ref_axis',(0.,0.,-1.));
#7060=DIRECTION('',(-1.,0.,0.));
#7061=DIRECTION('',(0.,0.,-1.));
#7062=DIRECTION('',(-1.,0.,0.));
#7063=DIRECTION('',(-1.,0.,0.));
#7064=DIRECTION('',(-1.,0.,0.));
#7065=DIRECTION('',(-1.,0.,0.));
#7066=DIRECTION('',(-1.,0.,0.));
#7067=DIRECTION('center_axis',(0.,0.982506677598156,-0.186227356945838));
#7068=DIRECTION('ref_axis',(0.,-0.186227356945838,-0.982506677598156));
#7069=DIRECTION('',(-1.,0.,0.));
#7070=DIRECTION('',(0.,-0.186227356945838,-0.982506677598156));
#7071=DIRECTION('',(-1.,0.,0.));
#7072=DIRECTION('',(-1.,0.,0.));
#7073=DIRECTION('',(-1.,0.,0.));
#7074=DIRECTION('',(-1.,0.,0.));
#7075=DIRECTION('center_axis',(0.,0.,1.));
#7076=DIRECTION('ref_axis',(0.,1.,0.));
#7077=DIRECTION('',(-1.,0.,0.));
#7078=DIRECTION('',(0.,1.,0.));
#7079=DIRECTION('center_axis',(0.,0.991488457627115,0.130194617370323));
#7080=DIRECTION('ref_axis',(0.,0.130194617370323,-0.991488457627115));
#7081=DIRECTION('',(-1.,0.,0.));
#7082=DIRECTION('',(0.,0.130194617370323,-0.991488457627115));
#7083=DIRECTION('center_axis',(0.,0.,1.));
#7084=DIRECTION('ref_axis',(0.,1.,0.));
#7085=DIRECTION('',(-1.,0.,0.));
#7086=DIRECTION('',(0.,1.,0.));
#7087=DIRECTION('center_axis',(0.,-1.,0.));
#7088=DIRECTION('ref_axis',(0.,0.,1.));
#7089=DIRECTION('',(-1.,0.,0.));
#7090=DIRECTION('',(0.,0.,1.));
#7091=DIRECTION('center_axis',(0.,0.,-1.));
#7092=DIRECTION('ref_axis',(0.,-1.,0.));
#7093=DIRECTION('',(0.,-1.,0.));
#7094=DIRECTION('center_axis',(1.,0.,0.));
#7095=DIRECTION('ref_axis',(0.,0.,-1.));
#7096=DIRECTION('',(-1.,0.,0.));
#7097=DIRECTION('',(-1.,0.,0.));
#7098=DIRECTION('',(-1.,0.,0.));
#7099=DIRECTION('',(-1.,0.,0.));
#7100=DIRECTION('',(-1.,0.,0.));
#7101=DIRECTION('',(-1.,0.,0.));
#7102=DIRECTION('center_axis',(0.,0.369667145131637,0.929164249102507));
#7103=DIRECTION('ref_axis',(0.,0.929164249102507,-0.369667145131637));
#7104=DIRECTION('',(-1.,0.,0.));
#7105=DIRECTION('',(0.,0.929164249102507,-0.369667145131637));
#7106=DIRECTION('',(-1.,0.,0.));
#7107=DIRECTION('',(-1.,0.,0.));
#7108=DIRECTION('',(-1.,0.,0.));
#7109=DIRECTION('',(-1.,0.,0.));
#7110=DIRECTION('',(-1.,0.,0.));
#7111=DIRECTION('',(-1.,0.,0.));
#7112=DIRECTION('',(-1.,0.,0.));
#7113=DIRECTION('center_axis',(0.,0.782909518985763,-0.622135584162714));
#7114=DIRECTION('ref_axis',(0.,-0.622135584162714,-0.782909518985763));
#7115=DIRECTION('',(-1.,0.,0.));
#7116=DIRECTION('',(0.,-0.622135584162714,-0.782909518985763));
#7117=DIRECTION('',(-1.,0.,0.));
#7118=DIRECTION('',(-1.,0.,0.));
#7119=DIRECTION('',(-1.,0.,0.));
#7120=DIRECTION('',(-1.,0.,0.));
#7121=DIRECTION('',(-1.,0.,0.));
#7122=DIRECTION('',(-1.,0.,0.));
#7123=DIRECTION('',(-1.,0.,0.));
#7124=DIRECTION('',(-1.,0.,0.));
#7125=DIRECTION('center_axis',(0.,-0.388056422285054,-0.921635618410727));
#7126=DIRECTION('ref_axis',(0.,-0.921635618410727,0.388056422285054));
#7127=DIRECTION('',(-1.,0.,0.));
#7128=DIRECTION('',(0.,-0.921635618410727,0.388056422285054));
#7129=DIRECTION('',(-1.,0.,0.));
#7130=DIRECTION('',(-1.,0.,0.));
#7131=DIRECTION('',(-1.,0.,0.));
#7132=DIRECTION('',(-1.,0.,0.));
#7133=DIRECTION('',(-1.,0.,0.));
#7134=DIRECTION('',(-1.,0.,0.));
#7135=DIRECTION('',(-1.,0.,0.));
#7136=DIRECTION('center_axis',(0.,-0.769757977045726,0.638335849513774));
#7137=DIRECTION('ref_axis',(0.,0.638335849513774,0.769757977045726));
#7138=DIRECTION('',(-1.,0.,0.));
#7139=DIRECTION('',(0.,0.638335849513774,0.769757977045726));
#7140=DIRECTION('',(-1.,0.,0.));
#7141=DIRECTION('',(-1.,0.,0.));
#7142=DIRECTION('center_axis',(1.,0.,0.));
#7143=DIRECTION('ref_axis',(0.,0.,-1.));
#7144=DIRECTION('',(-1.,0.,0.));
#7145=DIRECTION('',(-1.,0.,0.));
#7146=DIRECTION('',(-1.,0.,0.));
#7147=DIRECTION('',(-1.,0.,0.));
#7148=DIRECTION('',(-1.,0.,0.));
#7149=DIRECTION('',(-1.,0.,0.));
#7150=DIRECTION('',(-1.,0.,0.));
#7151=DIRECTION('',(-1.,0.,0.));
#7152=DIRECTION('',(-1.,0.,0.));
#7153=DIRECTION('',(-1.,0.,0.));
#7154=DIRECTION('',(-1.,0.,0.));
#7155=DIRECTION('',(-1.,0.,0.));
#7156=DIRECTION('',(-1.,0.,0.));
#7157=DIRECTION('',(-1.,0.,0.));
#7158=DIRECTION('',(-1.,0.,0.));
#7159=DIRECTION('',(-1.,0.,0.));
#7160=DIRECTION('',(-1.,0.,0.));
#7161=DIRECTION('',(-1.,0.,0.));
#7162=DIRECTION('',(-1.,0.,0.));
#7163=DIRECTION('',(-1.,0.,0.));
#7164=DIRECTION('',(-1.,0.,0.));
#7165=DIRECTION('',(-1.,0.,0.));
#7166=DIRECTION('',(-1.,0.,0.));
#7167=DIRECTION('',(-1.,0.,0.));
#7168=DIRECTION('',(-1.,0.,0.));
#7169=DIRECTION('center_axis',(1.,0.,0.));
#7170=DIRECTION('ref_axis',(0.,0.,-1.));
#7171=DIRECTION('center_axis',(0.,0.,-1.));
#7172=DIRECTION('ref_axis',(0.,-1.,0.));
#7173=DIRECTION('',(0.,-1.,0.));
#7174=DIRECTION('',(-1.,0.,0.));
#7175=DIRECTION('',(0.,-1.,0.));
#7176=DIRECTION('',(-1.,0.,0.));
#7177=DIRECTION('',(-1.,0.,0.));
#7178=DIRECTION('',(-1.,0.,0.));
#7179=DIRECTION('',(-1.,0.,0.));
#7180=DIRECTION('',(-1.,0.,0.));
#7181=DIRECTION('',(-1.,0.,0.));
#7182=DIRECTION('',(-1.,0.,0.));
#7183=DIRECTION('center_axis',(0.,0.,1.));
#7184=DIRECTION('ref_axis',(0.,1.,0.));
#7185=DIRECTION('',(0.,1.,0.));
#7186=DIRECTION('',(-1.,0.,0.));
#7187=DIRECTION('',(0.,1.,0.));
#7188=DIRECTION('center_axis',(0.,1.,0.));
#7189=DIRECTION('ref_axis',(0.,0.,-1.));
#7190=DIRECTION('',(0.,0.,-1.));
#7191=DIRECTION('',(0.,0.,-1.));
#7192=DIRECTION('',(-1.,0.,0.));
#7193=DIRECTION('',(-1.,0.,0.));
#7194=DIRECTION('',(-1.,0.,0.));
#7195=DIRECTION('',(-1.,0.,0.));
#7196=DIRECTION('',(-1.,0.,0.));
#7197=DIRECTION('',(-1.,0.,0.));
#7198=DIRECTION('',(-1.,0.,0.));
#7199=DIRECTION('center_axis',(0.,0.,1.));
#7200=DIRECTION('ref_axis',(0.,1.,0.));
#7201=DIRECTION('',(-1.,0.,0.));
#7202=DIRECTION('',(0.,1.,0.));
#7203=DIRECTION('center_axis',(0.,-1.,0.));
#7204=DIRECTION('ref_axis',(0.,0.,1.));
#7205=DIRECTION('',(-1.,0.,0.));
#7206=DIRECTION('',(0.,0.,1.));
#7207=DIRECTION('center_axis',(0.,0.,-1.));
#7208=DIRECTION('ref_axis',(0.,-1.,0.));
#7209=DIRECTION('',(0.,-1.,0.));
#7210=DIRECTION('center_axis',(1.,0.,0.));
#7211=DIRECTION('ref_axis',(0.,0.,-1.));
#7212=DIRECTION('',(-1.,0.,0.));
#7213=DIRECTION('',(-1.,0.,0.));
#7214=DIRECTION('',(-1.,0.,0.));
#7215=DIRECTION('',(-1.,0.,0.));
#7216=DIRECTION('',(-1.,0.,0.));
#7217=DIRECTION('',(-1.,0.,0.));
#7218=DIRECTION('',(-1.,0.,0.));
#7219=DIRECTION('',(-1.,0.,0.));
#7220=DIRECTION('center_axis',(1.,0.,0.));
#7221=DIRECTION('ref_axis',(0.,0.,-1.));
#7222=DIRECTION('center_axis',(0.,1.,0.));
#7223=DIRECTION('ref_axis',(0.,0.,-1.));
#7224=DIRECTION('',(-1.,0.,0.));
#7225=DIRECTION('',(0.,0.,-1.));
#7226=DIRECTION('',(-1.,0.,0.));
#7227=DIRECTION('',(-1.,0.,0.));
#7228=DIRECTION('',(-1.,0.,0.));
#7229=DIRECTION('',(-1.,0.,0.));
#7230=DIRECTION('',(-1.,0.,0.));
#7231=DIRECTION('center_axis',(0.,-1.,0.));
#7232=DIRECTION('ref_axis',(0.,0.,1.));
#7233=DIRECTION('',(-1.,0.,0.));
#7234=DIRECTION('',(0.,0.,1.));
#7235=DIRECTION('center_axis',(0.,0.,-1.));
#7236=DIRECTION('ref_axis',(0.,-1.,0.));
#7237=DIRECTION('',(-1.,0.,0.));
#7238=DIRECTION('',(0.,-1.,0.));
#7239=DIRECTION('center_axis',(0.,1.,0.));
#7240=DIRECTION('ref_axis',(0.,0.,-1.));
#7241=DIRECTION('',(-1.,0.,0.));
#7242=DIRECTION('',(0.,0.,-1.));
#7243=DIRECTION('',(-1.,0.,0.));
#7244=DIRECTION('',(-1.,0.,0.));
#7245=DIRECTION('',(-1.,0.,0.));
#7246=DIRECTION('',(-1.,0.,0.));
#7247=DIRECTION('center_axis',(0.,-1.,0.));
#7248=DIRECTION('ref_axis',(0.,0.,1.));
#7249=DIRECTION('',(-1.,0.,0.));
#7250=DIRECTION('',(0.,0.,1.));
#7251=DIRECTION('center_axis',(0.,0.,-1.));
#7252=DIRECTION('ref_axis',(0.,-1.,0.));
#7253=DIRECTION('',(-1.,0.,0.));
#7254=DIRECTION('',(0.,-1.,0.));
#7255=DIRECTION('center_axis',(0.,1.,0.));
#7256=DIRECTION('ref_axis',(0.,0.,-1.));
#7257=DIRECTION('',(-1.,0.,0.));
#7258=DIRECTION('',(0.,0.,-1.));
#7259=DIRECTION('',(-1.,0.,0.));
#7260=DIRECTION('',(-1.,0.,0.));
#7261=DIRECTION('',(-1.,0.,0.));
#7262=DIRECTION('',(-1.,0.,0.));
#7263=DIRECTION('',(-1.,0.,0.));
#7264=DIRECTION('',(-1.,0.,0.));
#7265=DIRECTION('',(-1.,0.,0.));
#7266=DIRECTION('',(-1.,0.,0.));
#7267=DIRECTION('center_axis',(0.,0.,1.));
#7268=DIRECTION('ref_axis',(0.,1.,0.));
#7269=DIRECTION('',(-1.,0.,0.));
#7270=DIRECTION('',(0.,1.,0.));
#7271=DIRECTION('center_axis',(0.,0.984087923742542,0.177682183530297));
#7272=DIRECTION('ref_axis',(0.,0.177682183530297,-0.984087923742541));
#7273=DIRECTION('',(-1.,0.,0.));
#7274=DIRECTION('',(0.,0.177682183530297,-0.984087923742541));
#7275=DIRECTION('center_axis',(0.,0.,1.));
#7276=DIRECTION('ref_axis',(0.,1.,0.));
#7277=DIRECTION('',(-1.,0.,0.));
#7278=DIRECTION('',(0.,1.,0.));
#7279=DIRECTION('center_axis',(0.,-1.,0.));
#7280=DIRECTION('ref_axis',(0.,0.,1.));
#7281=DIRECTION('',(-1.,0.,0.));
#7282=DIRECTION('',(0.,0.,1.));
#7283=DIRECTION('center_axis',(0.,0.,-1.));
#7284=DIRECTION('ref_axis',(0.,-1.,0.));
#7285=DIRECTION('',(0.,-1.,0.));
#7286=DIRECTION('center_axis',(1.,0.,0.));
#7287=DIRECTION('ref_axis',(0.,0.,-1.));
#7288=DIRECTION('center_axis',(1.,0.,0.));
#7289=DIRECTION('ref_axis',(0.,1.,0.));
#7290=DIRECTION('center_axis',(1.,0.,0.));
#7291=DIRECTION('ref_axis',(0.,1.,0.));
#7292=DIRECTION('',(-1.,0.,0.));
#7293=DIRECTION('',(-1.,0.,0.));
#7294=DIRECTION('',(-1.,0.,0.));
#7295=DIRECTION('',(-1.,0.,0.));
#7296=DIRECTION('',(-1.,0.,0.));
#7297=DIRECTION('',(-1.,0.,0.));
#7298=DIRECTION('',(-1.,0.,0.));
#7299=DIRECTION('',(-1.,0.,0.));
#7300=DIRECTION('',(-1.,0.,0.));
#7301=DIRECTION('',(-1.,0.,0.));
#7302=DIRECTION('',(-1.,0.,0.));
#7303=DIRECTION('',(-1.,0.,0.));
#7304=DIRECTION('',(-1.,0.,0.));
#7305=DIRECTION('',(-1.,0.,0.));
#7306=DIRECTION('',(-1.,0.,0.));
#7307=DIRECTION('',(-1.,0.,0.));
#7308=DIRECTION('',(-1.,0.,0.));
#7309=DIRECTION('',(-1.,0.,0.));
#7310=DIRECTION('',(-1.,0.,0.));
#7311=DIRECTION('',(-1.,0.,0.));
#7312=DIRECTION('',(-1.,0.,0.));
#7313=DIRECTION('',(-1.,0.,0.));
#7314=DIRECTION('',(-1.,0.,0.));
#7315=DIRECTION('',(-1.,0.,0.));
#7316=DIRECTION('center_axis',(1.,0.,0.));
#7317=DIRECTION('ref_axis',(0.,0.,-1.));
#7318=DIRECTION('center_axis',(0.,1.,-8.6157944194862E-17));
#7319=DIRECTION('ref_axis',(0.,-8.6157944194862E-17,-1.));
#7320=DIRECTION('',(-1.,0.,0.));
#7321=DIRECTION('',(0.,-8.6157944194862E-17,-1.));
#7322=DIRECTION('',(-1.,0.,0.));
#7323=DIRECTION('center_axis',(0.,0.,1.));
#7324=DIRECTION('ref_axis',(0.,1.,0.));
#7325=DIRECTION('',(-1.,0.,0.));
#7326=DIRECTION('',(0.,1.,0.));
#7327=DIRECTION('center_axis',(0.,1.,-8.68819362173007E-17));
#7328=DIRECTION('ref_axis',(0.,-8.68819362173007E-17,-1.));
#7329=DIRECTION('',(-1.,0.,0.));
#7330=DIRECTION('',(0.,-8.68819362173007E-17,-1.));
#7331=DIRECTION('center_axis',(0.,0.,1.));
#7332=DIRECTION('ref_axis',(0.,1.,0.));
#7333=DIRECTION('',(-1.,0.,0.));
#7334=DIRECTION('',(0.,1.,0.));
#7335=DIRECTION('center_axis',(0.,-1.,0.));
#7336=DIRECTION('ref_axis',(0.,0.,1.));
#7337=DIRECTION('',(-1.,0.,0.));
#7338=DIRECTION('',(0.,0.,1.));
#7339=DIRECTION('center_axis',(0.,0.,-1.));
#7340=DIRECTION('ref_axis',(0.,-1.,0.));
#7341=DIRECTION('',(0.,-1.,0.));
#7342=DIRECTION('center_axis',(-1.,0.,0.));
#7343=DIRECTION('ref_axis',(0.,0.,1.));
#7344=DIRECTION('center_axis',(0.,0.958003049936963,-0.286758010021477));
#7345=DIRECTION('ref_axis',(0.,-0.286758010021477,-0.958003049936963));
#7346=DIRECTION('',(-1.,0.,0.));
#7347=DIRECTION('',(0.,-0.286758010021477,-0.958003049936963));
#7348=DIRECTION('',(-1.,0.,0.));
#7349=DIRECTION('center_axis',(0.,0.,1.));
#7350=DIRECTION('ref_axis',(0.,1.,0.));
#7351=DIRECTION('',(-1.,0.,0.));
#7352=DIRECTION('',(0.,1.,0.));
#7353=DIRECTION('center_axis',(0.,-0.970810644914852,0.239847225791773));
#7354=DIRECTION('ref_axis',(0.,0.239847225791773,0.970810644914852));
#7355=DIRECTION('',(-1.,0.,0.));
#7356=DIRECTION('',(0.,0.239847225791773,0.970810644914852));
#7357=DIRECTION('',(-1.,0.,0.));
#7358=DIRECTION('',(-1.,0.,0.));
#7359=DIRECTION('center_axis',(0.,0.,1.));
#7360=DIRECTION('ref_axis',(0.,1.,0.));
#7361=DIRECTION('',(-1.,0.,0.));
#7362=DIRECTION('',(0.,1.,0.));
#7363=DIRECTION('',(-1.,0.,0.));
#7364=DIRECTION('',(-1.,0.,0.));
#7365=DIRECTION('center_axis',(0.,0.970142509461857,0.242535587770229));
#7366=DIRECTION('ref_axis',(0.,0.242535587770229,-0.970142509461857));
#7367=DIRECTION('',(-1.,0.,0.));
#7368=DIRECTION('',(0.,0.242535587770229,-0.970142509461857));
#7369=DIRECTION('center_axis',(0.,0.,1.));
#7370=DIRECTION('ref_axis',(0.,1.,0.));
#7371=DIRECTION('',(-1.,0.,0.));
#7372=DIRECTION('',(0.,1.,0.));
#7373=DIRECTION('center_axis',(0.,-0.9580030597411,-0.286757977267747));
#7374=DIRECTION('ref_axis',(0.,-0.286757977267747,0.9580030597411));
#7375=DIRECTION('',(-1.,0.,0.));
#7376=DIRECTION('',(0.,-0.286757977267747,0.9580030597411));
#7377=DIRECTION('center_axis',(0.,0.,-1.));
#7378=DIRECTION('ref_axis',(0.,-1.,0.));
#7379=DIRECTION('',(0.,-1.,0.));
#7380=DIRECTION('center_axis',(1.,0.,0.));
#7381=DIRECTION('ref_axis',(0.,0.,-1.));
#7382=DIRECTION('center_axis',(1.,0.,0.));
#7383=DIRECTION('ref_axis',(0.,1.,0.));
#7384=DIRECTION('center_axis',(0.,0.,-1.));
#7385=DIRECTION('ref_axis',(0.,-1.,0.));
#7386=DIRECTION('',(-1.,0.,0.));
#7387=DIRECTION('',(0.,-1.,0.));
#7388=DIRECTION('',(-1.,0.,0.));
#7389=DIRECTION('center_axis',(0.,1.,0.));
#7390=DIRECTION('ref_axis',(0.,0.,-1.));
#7391=DIRECTION('',(-1.,0.,0.));
#7392=DIRECTION('',(0.,0.,-1.));
#7393=DIRECTION('center_axis',(0.,-0.455111059789108,0.890434682196081));
#7394=DIRECTION('ref_axis',(0.,0.890434682196081,0.455111059789108));
#7395=DIRECTION('',(0.,0.890434682196081,0.455111059789108));
#7396=DIRECTION('center_axis',(-1.,0.,0.));
#7397=DIRECTION('ref_axis',(0.,0.,1.));
#7398=DIRECTION('center_axis',(1.,0.,0.));
#7399=DIRECTION('ref_axis',(0.,0.,-1.));
#7400=DIRECTION('center_axis',(1.,0.,0.));
#7401=DIRECTION('ref_axis',(0.,0.,-1.));
#7402=DIRECTION('',(-1.,0.,0.));
#7403=DIRECTION('center_axis',(1.,0.,0.));
#7404=DIRECTION('ref_axis',(0.,0.,-1.));
#7405=DIRECTION('center_axis',(1.,0.,0.));
#7406=DIRECTION('ref_axis',(0.,0.,-1.));
#7407=DIRECTION('center_axis',(1.,0.,0.));
#7408=DIRECTION('ref_axis',(0.,0.,-1.));
#7409=DIRECTION('',(-1.,0.,0.));
#7410=DIRECTION('center_axis',(1.,0.,0.));
#7411=DIRECTION('ref_axis',(0.,0.,-1.));
#7412=DIRECTION('center_axis',(1.,0.,0.));
#7413=DIRECTION('ref_axis',(0.,0.,1.));
#7414=DIRECTION('center_axis',(1.,0.,0.));
#7415=DIRECTION('ref_axis',(0.,0.,1.));
#7416=DIRECTION('',(0.98058067569092,-2.40172997158128E-17,-0.196116135138185));
#7417=DIRECTION('center_axis',(-1.,0.,0.));
#7418=DIRECTION('ref_axis',(0.,0.,1.));
#7419=DIRECTION('center_axis',(1.,0.,0.));
#7420=DIRECTION('ref_axis',(0.,-0.903507902905251,0.428571428571429));
#7421=DIRECTION('center_axis',(-1.,0.,0.));
#7422=DIRECTION('ref_axis',(0.,0.,1.));
#7423=DIRECTION('center_axis',(-1.,0.,0.));
#7424=DIRECTION('ref_axis',(0.,0.,1.));
#7425=DIRECTION('center_axis',(1.,0.,0.));
#7426=DIRECTION('ref_axis',(0.,0.,-1.));
#7427=DIRECTION('center_axis',(1.,0.,0.));
#7428=DIRECTION('ref_axis',(0.,0.,-1.));
#7429=DIRECTION('',(0.98058067569092,2.4017299715813E-17,0.196116135138186));
#7430=DIRECTION('center_axis',(-1.,0.,0.));
#7431=DIRECTION('ref_axis',(0.,0.,-1.));
#7432=DIRECTION('center_axis',(1.,0.,0.));
#7433=DIRECTION('ref_axis',(0.,0.903507902905251,-0.428571428571429));
#7434=DIRECTION('center_axis',(-1.,0.,0.));
#7435=DIRECTION('ref_axis',(0.,0.,-1.));
#7436=DIRECTION('center_axis',(-1.,0.,0.));
#7437=DIRECTION('ref_axis',(0.,0.,1.));
#7438=DIRECTION('center_axis',(0.,-1.,0.));
#7439=DIRECTION('ref_axis',(0.,0.,-1.));
#7440=DIRECTION('',(1.,0.,0.));
#7441=DIRECTION('',(0.,0.,-1.));
#7442=DIRECTION('',(1.,0.,0.));
#7443=DIRECTION('center_axis',(0.,2.12605510565906E-16,1.));
#7444=DIRECTION('ref_axis',(0.,-1.,2.12605510565906E-16));
#7445=DIRECTION('',(0.,-1.,2.12605510565906E-16));
#7446=DIRECTION('',(1.,0.,0.));
#7447=DIRECTION('center_axis',(1.,0.,0.));
#7448=DIRECTION('ref_axis',(0.,1.,6.12323399573677E-17));
#7449=DIRECTION('',(1.,0.,0.));
#7450=DIRECTION('center_axis',(0.,-4.07493895251319E-16,-1.));
#7451=DIRECTION('ref_axis',(0.,1.,-4.07493895251319E-16));
#7452=DIRECTION('',(0.,1.,-4.07493895251319E-16));
#7453=DIRECTION('',(1.,0.,0.));
#7454=DIRECTION('center_axis',(0.,-1.,0.));
#7455=DIRECTION('ref_axis',(0.,0.,-1.));
#7456=DIRECTION('',(0.,0.,-1.));
#7457=DIRECTION('',(1.,0.,0.));
#7458=DIRECTION('center_axis',(0.,1.31652527709551E-16,1.));
#7459=DIRECTION('ref_axis',(0.,-1.,1.31652527709551E-16));
#7460=DIRECTION('',(0.,-1.,1.31652527709551E-16));
#7461=DIRECTION('',(1.,0.,0.));
#7462=DIRECTION('center_axis',(1.,0.,0.));
#7463=DIRECTION('ref_axis',(0.,1.,1.59265981952815E-15));
#7464=DIRECTION('center_axis',(1.,0.,0.));
#7465=DIRECTION('ref_axis',(0.,0.,1.));
#7466=DIRECTION('',(1.,0.,0.));
#7467=DIRECTION('center_axis',(0.,-2.63305055419101E-16,-1.));
#7468=DIRECTION('ref_axis',(0.,1.,-2.63305055419101E-16));
#7469=DIRECTION('',(0.,1.,-2.63305055419101E-16));
#7470=DIRECTION('center_axis',(0.,1.,9.25185853854301E-16));
#7471=DIRECTION('ref_axis',(0.,-9.25185853854301E-16,1.));
#7472=DIRECTION('',(1.,0.,0.));
#7473=DIRECTION('',(0.,-9.25185853854301E-16,1.));
#7474=DIRECTION('',(1.,0.,0.));
#7475=DIRECTION('center_axis',(0.,-7.08685035219685E-17,-1.));
#7476=DIRECTION('ref_axis',(0.,1.,-7.08685035219685E-17));
#7477=DIRECTION('',(0.,1.,-7.08685035219685E-17));
#7478=DIRECTION('',(1.,0.,0.));
#7479=DIRECTION('center_axis',(1.,0.,0.));
#7480=DIRECTION('ref_axis',(0.,-1.,5.0532154980743E-16));
#7481=DIRECTION('',(1.,0.,0.));
#7482=DIRECTION('center_axis',(0.,-1.41737007043937E-16,1.));
#7483=DIRECTION('ref_axis',(0.,-1.,-1.41737007043937E-16));
#7484=DIRECTION('',(0.,-1.,-1.41737007043937E-16));
#7485=DIRECTION('',(1.,0.,0.));
#7486=DIRECTION('center_axis',(0.,1.,9.25185853854293E-16));
#7487=DIRECTION('ref_axis',(0.,-9.25185853854293E-16,1.));
#7488=DIRECTION('',(0.,-9.25185853854293E-16,1.));
#7489=DIRECTION('',(1.,0.,0.));
#7490=DIRECTION('center_axis',(0.,0.,-1.));
#7491=DIRECTION('ref_axis',(0.,1.,0.));
#7492=DIRECTION('',(0.,1.,0.));
#7493=DIRECTION('',(1.,0.,0.));
#7494=DIRECTION('center_axis',(1.,0.,0.));
#7495=DIRECTION('ref_axis',(0.,-1.,9.49410759657493E-16));
#7496=DIRECTION('center_axis',(1.,0.,0.));
#7497=DIRECTION('ref_axis',(0.,0.,1.));
#7498=DIRECTION('',(1.,0.,0.));
#7499=DIRECTION('center_axis',(0.,2.46848489455407E-16,1.));
#7500=DIRECTION('ref_axis',(0.,-1.,2.46848489455407E-16));
#7501=DIRECTION('',(0.,-1.,2.46848489455407E-16));
#7502=DIRECTION('center_axis',(-0.707106781186548,-0.707106781186548,0.));
#7503=DIRECTION('ref_axis',(0.,0.,1.));
#7504=DIRECTION('',(-0.707106781186548,0.707106781186548,0.));
#7505=DIRECTION('',(0.,0.,1.));
#7506=DIRECTION('',(0.707106781186548,-0.707106781186548,0.));
#7507=DIRECTION('center_axis',(0.,1.,0.));
#7508=DIRECTION('ref_axis',(0.,0.,-1.));
#7509=DIRECTION('',(-1.,0.,0.));
#7510=DIRECTION('',(-1.,0.,0.));
#7511=DIRECTION('center_axis',(-0.707106781186546,0.707106781186549,0.));
#7512=DIRECTION('ref_axis',(0.,0.,1.));
#7513=DIRECTION('',(-0.707106781186549,-0.707106781186546,0.));
#7514=DIRECTION('',(0.,0.,-1.));
#7515=DIRECTION('',(0.707106781186549,0.707106781186546,0.));
#7516=DIRECTION('center_axis',(0.,-1.,0.));
#7517=DIRECTION('ref_axis',(0.,0.,1.));
#7518=DIRECTION('',(-1.,0.,0.));
#7519=DIRECTION('',(-1.,0.,0.));
#7520=DIRECTION('center_axis',(0.707106781186546,0.,-0.707106781186549));
#7521=DIRECTION('ref_axis',(-0.707106781186549,0.,-0.707106781186546));
#7522=DIRECTION('',(-0.577350269189628,0.577350269189624,-0.577350269189625));
#7523=DIRECTION('',(0.,1.,0.));
#7524=DIRECTION('',(0.577350269189627,0.577350269189625,0.577350269189625));
#7525=DIRECTION('center_axis',(0.707106781186545,0.70710678118655,0.));
#7526=DIRECTION('ref_axis',(0.,0.,-1.));
#7527=DIRECTION('',(-0.577350269189628,0.577350269189624,0.577350269189626));
#7528=DIRECTION('',(0.,0.,1.));
#7529=DIRECTION('center_axis',(0.707106781186546,0.,0.707106781186549));
#7530=DIRECTION('ref_axis',(0.707106781186549,0.,-0.707106781186546));
#7531=DIRECTION('',(0.,-1.,0.));
#7532=DIRECTION('',(-0.577350269189628,-0.577350269189624,0.577350269189626));
#7533=DIRECTION('center_axis',(0.707106781186545,-0.70710678118655,0.));
#7534=DIRECTION('ref_axis',(0.,0.,-1.));
#7535=DIRECTION('',(0.,0.,-1.));
#7536=DIRECTION('center_axis',(0.,1.,0.));
#7537=DIRECTION('ref_axis',(0.,0.,-1.));
#7538=DIRECTION('',(-1.,0.,0.));
#7539=DIRECTION('',(-1.,0.,0.));
#7540=DIRECTION('center_axis',(0.,0.,1.));
#7541=DIRECTION('ref_axis',(0.,1.,0.));
#7542=DIRECTION('',(-1.,0.,0.));
#7543=DIRECTION('center_axis',(0.,0.,-1.));
#7544=DIRECTION('ref_axis',(0.,-1.,0.));
#7545=DIRECTION('center_axis',(0.,0.,1.));
#7546=DIRECTION('ref_axis',(0.,1.,0.));
#7547=DIRECTION('center_axis',(0.,-1.,0.));
#7548=DIRECTION('ref_axis',(0.,0.,1.));
#7549=DIRECTION('',(-1.,0.,0.));
#7550=DIRECTION('center_axis',(0.,0.,-1.));
#7551=DIRECTION('ref_axis',(0.,-1.,0.));
#7552=DIRECTION('center_axis',(0.,1.,0.));
#7553=DIRECTION('ref_axis',(-1.,0.,0.));
#7554=DIRECTION('center_axis',(0.,0.,-1.));
#7555=DIRECTION('ref_axis',(-1.,0.,0.));
#7556=DIRECTION('center_axis',(0.,0.,1.));
#7557=DIRECTION('ref_axis',(1.,0.,0.));
#7558=DIRECTION('center_axis',(0.,0.,-1.));
#7559=DIRECTION('ref_axis',(1.,0.,0.));
#7560=DIRECTION('center_axis',(0.,0.,-1.));
#7561=DIRECTION('ref_axis',(-1.,0.,0.));
#7562=DIRECTION('center_axis',(0.,0.,1.));
#7563=DIRECTION('ref_axis',(-1.,0.,0.));
#7564=DIRECTION('center_axis',(0.,0.,-1.));
#7565=DIRECTION('ref_axis',(1.,0.,0.));
#7566=DIRECTION('center_axis',(0.,0.,-1.));
#7567=DIRECTION('ref_axis',(-1.,0.,0.));
#7568=DIRECTION('center_axis',(0.,0.,1.));
#7569=DIRECTION('ref_axis',(-1.,0.,0.));
#7570=DIRECTION('',(1.,0.,0.));
#7571=DIRECTION('center_axis',(0.,0.,1.));
#7572=DIRECTION('ref_axis',(1.,0.,0.));
#7573=DIRECTION('',(-1.,0.,0.));
#7574=DIRECTION('center_axis',(0.,1.,0.));
#7575=DIRECTION('ref_axis',(1.,0.,0.));
#7576=DIRECTION('',(0.,0.,-1.));
#7577=DIRECTION('',(-1.,0.,0.));
#7578=DIRECTION('center_axis',(0.,0.,-1.));
#7579=DIRECTION('ref_axis',(-1.,8.27208187433011E-11,0.));
#7580=DIRECTION('',(0.,0.,-1.));
#7581=DIRECTION('center_axis',(0.,0.,1.));
#7582=DIRECTION('ref_axis',(1.,0.,0.));
#7583=DIRECTION('center_axis',(0.,-1.,0.));
#7584=DIRECTION('ref_axis',(-1.,0.,0.));
#7585=DIRECTION('',(1.,0.,0.));
#7586=DIRECTION('center_axis',(0.,0.,-1.));
#7587=DIRECTION('ref_axis',(-1.,0.,0.));
#7588=DIRECTION('',(1.,0.,0.));
#7589=DIRECTION('center_axis',(0.,0.,1.));
#7590=DIRECTION('ref_axis',(-1.,0.,0.));
#7591=DIRECTION('',(1.,0.,0.));
#7592=DIRECTION('center_axis',(0.,0.,1.));
#7593=DIRECTION('ref_axis',(1.,0.,0.));
#7594=DIRECTION('center_axis',(0.,-1.,0.));
#7595=DIRECTION('ref_axis',(1.,0.,0.));
#7596=DIRECTION('',(1.,0.,0.));
#7597=DIRECTION('',(0.,0.,-1.));
#7598=DIRECTION('',(0.,0.,1.));
#7599=DIRECTION('center_axis',(0.,0.,-1.));
#7600=DIRECTION('ref_axis',(-1.,0.,0.));
#7601=DIRECTION('center_axis',(0.,0.,1.));
#7602=DIRECTION('ref_axis',(1.,0.,0.));
#7603=DIRECTION('',(1.,0.,0.));
#7604=DIRECTION('center_axis',(0.,0.,1.));
#7605=DIRECTION('ref_axis',(-1.,0.,0.));
#7606=DIRECTION('center_axis',(0.,-1.,0.));
#7607=DIRECTION('ref_axis',(-1.,0.,0.));
#7608=DIRECTION('',(0.,0.,-1.));
#7609=DIRECTION('center_axis',(0.,0.,-1.));
#7610=DIRECTION('ref_axis',(1.,0.,0.));
#7611=DIRECTION('center_axis',(0.,0.,-1.));
#7612=DIRECTION('ref_axis',(-1.,0.,0.));
#7613=DIRECTION('center_axis',(0.,0.,1.));
#7614=DIRECTION('ref_axis',(-1.,0.,0.));
#7615=DIRECTION('',(-1.,0.,0.));
#7616=DIRECTION('center_axis',(0.,0.,1.));
#7617=DIRECTION('ref_axis',(1.,0.,0.));
#7618=DIRECTION('',(1.,0.,0.));
#7619=DIRECTION('center_axis',(0.,1.,0.));
#7620=DIRECTION('ref_axis',(1.,0.,0.));
#7621=DIRECTION('',(1.,0.,0.));
#7622=DIRECTION('',(0.,0.,-1.));
#7623=DIRECTION('center_axis',(0.,0.,-1.));
#7624=DIRECTION('ref_axis',(-1.,0.,0.));
#7625=DIRECTION('center_axis',(0.,0.,-1.));
#7626=DIRECTION('ref_axis',(0.909641951620168,-0.415393211129711,0.));
#7627=DIRECTION('center_axis',(0.,0.,-1.));
#7628=DIRECTION('ref_axis',(-1.,0.,0.));
#7629=DIRECTION('center_axis',(0.,0.,-1.));
#7630=DIRECTION('ref_axis',(1.,-1.22464679914735E-16,0.));
#7631=DIRECTION('center_axis',(0.,0.,-1.));
#7632=DIRECTION('ref_axis',(-1.,0.,0.));
#7633=DIRECTION('',(0.,0.,1.));
#7634=DIRECTION('center_axis',(0.,0.,-1.));
#7635=DIRECTION('ref_axis',(-1.,0.,0.));
#7636=DIRECTION('',(0.,0.,1.));
#7637=DIRECTION('center_axis',(0.,0.,-1.));
#7638=DIRECTION('ref_axis',(-1.,0.,0.));
#7639=DIRECTION('',(0.,0.,1.));
#7640=DIRECTION('center_axis',(0.,0.,-1.));
#7641=DIRECTION('ref_axis',(1.,0.,0.));
#7642=DIRECTION('',(0.,0.,1.));
#7643=DIRECTION('center_axis',(0.,0.,-1.));
#7644=DIRECTION('ref_axis',(1.,0.,0.));
#7645=DIRECTION('center_axis',(0.,0.,1.));
#7646=DIRECTION('ref_axis',(1.,0.,0.));
#7647=DIRECTION('center_axis',(0.,-1.,0.));
#7648=DIRECTION('ref_axis',(-1.,0.,0.));
#7649=DIRECTION('',(0.,0.,-1.));
#7650=DIRECTION('',(-1.,0.,0.));
#7651=DIRECTION('center_axis',(0.,0.,-1.));
#7652=DIRECTION('ref_axis',(1.,0.,0.));
#7653=DIRECTION('center_axis',(0.,0.,1.));
#7654=DIRECTION('ref_axis',(1.,0.,0.));
#7655=DIRECTION('center_axis',(0.,0.,-1.));
#7656=DIRECTION('ref_axis',(1.,0.,0.));
#7657=DIRECTION('',(0.,0.,1.));
#7658=DIRECTION('center_axis',(0.,0.,-1.));
#7659=DIRECTION('ref_axis',(1.,0.,0.));
#7660=DIRECTION('center_axis',(0.,0.,1.));
#7661=DIRECTION('ref_axis',(1.,0.,0.));
#7662=DIRECTION('center_axis',(0.,0.,-1.));
#7663=DIRECTION('ref_axis',(1.,0.,0.));
#7664=DIRECTION('',(0.,0.,1.));
#7665=DIRECTION('center_axis',(0.,0.,-1.));
#7666=DIRECTION('ref_axis',(-1.,1.52507891799909E-11,0.));
#7667=DIRECTION('',(0.,0.,-1.));
#7668=DIRECTION('center_axis',(0.,-1.,0.));
#7669=DIRECTION('ref_axis',(-1.,0.,0.));
#7670=DIRECTION('center_axis',(0.,0.,-1.));
#7671=DIRECTION('ref_axis',(1.,0.,0.));
#7672=DIRECTION('',(0.,0.,1.));
#7673=DIRECTION('center_axis',(0.,1.,0.));
#7674=DIRECTION('ref_axis',(-1.,0.,0.));
#7675=DIRECTION('center_axis',(-1.,0.,0.));
#7676=DIRECTION('ref_axis',(0.,-1.,0.));
#7677=DIRECTION('center_axis',(0.,1.,0.));
#7678=DIRECTION('ref_axis',(-1.,0.,0.));
#7679=CARTESIAN_POINT('',(0.,0.,0.));
#7680=CARTESIAN_POINT('Origin',(0.,-1.5125,-4.));
#7681=CARTESIAN_POINT('',(-9.000863167438,-30.0000001490116,-4.));
#7682=CARTESIAN_POINT('',(-6.5,-32.5,-4.));
#7683=CARTESIAN_POINT('Origin',(-9.,-32.5,-4.));
#7684=CARTESIAN_POINT('',(-9.00000013411045,-30.0000004470348,-4.));
#7685=CARTESIAN_POINT('',(-4.50000006705523,-30.0000004470348,-4.));
#7686=CARTESIAN_POINT('Origin',(-9.,-32.5,-4.));
#7687=CARTESIAN_POINT('',(-10.1,-32.5,-4.));
#7688=CARTESIAN_POINT('Origin',(-9.,-32.5,-4.));
#7689=CARTESIAN_POINT('Origin',(-9.,-32.5,-5.));
#7690=CARTESIAN_POINT('',(-6.5,-32.5,-6.35));
#7691=CARTESIAN_POINT('Origin',(-9.,-32.5,-6.35));
#7692=CARTESIAN_POINT('',(-6.5,-32.5,-5.));
#7693=CARTESIAN_POINT('',(-9.00000013411045,-30.0000004470348,-5.));
#7694=CARTESIAN_POINT('',(-9.00000013411045,-30.0000004470348,-5.));
#7695=CARTESIAN_POINT('',(-9.000863167438,-30.0000001490116,-5.));
#7696=CARTESIAN_POINT('',(-5.71715844976158,-30.0000004470348,-5.));
#7697=CARTESIAN_POINT('',(-9.000863167438,-30.0000001490116,-5.));
#7698=CARTESIAN_POINT('Origin',(0.,-1.5125,-4.));
#7699=CARTESIAN_POINT('',(11.5,-32.5,-4.));
#7700=CARTESIAN_POINT('Origin',(9.,-32.5,-4.));
#7701=CARTESIAN_POINT('',(7.9,-32.5,-4.));
#7702=CARTESIAN_POINT('Origin',(9.,-32.5,-4.));
#7703=CARTESIAN_POINT('Origin',(9.5,35.375,0.));
#7704=CARTESIAN_POINT('',(9.5,37.875,1.5));
#7705=CARTESIAN_POINT('',(12.,35.375,1.5));
#7706=CARTESIAN_POINT('Origin',(9.5,35.375,1.5));
#7707=CARTESIAN_POINT('',(12.,35.375,-6.35));
#7708=CARTESIAN_POINT('',(12.,35.375,0.));
#7709=CARTESIAN_POINT('',(9.5,37.875,-6.35));
#7710=CARTESIAN_POINT('Origin',(9.5,35.375,-6.35));
#7711=CARTESIAN_POINT('',(9.5,37.875,-6.02705098312484));
#7712=CARTESIAN_POINT('',(9.5,37.875,0.));
#7713=CARTESIAN_POINT('',(11.75,36.4647247358852,-4.35));
#7714=CARTESIAN_POINT('Ctrl Pts',(11.75,36.4647247358852,-4.35));
#7715=CARTESIAN_POINT('Ctrl Pts',(11.75,36.4647247358852,-4.47539875993723));
#7716=CARTESIAN_POINT('Ctrl Pts',(11.7368275939331,36.4926213340222,-4.59279727439069));
#7717=CARTESIAN_POINT('Ctrl Pts',(11.6905924913885,36.580727840788,-4.8162806894006));
#7718=CARTESIAN_POINT('Ctrl Pts',(11.6573714073087,36.6407135896099,-4.9224211075729));
#7719=CARTESIAN_POINT('Ctrl Pts',(11.5306072279808,36.8418890710159,-5.2263166021813));
#7720=CARTESIAN_POINT('Ctrl Pts',(11.4084719963848,37.0023649696069,-5.40894213126905));
#7721=CARTESIAN_POINT('Ctrl Pts',(11.1215012425848,37.2887217565588,-5.70957849091745));
#7722=CARTESIAN_POINT('Ctrl Pts',(10.9339168069982,37.4380455702581,-5.8491326897046));
#7723=CARTESIAN_POINT('Ctrl Pts',(10.4978222244691,37.6807809635883,-6.04463050530112));
#7724=CARTESIAN_POINT('Ctrl Pts',(10.2487847936758,37.7737067594274,-6.1));
#7725=CARTESIAN_POINT('Ctrl Pts',(9.8379340359426,37.8575713191676,-6.1));
#7726=CARTESIAN_POINT('Ctrl Pts',(9.66601524824445,37.875,-6.07654716717498));
#7727=CARTESIAN_POINT('Ctrl Pts',(9.50000000000007,37.875,-6.02705098312486));
#7728=CARTESIAN_POINT('',(9.5,37.875,-2.67294901687516));
#7729=CARTESIAN_POINT('Ctrl Pts',(9.50000000000007,37.875,-2.67294901687514));
#7730=CARTESIAN_POINT('Ctrl Pts',(9.66601524824446,37.875,-2.62345283282502));
#7731=CARTESIAN_POINT('Ctrl Pts',(9.8379340359426,37.8575713191676,-2.6));
#7732=CARTESIAN_POINT('Ctrl Pts',(10.2487847936758,37.7737067594274,-2.6));
#7733=CARTESIAN_POINT('Ctrl Pts',(10.4978222244691,37.6807809635883,-2.65536949469888));
#7734=CARTESIAN_POINT('Ctrl Pts',(10.9339168069982,37.4380455702581,-2.8508673102954));
#7735=CARTESIAN_POINT('Ctrl Pts',(11.1215012425848,37.2887217565588,-2.99042150908255));
#7736=CARTESIAN_POINT('Ctrl Pts',(11.4084719963848,37.0023649696069,-3.29105786873095));
#7737=CARTESIAN_POINT('Ctrl Pts',(11.5306072279808,36.8418890710159,-3.4736833978187));
#7738=CARTESIAN_POINT('Ctrl Pts',(11.6573714073087,36.6407135896099,-3.7775788924271));
#7739=CARTESIAN_POINT('Ctrl Pts',(11.6905924913885,36.580727840788,-3.88371931059941));
#7740=CARTESIAN_POINT('Ctrl Pts',(11.7368275939331,36.4926213340222,-4.10720272560931));
#7741=CARTESIAN_POINT('Ctrl Pts',(11.75,36.4647247358852,-4.22460124006277));
#7742=CARTESIAN_POINT('Ctrl Pts',(11.75,36.4647247358852,-4.35));
#7743=CARTESIAN_POINT('',(9.5,37.875,0.));
#7744=CARTESIAN_POINT('Origin',(0.,-1.5125,-6.35));
#7745=CARTESIAN_POINT('',(12.,-38.4,-6.35));
#7746=CARTESIAN_POINT('',(12.,-40.9,-6.35));
#7747=CARTESIAN_POINT('',(9.5,-40.9,-6.35));
#7748=CARTESIAN_POINT('Origin',(9.5,-38.4,-6.35));
#7749=CARTESIAN_POINT('',(-9.5,-40.9,-6.35));
#7750=CARTESIAN_POINT('',(-12.,-40.9,-6.35));
#7751=CARTESIAN_POINT('',(-12.,-38.4,-6.35));
#7752=CARTESIAN_POINT('Origin',(-9.5,-38.4,-6.35));
#7753=CARTESIAN_POINT('',(-12.,35.375,-6.35));
#7754=CARTESIAN_POINT('',(-12.,37.875,-6.35));
#7755=CARTESIAN_POINT('',(-9.5,37.875,-6.35));
#7756=CARTESIAN_POINT('Origin',(-9.5,35.375,-6.35));
#7757=CARTESIAN_POINT('',(12.,37.875,-6.35));
#7758=CARTESIAN_POINT('',(11.5,-32.5,-6.35));
#7759=CARTESIAN_POINT('Origin',(9.,-32.5,-6.35));
#7760=CARTESIAN_POINT('',(11.500005322409,33.,-6.35));
#7761=CARTESIAN_POINT('Origin',(9.000005322409,33.,-6.35));
#7762=CARTESIAN_POINT('',(-6.499994677591,33.,-6.35));
#7763=CARTESIAN_POINT('Origin',(-8.999994677591,33.,-6.35));
#7764=CARTESIAN_POINT('Origin',(-9.5,35.375,0.));
#7765=CARTESIAN_POINT('',(-9.5,37.875,-6.02705098312484));
#7766=CARTESIAN_POINT('',(-11.75,36.4647247358852,-4.35));
#7767=CARTESIAN_POINT('Ctrl Pts',(-9.50000000000007,37.875,-6.02705098312486));
#7768=CARTESIAN_POINT('Ctrl Pts',(-9.66601524824445,37.875,-6.07654716717498));
#7769=CARTESIAN_POINT('Ctrl Pts',(-9.8379340359426,37.8575713191676,-6.1));
#7770=CARTESIAN_POINT('Ctrl Pts',(-10.2487847936758,37.7737067594274,-6.1));
#7771=CARTESIAN_POINT('Ctrl Pts',(-10.4978222244691,37.6807809635883,-6.04463050530112));
#7772=CARTESIAN_POINT('Ctrl Pts',(-10.9339168069982,37.4380455702581,-5.8491326897046));
#7773=CARTESIAN_POINT('Ctrl Pts',(-11.1215012425848,37.2887217565588,-5.70957849091745));
#7774=CARTESIAN_POINT('Ctrl Pts',(-11.4084719963848,37.0023649696069,-5.40894213126905));
#7775=CARTESIAN_POINT('Ctrl Pts',(-11.5306072279808,36.8418890710158,-5.2263166021813));
#7776=CARTESIAN_POINT('Ctrl Pts',(-11.6573714073087,36.6407135896099,-4.9224211075729));
#7777=CARTESIAN_POINT('Ctrl Pts',(-11.6905924913885,36.580727840788,-4.81628068940059));
#7778=CARTESIAN_POINT('Ctrl Pts',(-11.7368275939331,36.4926213340222,-4.59279727439069));
#7779=CARTESIAN_POINT('Ctrl Pts',(-11.75,36.4647247358852,-4.47539875993723));
#7780=CARTESIAN_POINT('Ctrl Pts',(-11.75,36.4647247358852,-4.35));
#7781=CARTESIAN_POINT('',(-9.5,37.875,0.));
#7782=CARTESIAN_POINT('',(-12.,35.375,1.5));
#7783=CARTESIAN_POINT('',(-12.,35.375,0.));
#7784=CARTESIAN_POINT('',(-9.5,37.875,1.5));
#7785=CARTESIAN_POINT('Origin',(-9.5,35.375,1.5));
#7786=CARTESIAN_POINT('',(-9.5,37.875,-2.67294901687516));
#7787=CARTESIAN_POINT('',(-9.5,37.875,0.));
#7788=CARTESIAN_POINT('Ctrl Pts',(-11.75,36.4647247358852,-4.35));
#7789=CARTESIAN_POINT('Ctrl Pts',(-11.75,36.4647247358852,-4.22460124006277));
#7790=CARTESIAN_POINT('Ctrl Pts',(-11.7368275939331,36.4926213340222,-4.10720272560931));
#7791=CARTESIAN_POINT('Ctrl Pts',(-11.6905924913885,36.580727840788,-3.88371931059941));
#7792=CARTESIAN_POINT('Ctrl Pts',(-11.6573714073087,36.6407135896099,-3.7775788924271));
#7793=CARTESIAN_POINT('Ctrl Pts',(-11.5306072279808,36.8418890710158,-3.4736833978187));
#7794=CARTESIAN_POINT('Ctrl Pts',(-11.4084719963848,37.0023649696069,-3.29105786873095));
#7795=CARTESIAN_POINT('Ctrl Pts',(-11.1215012425848,37.2887217565588,-2.99042150908255));
#7796=CARTESIAN_POINT('Ctrl Pts',(-10.9339168069982,37.4380455702581,-2.8508673102954));
#7797=CARTESIAN_POINT('Ctrl Pts',(-10.4978222244691,37.6807809635883,-2.65536949469888));
#7798=CARTESIAN_POINT('Ctrl Pts',(-10.2487847936758,37.7737067594274,-2.6));
#7799=CARTESIAN_POINT('Ctrl Pts',(-9.8379340359426,37.8575713191676,-2.6));
#7800=CARTESIAN_POINT('Ctrl Pts',(-9.66601524824446,37.875,-2.62345283282502));
#7801=CARTESIAN_POINT('Ctrl Pts',(-9.50000000000007,37.875,-2.67294901687514));
#7802=CARTESIAN_POINT('Origin',(0.,-1.5125,1.5));
#7803=CARTESIAN_POINT('',(12.,37.875,1.5));
#7804=CARTESIAN_POINT('',(-12.,-35.2,1.5));
#7805=CARTESIAN_POINT('',(-12.,37.875,1.5));
#7806=CARTESIAN_POINT('',(-10.65,-35.2,1.5));
#7807=CARTESIAN_POINT('',(-5.325,-35.2,1.5));
#7808=CARTESIAN_POINT('',(-10.65,35.375,1.5));
#7809=CARTESIAN_POINT('',(-10.65,-35.15,1.5));
#7810=CARTESIAN_POINT('',(-9.5,36.525,1.5));
#7811=CARTESIAN_POINT('Origin',(-9.5,35.375,1.5));
#7812=CARTESIAN_POINT('',(9.5,36.525,1.5));
#7813=CARTESIAN_POINT('',(12.,36.525,1.5));
#7814=CARTESIAN_POINT('',(10.65,35.375,1.5));
#7815=CARTESIAN_POINT('Origin',(9.5,35.375,1.5));
#7816=CARTESIAN_POINT('',(10.65,-35.2,1.5));
#7817=CARTESIAN_POINT('',(10.65,-35.15,1.5));
#7818=CARTESIAN_POINT('',(12.,-35.2,1.5));
#7819=CARTESIAN_POINT('',(6.,-35.2,1.5));
#7820=CARTESIAN_POINT('',(12.,-40.9,1.5));
#7821=CARTESIAN_POINT('Origin',(-10.,41.875,-4.35));
#7822=CARTESIAN_POINT('',(-11.75,41.875,-4.35));
#7823=CARTESIAN_POINT('',(-11.75,41.875,-4.35));
#7824=CARTESIAN_POINT('',(-8.25,41.875,-4.35));
#7825=CARTESIAN_POINT('Origin',(-10.,41.875,-4.35));
#7826=CARTESIAN_POINT('Origin',(-10.,41.875,-4.35));
#7827=CARTESIAN_POINT('Origin',(-10.,37.875,-4.35));
#7828=CARTESIAN_POINT('Origin',(-4.00000000000002,41.875,-4.35));
#7829=CARTESIAN_POINT('',(-3.99999999999999,46.125,-4.35));
#7830=CARTESIAN_POINT('Origin',(-4.00000000000002,41.875,-4.35));
#7831=CARTESIAN_POINT('',(-4.00000000000001,49.625,-4.35));
#7832=CARTESIAN_POINT('Origin',(-4.,47.875,-4.35));
#7833=CARTESIAN_POINT('Origin',(-4.,47.875,-4.35));
#7834=CARTESIAN_POINT('Origin',(4.,47.875,-4.35));
#7835=CARTESIAN_POINT('',(3.99999999999999,49.625,-4.35));
#7836=CARTESIAN_POINT('',(4.,49.625,-4.35));
#7837=CARTESIAN_POINT('',(4.00000000000001,46.125,-4.35));
#7838=CARTESIAN_POINT('Origin',(4.,47.875,-4.35));
#7839=CARTESIAN_POINT('Origin',(4.,47.875,-4.35));
#7840=CARTESIAN_POINT('Origin',(4.00000000000002,41.875,-4.35));
#7841=CARTESIAN_POINT('',(8.25,41.875,-4.35));
#7842=CARTESIAN_POINT('Origin',(4.00000000000002,41.875,-4.35));
#7843=CARTESIAN_POINT('',(11.75,41.875,-4.35));
#7844=CARTESIAN_POINT('Origin',(10.,41.875,-4.35));
#7845=CARTESIAN_POINT('Origin',(10.,41.875,-4.35));
#7846=CARTESIAN_POINT('Origin',(10.,37.875,-4.35));
#7847=CARTESIAN_POINT('',(11.75,37.875,-4.35));
#7848=CARTESIAN_POINT('Origin',(10.,37.875,-4.35));
#7849=CARTESIAN_POINT('Origin',(12.,-35.2,1.5));
#7850=CARTESIAN_POINT('',(10.65,-35.2,3.4));
#7851=CARTESIAN_POINT('',(10.65,-35.2,1.5));
#7852=CARTESIAN_POINT('',(12.,-35.2,3.4));
#7853=CARTESIAN_POINT('',(14.0000002086163,-35.2,3.4));
#7854=CARTESIAN_POINT('',(12.,-35.2,1.5));
#7855=CARTESIAN_POINT('Origin',(-10.65,-35.2,1.5));
#7856=CARTESIAN_POINT('',(-12.,-35.2,3.4));
#7857=CARTESIAN_POINT('',(-12.,-35.2,1.5));
#7858=CARTESIAN_POINT('',(-10.65,-35.2,3.4));
#7859=CARTESIAN_POINT('',(14.0000002086163,-35.2,3.4));
#7860=CARTESIAN_POINT('',(-10.65,-35.2,1.5));
#7861=CARTESIAN_POINT('Origin',(0.,-38.05,3.4));
#7862=CARTESIAN_POINT('',(-10.65,-38.4,3.4));
#7863=CARTESIAN_POINT('',(-10.65,-38.4,3.4));
#7864=CARTESIAN_POINT('',(-12.,-38.4,3.4));
#7865=CARTESIAN_POINT('',(-12.,37.875,3.4));
#7866=CARTESIAN_POINT('',(-9.5,-40.9,3.4));
#7867=CARTESIAN_POINT('Origin',(-9.5,-38.4,3.4));
#7868=CARTESIAN_POINT('',(9.5,-40.9,3.4));
#7869=CARTESIAN_POINT('',(-9.5,-40.9,3.4));
#7870=CARTESIAN_POINT('',(12.,-38.4,3.4));
#7871=CARTESIAN_POINT('Origin',(9.5,-38.4,3.4));
#7872=CARTESIAN_POINT('',(12.,-38.4,3.4));
#7873=CARTESIAN_POINT('',(10.65,-38.4,3.4));
#7874=CARTESIAN_POINT('',(10.65,35.375,3.4));
#7875=CARTESIAN_POINT('',(9.5,-39.55,3.4));
#7876=CARTESIAN_POINT('Origin',(9.5,-38.4,3.4));
#7877=CARTESIAN_POINT('',(-9.5,-39.55,3.4));
#7878=CARTESIAN_POINT('',(9.5,-39.55,3.4));
#7879=CARTESIAN_POINT('Origin',(-9.5,-38.4,3.4));
#7880=CARTESIAN_POINT('Origin',(9.5,35.375,0.));
#7881=CARTESIAN_POINT('',(10.65,35.375,0.));
#7882=CARTESIAN_POINT('',(10.6431862786755,35.5000005289912,0.));
#7883=CARTESIAN_POINT('Origin',(9.5,35.375,0.));
#7884=CARTESIAN_POINT('',(10.65,35.375,0.));
#7885=CARTESIAN_POINT('',(9.5,36.525,-2.5));
#7886=CARTESIAN_POINT('',(9.5,36.525,0.));
#7887=CARTESIAN_POINT('',(10.6431862786755,35.5000005289912,-2.5));
#7888=CARTESIAN_POINT('Origin',(9.5,35.375,-2.5));
#7889=CARTESIAN_POINT('',(10.6431862786755,35.5000005289912,0.));
#7890=CARTESIAN_POINT('Origin',(10.65,36.525,0.));
#7891=CARTESIAN_POINT('',(10.65,30.5000004544854,0.));
#7892=CARTESIAN_POINT('',(10.65,34.7625001322492,0.));
#7893=CARTESIAN_POINT('',(10.65,30.5000004544854,-2.5));
#7894=CARTESIAN_POINT('',(10.65,30.5000004544854,0.));
#7895=CARTESIAN_POINT('',(10.65,29.5214920491795,-2.5));
#7896=CARTESIAN_POINT('',(10.65,17.50625,-2.5));
#7897=CARTESIAN_POINT('',(10.65,29.5214920491795,-5.));
#7898=CARTESIAN_POINT('',(10.65,29.5214920491795,-5.));
#7899=CARTESIAN_POINT('',(10.65,-29.0214945738148,-5.));
#7900=CARTESIAN_POINT('',(10.65,-21.20625,-5.));
#7901=CARTESIAN_POINT('',(10.65,-29.0214945738148,-2.5));
#7902=CARTESIAN_POINT('',(10.65,-29.0214945738148,-4.));
#7903=CARTESIAN_POINT('',(10.65,-30.0000004470348,-2.5));
#7904=CARTESIAN_POINT('',(10.65,17.50625,-2.5));
#7905=CARTESIAN_POINT('',(10.65,-30.0000004470348,0.));
#7906=CARTESIAN_POINT('',(10.65,-30.0000004470348,0.));
#7907=CARTESIAN_POINT('',(10.65,-35.0000005215406,0.));
#7908=CARTESIAN_POINT('',(10.65,2.01249975785613,0.));
#7909=CARTESIAN_POINT('',(10.65,-35.0000005215406,-2.5));
#7910=CARTESIAN_POINT('',(10.65,-35.0000005215406,0.));
#7911=CARTESIAN_POINT('',(10.65,-35.9785054261852,-2.5));
#7912=CARTESIAN_POINT('',(10.65,17.50625,-2.5));
#7913=CARTESIAN_POINT('',(10.65,-35.9785054261852,-5.));
#7914=CARTESIAN_POINT('',(10.65,-35.9785054261852,-5.));
#7915=CARTESIAN_POINT('',(10.65,-38.4,-5.));
#7916=CARTESIAN_POINT('',(10.65,-21.20625,-5.));
#7917=CARTESIAN_POINT('',(10.65,-38.4,0.));
#7918=CARTESIAN_POINT('',(10.65,0.461065998839887,-0.384999999999999));
#7919=CARTESIAN_POINT('',(10.65,-12.1710659988379,-0.384999999999999));
#7920=CARTESIAN_POINT('',(10.65,12.6769670005811,-0.384999999999999));
#7921=CARTESIAN_POINT('',(10.65,-12.1710659988379,-2.435));
#7922=CARTESIAN_POINT('',(10.65,-12.1710659988379,-1.2175));
#7923=CARTESIAN_POINT('',(10.65,0.461065998839887,-2.435));
#7924=CARTESIAN_POINT('',(10.65,17.9930329994199,-2.435));
#7925=CARTESIAN_POINT('',(10.65,0.461065998839887,-0.192499999999999));
#7926=CARTESIAN_POINT('',(10.65,-14.575,-0.05));
#7927=CARTESIAN_POINT('',(10.65,-29.625,-0.05));
#7928=CARTESIAN_POINT('',(10.65,3.45,-0.05));
#7929=CARTESIAN_POINT('',(10.65,-29.625,-2.335));
#7930=CARTESIAN_POINT('',(10.65,-29.625,-1.1675));
#7931=CARTESIAN_POINT('',(10.65,-14.575,-2.335));
#7932=CARTESIAN_POINT('',(10.65,10.975,-2.335));
#7933=CARTESIAN_POINT('',(10.65,-14.575,-0.025));
#7934=CARTESIAN_POINT('Origin',(9.00000274688618,33.0000002644983,0.));
#7935=CARTESIAN_POINT('',(9.00000013411045,35.5000005289912,0.));
#7936=CARTESIAN_POINT('',(11.5000001713634,35.5000005289912,0.));
#7937=CARTESIAN_POINT('',(9.00000013411045,30.5000004544854,0.));
#7938=CARTESIAN_POINT('Origin',(9.000005322409,33.,0.));
#7939=CARTESIAN_POINT('',(9.00000013411045,30.5000004544854,0.));
#7940=CARTESIAN_POINT('',(7.900005322409,33.,0.));
#7941=CARTESIAN_POINT('Origin',(9.000005322409,33.,0.));
#7942=CARTESIAN_POINT('Origin',(9.00000013411045,35.5000005289912,0.));
#7943=CARTESIAN_POINT('',(9.00000013418671,35.4999999999946,-2.5));
#7944=CARTESIAN_POINT('',(4.50000006705523,35.5000005289912,-2.5));
#7945=CARTESIAN_POINT('',(9.00000013411045,35.5000005289912,0.));
#7946=CARTESIAN_POINT('Origin',(-9.5,35.375,0.));
#7947=CARTESIAN_POINT('',(-9.5,36.525,-2.5));
#7948=CARTESIAN_POINT('',(-10.6431862786755,35.5000005289912,-2.5));
#7949=CARTESIAN_POINT('Origin',(-9.5,35.375,-2.5));
#7950=CARTESIAN_POINT('',(-9.5,36.525,0.));
#7951=CARTESIAN_POINT('',(-10.65,35.375,0.));
#7952=CARTESIAN_POINT('',(-10.65,35.375,0.));
#7953=CARTESIAN_POINT('',(-10.6431862786755,35.5000005289912,0.));
#7954=CARTESIAN_POINT('Origin',(-9.5,35.375,0.));
#7955=CARTESIAN_POINT('',(-10.6431862786755,35.5000005289912,0.));
#7956=CARTESIAN_POINT('Origin',(-11.5000001713634,35.5000005289912,0.));
#7957=CARTESIAN_POINT('',(-9.00000013411045,35.5000005289912,0.));
#7958=CARTESIAN_POINT('',(-11.5000001713634,35.5000005289912,0.));
#7959=CARTESIAN_POINT('',(-9.0000001341093,35.499999999994,-2.5));
#7960=CARTESIAN_POINT('',(-9.00000013411045,35.5000005289912,0.));
#7961=CARTESIAN_POINT('',(-5.75000008568168,35.5000005289912,-2.5));
#7962=CARTESIAN_POINT('Origin',(-8.99999742447718,33.0000002644956,0.));
#7963=CARTESIAN_POINT('',(-10.65,30.5000004544854,0.));
#7964=CARTESIAN_POINT('',(-10.65,-3.2749998677522,0.));
#7965=CARTESIAN_POINT('',(-9.00086500836118,30.5000004544854,0.));
#7966=CARTESIAN_POINT('',(-9.00000013411045,30.5000004544854,0.));
#7967=CARTESIAN_POINT('Origin',(-8.999994677591,33.,0.));
#7968=CARTESIAN_POINT('',(-10.099994677591,33.,0.));
#7969=CARTESIAN_POINT('Origin',(-8.999994677591,33.,0.));
#7970=CARTESIAN_POINT('Origin',(-10.65,-39.55,0.));
#7971=CARTESIAN_POINT('',(-10.65,-38.4,-5.));
#7972=CARTESIAN_POINT('',(-10.65,-38.4,0.));
#7973=CARTESIAN_POINT('',(-10.65,-35.9785054261852,-5.));
#7974=CARTESIAN_POINT('',(-10.65,18.18125,-5.));
#7975=CARTESIAN_POINT('',(-10.65,-35.9785054261852,-2.5));
#7976=CARTESIAN_POINT('',(-10.65,-35.9785054261852,-4.));
#7977=CARTESIAN_POINT('',(-10.65,-35.0000005215406,-2.5));
#7978=CARTESIAN_POINT('',(-10.65,-20.53125,-2.5));
#7979=CARTESIAN_POINT('',(-10.65,-35.0000005215406,0.));
#7980=CARTESIAN_POINT('',(-10.65,-35.0000005215406,0.));
#7981=CARTESIAN_POINT('',(-10.65,-30.0000004470348,0.));
#7982=CARTESIAN_POINT('',(-10.65,-36.0250001303852,0.));
#7983=CARTESIAN_POINT('',(-10.65,-30.0000004470348,-2.5));
#7984=CARTESIAN_POINT('',(-10.65,-30.0000004470348,0.));
#7985=CARTESIAN_POINT('',(-10.65,-29.0214945738148,-2.5));
#7986=CARTESIAN_POINT('',(-10.65,-20.53125,-2.5));
#7987=CARTESIAN_POINT('',(-10.65,-29.0214945738148,-5.));
#7988=CARTESIAN_POINT('',(-10.65,-29.0214945738148,-5.));
#7989=CARTESIAN_POINT('',(-10.65,29.52149709846,-5.));
#7990=CARTESIAN_POINT('',(-10.65,18.18125,-5.));
#7991=CARTESIAN_POINT('',(-10.65,29.52149709846,-2.5));
#7992=CARTESIAN_POINT('',(-10.65,29.52149709846,-4.));
#7993=CARTESIAN_POINT('',(-10.65,30.5000004544854,-2.5));
#7994=CARTESIAN_POINT('',(-10.65,-20.53125,-2.5));
#7995=CARTESIAN_POINT('',(-10.65,30.5000004544854,0.));
#7996=CARTESIAN_POINT('',(-10.65,-21.15,-1.035));
#7997=CARTESIAN_POINT('Origin',(-10.65,-21.15,-1.785));
#7998=CARTESIAN_POINT('',(-10.65,-9.15,-1.035));
#7999=CARTESIAN_POINT('Origin',(-10.65,-9.15,-1.785));
#8000=CARTESIAN_POINT('',(-10.65,-28.15,-2.835));
#8001=CARTESIAN_POINT('',(-10.65,-28.15,-2.535));
#8002=CARTESIAN_POINT('',(-10.65,-28.15,-1.2675));
#8003=CARTESIAN_POINT('',(-10.65,-22.7311388300842,-2.535));
#8004=CARTESIAN_POINT('',(-10.65,-31.1405694150421,-2.535));
#8005=CARTESIAN_POINT('',(-10.65,-22.7311388300842,-1.035));
#8006=CARTESIAN_POINT('Origin',(-10.65,-21.15,-1.785));
#8007=CARTESIAN_POINT('',(-10.65,-28.15,-1.035));
#8008=CARTESIAN_POINT('',(-10.65,-33.85,-1.035));
#8009=CARTESIAN_POINT('',(-10.65,-28.15,-0.735000000000003));
#8010=CARTESIAN_POINT('',(-10.65,-28.15,-0.367500000000001));
#8011=CARTESIAN_POINT('',(-10.65,-22.9106816861659,-0.735000000000003));
#8012=CARTESIAN_POINT('',(-10.65,-31.2303408430829,-0.735000000000002));
#8013=CARTESIAN_POINT('',(-10.65,-22.9106816861659,-2.835));
#8014=CARTESIAN_POINT('Origin',(-10.65,-21.15,-1.785));
#8015=CARTESIAN_POINT('',(-10.65,-33.85,-2.835));
#8016=CARTESIAN_POINT('',(-10.65,-2.15,-0.735000000000002));
#8017=CARTESIAN_POINT('',(-10.65,-2.15,-1.035));
#8018=CARTESIAN_POINT('',(-10.65,-2.15,-0.517499999999983));
#8019=CARTESIAN_POINT('',(-10.65,-7.56886116991581,-1.035));
#8020=CARTESIAN_POINT('',(-10.65,-23.5594305849579,-1.035));
#8021=CARTESIAN_POINT('',(-10.65,-7.56886116991581,-2.535));
#8022=CARTESIAN_POINT('Origin',(-10.65,-9.15,-1.785));
#8023=CARTESIAN_POINT('',(-10.65,-2.15,-2.535));
#8024=CARTESIAN_POINT('',(-10.65,-20.85,-2.535));
#8025=CARTESIAN_POINT('',(-10.65,-2.15,-2.835));
#8026=CARTESIAN_POINT('',(-10.65,-2.15,-1.41749999999998));
#8027=CARTESIAN_POINT('',(-10.65,-7.3893183138341,-2.835));
#8028=CARTESIAN_POINT('',(-10.65,-23.4696591569171,-2.835));
#8029=CARTESIAN_POINT('',(-10.65,-7.3893183138341,-0.735000000000001));
#8030=CARTESIAN_POINT('Origin',(-10.65,-9.15,-1.785));
#8031=CARTESIAN_POINT('',(-10.65,-20.85,-0.734999999999998));
#8032=CARTESIAN_POINT('Origin',(-9.5,-38.4,0.));
#8033=CARTESIAN_POINT('',(-9.5,-39.55,-5.));
#8034=CARTESIAN_POINT('Origin',(-9.5,-38.4,-5.));
#8035=CARTESIAN_POINT('',(-9.5,-39.55,0.));
#8036=CARTESIAN_POINT('Origin',(9.5,-38.4,0.));
#8037=CARTESIAN_POINT('',(9.5,-39.55,-5.));
#8038=CARTESIAN_POINT('Origin',(9.5,-38.4,-5.));
#8039=CARTESIAN_POINT('',(9.5,-39.55,0.));
#8040=CARTESIAN_POINT('Origin',(0.,-1.5125,-5.));
#8041=CARTESIAN_POINT('',(-6.,-39.55,-5.));
#8042=CARTESIAN_POINT('Origin',(9.,-32.5,-5.));
#8043=CARTESIAN_POINT('',(7.45182090186989,36.525,-5.));
#8044=CARTESIAN_POINT('Origin',(9.000005322409,33.,-5.));
#8045=CARTESIAN_POINT('',(-7.45181025705188,36.525,-5.));
#8046=CARTESIAN_POINT('',(6.,36.525,-5.));
#8047=CARTESIAN_POINT('Origin',(-8.999994677591,33.,-5.));
#8048=CARTESIAN_POINT('Origin',(-9.,-32.5,-5.));
#8049=CARTESIAN_POINT('Origin',(-9.5,-38.4,0.));
#8050=CARTESIAN_POINT('',(-9.5,-40.9,0.));
#8051=CARTESIAN_POINT('',(-12.,-38.4,0.));
#8052=CARTESIAN_POINT('Origin',(-12.,-40.9,0.));
#8053=CARTESIAN_POINT('',(9.5,-40.9,0.));
#8054=CARTESIAN_POINT('Origin',(9.5,-38.4,0.));
#8055=CARTESIAN_POINT('',(12.,-38.4,0.));
#8056=CARTESIAN_POINT('Origin',(12.,-40.9,0.));
#8057=CARTESIAN_POINT('',(12.,-24.6333775035414,-4.18191599990984));
#8058=CARTESIAN_POINT('',(12.,-24.6333775035414,-5.70943299080988));
#8059=CARTESIAN_POINT('',(12.,-24.6333775035414,-2.09095799995492));
#8060=CARTESIAN_POINT('',(12.,-25.1112300268683,-5.70943299080988));
#8061=CARTESIAN_POINT('',(12.,-32.7666887517707,-5.70943299080988));
#8062=CARTESIAN_POINT('',(12.,-25.1112300268683,-4.18191599990984));
#8063=CARTESIAN_POINT('',(12.,-25.1112300268683,-2.85471649540494));
#8064=CARTESIAN_POINT('',(12.,-33.0056150134342,-4.18191599990984));
#8065=CARTESIAN_POINT('',(12.,-23.0709615460906,-5.56715104128977));
#8066=CARTESIAN_POINT('',(12.,-23.319284032968,-5.7067483976092));
#8067=CARTESIAN_POINT('Ctrl Pts',(12.,-23.0709615460906,-5.56715104128977));
#8068=CARTESIAN_POINT('Ctrl Pts',(12.,-23.1091307781969,-5.59768989621201));
#8069=CARTESIAN_POINT('Ctrl Pts',(12.,-23.1842896095747,-5.65782379257074));
#8070=CARTESIAN_POINT('Ctrl Pts',(12.,-23.2747592046106,-5.69061173368611));
#8071=CARTESIAN_POINT('Ctrl Pts',(12.,-23.319284032968,-5.7067483976092));
#8072=CARTESIAN_POINT('',(12.,-23.5756597034011,-5.74701699759623));
#8073=CARTESIAN_POINT('Ctrl Pts',(12.,-23.319284032968,-5.7067483976092));
#8074=CARTESIAN_POINT('Ctrl Pts',(12.,-23.3629859366701,-5.71848779472101));
#8075=CARTESIAN_POINT('Ctrl Pts',(12.,-23.4470337062936,-5.74106507535155));
#8076=CARTESIAN_POINT('Ctrl Pts',(12.,-23.5339411121679,-5.7450865495005));
#8077=CARTESIAN_POINT('Ctrl Pts',(12.,-23.5756597034011,-5.74701699759623));
#8078=CARTESIAN_POINT('',(12.,-23.9622369519744,-5.65171483304163));
#8079=CARTESIAN_POINT('Ctrl Pts',(12.,-23.5756597034011,-5.74701699759623));
#8080=CARTESIAN_POINT('Ctrl Pts',(12.,-23.6447562441394,-5.74343007173505));
#8081=CARTESIAN_POINT('Ctrl Pts',(12.,-23.7797978886045,-5.73641981678319));
#8082=CARTESIAN_POINT('Ctrl Pts',(12.,-23.9023774683718,-5.67950710785209));
#8083=CARTESIAN_POINT('Ctrl Pts',(12.,-23.9622369519744,-5.65171483304163));
#8084=CARTESIAN_POINT('',(12.,-24.2347201816115,-5.3765470102038));
#8085=CARTESIAN_POINT('Ctrl Pts',(12.,-23.9622369519744,-5.65171483304163));
#8086=CARTESIAN_POINT('Ctrl Pts',(12.,-24.016750112883,-5.61605181405398));
#8087=CARTESIAN_POINT('Ctrl Pts',(12.,-24.12717834463,-5.5438086335096));
#8088=CARTESIAN_POINT('Ctrl Pts',(12.,-24.1985707885223,-5.43277076776018));
#8089=CARTESIAN_POINT('Ctrl Pts',(12.,-24.2347201816115,-5.3765470102038));
#8090=CARTESIAN_POINT('',(12.,-24.3353912345442,-4.94433227326533));
#8091=CARTESIAN_POINT('Ctrl Pts',(12.,-24.2347201816115,-5.3765470102038));
#8092=CARTESIAN_POINT('Ctrl Pts',(12.,-24.2640603995517,-5.31155353956009));
#8093=CARTESIAN_POINT('Ctrl Pts',(12.,-24.3260199630405,-5.17430278433686));
#8094=CARTESIAN_POINT('Ctrl Pts',(12.,-24.3321591741777,-5.0236468651017));
#8095=CARTESIAN_POINT('Ctrl Pts',(12.,-24.3353912345442,-4.94433227326533));
#8096=CARTESIAN_POINT('',(12.,-24.2239818088088,-4.51345968391558));
#8097=CARTESIAN_POINT('Ctrl Pts',(12.,-24.3353912345442,-4.94433227326533));
#8098=CARTESIAN_POINT('Ctrl Pts',(12.,-24.331707669556,-4.86487903601232));
#8099=CARTESIAN_POINT('Ctrl Pts',(12.,-24.3246779546364,-4.71325048890926));
#8100=CARTESIAN_POINT('Ctrl Pts',(12.,-24.2564556706303,-4.57789093837171));
#8101=CARTESIAN_POINT('Ctrl Pts',(12.,-24.2239818088088,-4.51345968391558));
#8102=CARTESIAN_POINT('',(12.,-23.928679834989,-4.23963415767809));
#8103=CARTESIAN_POINT('Ctrl Pts',(12.,-24.2239818088088,-4.51345968391558));
#8104=CARTESIAN_POINT('Ctrl Pts',(12.,-24.1839545391245,-4.45748663250555));
#8105=CARTESIAN_POINT('Ctrl Pts',(12.,-24.1042337884009,-4.34600729069925));
#8106=CARTESIAN_POINT('Ctrl Pts',(12.,-23.9870342490171,-4.27499275670217));
#8107=CARTESIAN_POINT('Ctrl Pts',(12.,-23.928679834989,-4.23963415767809));
#8108=CARTESIAN_POINT('',(12.,-23.5327068082366,-4.14433214213511));
#8109=CARTESIAN_POINT('Ctrl Pts',(12.,-23.928679834989,-4.23963415767809));
#8110=CARTESIAN_POINT('Ctrl Pts',(12.,-23.8659921029419,-4.21183801891244));
#8111=CARTESIAN_POINT('Ctrl Pts',(12.,-23.7398376141279,-4.15590031686976));
#8112=CARTESIAN_POINT('Ctrl Pts',(12.,-23.6020340633981,-4.14820404230047));
#8113=CARTESIAN_POINT('Ctrl Pts',(12.,-23.5327068082366,-4.14433214213511));
#8114=CARTESIAN_POINT('',(12.,-23.2830420247588,-4.18862733389994));
#8115=CARTESIAN_POINT('Ctrl Pts',(12.,-23.5327068082366,-4.14433214213511));
#8116=CARTESIAN_POINT('Ctrl Pts',(12.,-23.4882405025963,-4.14584990581493));
#8117=CARTESIAN_POINT('Ctrl Pts',(12.,-23.4028671802326,-4.14876394434464));
#8118=CARTESIAN_POINT('Ctrl Pts',(12.,-23.3218579613827,-4.17571406208757));
#8119=CARTESIAN_POINT('Ctrl Pts',(12.,-23.2830420247588,-4.18862733389994));
#8120=CARTESIAN_POINT('',(12.,-23.0870691052947,-4.30809053923747));
#8121=CARTESIAN_POINT('Ctrl Pts',(12.,-23.2830420247588,-4.18862733389994));
#8122=CARTESIAN_POINT('Ctrl Pts',(12.,-23.2475039612423,-4.20455296573953));
#8123=CARTESIAN_POINT('Ctrl Pts',(12.,-23.1771221565863,-4.2360930835244));
#8124=CARTESIAN_POINT('Ctrl Pts',(12.,-23.1168887197648,-4.28424974382413));
#8125=CARTESIAN_POINT('Ctrl Pts',(12.,-23.0870691052947,-4.30809053923747));
#8126=CARTESIAN_POINT('',(12.,-23.3098879567656,-4.61144629265925));
#8127=CARTESIAN_POINT('',(12.,-25.1805606980591,-7.15826553660755));
#8128=CARTESIAN_POINT('',(12.,-23.4078744164977,-4.54970124508997));
#8129=CARTESIAN_POINT('Ctrl Pts',(12.,-23.3098879567656,-4.61144629265925));
#8130=CARTESIAN_POINT('Ctrl Pts',(12.,-23.3260912743688,-4.59839759695693));
#8131=CARTESIAN_POINT('Ctrl Pts',(12.,-23.3563812888168,-4.57400474167696));
#8132=CARTESIAN_POINT('Ctrl Pts',(12.,-23.3915287239464,-4.55741601210888));
#8133=CARTESIAN_POINT('Ctrl Pts',(12.,-23.4078744164977,-4.54970124508997));
#8134=CARTESIAN_POINT('',(12.,-23.503176283029,-4.53090939070841));
#8135=CARTESIAN_POINT('Ctrl Pts',(12.,-23.4078744164977,-4.54970124508997));
#8136=CARTESIAN_POINT('Ctrl Pts',(12.,-23.4234927816923,-4.5442205466785));
#8137=CARTESIAN_POINT('Ctrl Pts',(12.,-23.4543644763991,-4.53338724587975));
#8138=CARTESIAN_POINT('Ctrl Pts',(12.,-23.4870344471554,-4.53172880581012));
#8139=CARTESIAN_POINT('Ctrl Pts',(12.,-23.503176283029,-4.53090939070841));
#8140=CARTESIAN_POINT('',(12.,-23.6857268325362,-4.58191606547495));
#8141=CARTESIAN_POINT('Ctrl Pts',(12.,-23.503176283029,-4.53090939070841));
#8142=CARTESIAN_POINT('Ctrl Pts',(12.,-23.5365222985897,-4.53275574611975));
#8143=CARTESIAN_POINT('Ctrl Pts',(12.,-23.6011901050947,-4.53633637644312));
#8144=CARTESIAN_POINT('Ctrl Pts',(12.,-23.6581421590465,-4.56704322998966));
#8145=CARTESIAN_POINT('Ctrl Pts',(12.,-23.6857268325362,-4.58191606547495));
#8146=CARTESIAN_POINT('',(12.,-23.8051897398505,-4.72554031159541));
#8147=CARTESIAN_POINT('Ctrl Pts',(12.,-23.6857268325362,-4.58191606547495));
#8148=CARTESIAN_POINT('Ctrl Pts',(12.,-23.7103189058888,-4.60099437195284));
#8149=CARTESIAN_POINT('Ctrl Pts',(12.,-23.760666241181,-4.64005337601796));
#8150=CARTESIAN_POINT('Ctrl Pts',(12.,-23.7901217341265,-4.69660912529826));
#8151=CARTESIAN_POINT('Ctrl Pts',(12.,-23.8051897398505,-4.72554031159541));
#8152=CARTESIAN_POINT('',(12.,-23.8468006364379,-4.94433227326533));
#8153=CARTESIAN_POINT('Ctrl Pts',(12.,-23.8051897398505,-4.72554031159541));
#8154=CARTESIAN_POINT('Ctrl Pts',(12.,-23.8173159437587,-4.75887083529765));
#8155=CARTESIAN_POINT('Ctrl Pts',(12.,-23.8430050772757,-4.82948091905143));
#8156=CARTESIAN_POINT('Ctrl Pts',(12.,-23.8454891409993,-4.90464720428741));
#8157=CARTESIAN_POINT('Ctrl Pts',(12.,-23.8468006364379,-4.94433227326533));
#8158=CARTESIAN_POINT('',(12.,-23.8038474432501,-5.16446653153559));
#8159=CARTESIAN_POINT('Ctrl Pts',(12.,-23.8468006364379,-4.94433227326533));
#8160=CARTESIAN_POINT('Ctrl Pts',(12.,-23.8454100060423,-4.98414566627773));
#8161=CARTESIAN_POINT('Ctrl Pts',(12.,-23.8427650900709,-5.05986893494315));
#8162=CARTESIAN_POINT('Ctrl Pts',(12.,-23.8163663762836,-5.13081983359322));
#8163=CARTESIAN_POINT('Ctrl Pts',(12.,-23.8038474432501,-5.16446653153559));
#8164=CARTESIAN_POINT('',(12.,-23.6870691291365,-5.30943277623316));
#8165=CARTESIAN_POINT('Ctrl Pts',(12.,-23.8038474432501,-5.16446653153559));
#8166=CARTESIAN_POINT('Ctrl Pts',(12.,-23.7887319122569,-5.19365154018019));
#8167=CARTESIAN_POINT('Ctrl Pts',(12.,-23.7595830121954,-5.24993212341967));
#8168=CARTESIAN_POINT('Ctrl Pts',(12.,-23.7106346828706,-5.29009626063172));
#8169=CARTESIAN_POINT('Ctrl Pts',(12.,-23.6870691291365,-5.30943277623316));
#8170=CARTESIAN_POINT('',(12.,-23.5219684354338,-5.36043974902293));
#8171=CARTESIAN_POINT('Ctrl Pts',(12.,-23.6870691291365,-5.30943277623316));
#8172=CARTESIAN_POINT('Ctrl Pts',(12.,-23.661664725173,-5.32430968462303));
#8173=CARTESIAN_POINT('Ctrl Pts',(12.,-23.610622879221,-5.35419996929057));
#8174=CARTESIAN_POINT('Ctrl Pts',(12.,-23.5516097273741,-5.35835350128633));
#8175=CARTESIAN_POINT('Ctrl Pts',(12.,-23.5219684354338,-5.36043974902293));
#8176=CARTESIAN_POINT('',(12.,-23.3823707810912,-5.32956722523829));
#8177=CARTESIAN_POINT('Ctrl Pts',(12.,-23.5219684354338,-5.36043974902293));
#8178=CARTESIAN_POINT('Ctrl Pts',(12.,-23.4979765190708,-5.3591282233278));
#8179=CARTESIAN_POINT('Ctrl Pts',(12.,-23.4497554018294,-5.35649220070449));
#8180=CARTESIAN_POINT('Ctrl Pts',(12.,-23.4049058858961,-5.33857161136309));
#8181=CARTESIAN_POINT('Ctrl Pts',(12.,-23.3823707810912,-5.32956722523829));
#8182=CARTESIAN_POINT('',(12.,-23.2561960927519,-5.25305721308848));
#8183=CARTESIAN_POINT('Ctrl Pts',(12.,-23.3823707810912,-5.32956722523829));
#8184=CARTESIAN_POINT('Ctrl Pts',(12.,-23.3603097475588,-5.31864142835524));
#8185=CARTESIAN_POINT('Ctrl Pts',(12.,-23.3160724897909,-5.2967327860278));
#8186=CARTESIAN_POINT('Ctrl Pts',(12.,-23.2761895092556,-5.26764098839884));
#8187=CARTESIAN_POINT('Ctrl Pts',(12.,-23.2561960927519,-5.25305721308848));
#8188=CARTESIAN_POINT('',(12.,-26.6819377101893,0.55581763473577));
#8189=CARTESIAN_POINT('',(12.,-22.3300221673522,-4.83694973733088));
#8190=CARTESIAN_POINT('',(12.,-22.3300221673522,-5.70943299080988));
#8191=CARTESIAN_POINT('',(12.,-22.3300221673522,-2.41847486866544));
#8192=CARTESIAN_POINT('',(12.,-22.8078743926558,-5.70943299080988));
#8193=CARTESIAN_POINT('',(12.,-31.6150110836761,-5.70943299080988));
#8194=CARTESIAN_POINT('',(12.,-22.8078743926558,-4.18191599990984));
#8195=CARTESIAN_POINT('',(12.,-22.8078743926558,-2.85471649540494));
#8196=CARTESIAN_POINT('',(12.,-22.4186125508818,-4.18191599990984));
#8197=CARTESIAN_POINT('',(12.,-31.8539371963279,-4.18191599990984));
#8198=CARTESIAN_POINT('',(12.,-22.3837134353194,-4.44768789555689));
#8199=CARTESIAN_POINT('',(12.,-22.845162575692,-0.93355262865867));
#8200=CARTESIAN_POINT('',(12.,-22.3756596557173,-4.44768789555689));
#8201=CARTESIAN_POINT('',(12.,-31.6418567176597,-4.44768789555689));
#8202=CARTESIAN_POINT('',(12.,-22.1729752532515,-4.21949985768458));
#8203=CARTESIAN_POINT('Ctrl Pts',(12.,-22.3756596557173,-4.44768789555689));
#8204=CARTESIAN_POINT('Ctrl Pts',(12.,-22.3470657109527,-4.40081176797428));
#8205=CARTESIAN_POINT('Ctrl Pts',(12.,-22.2931581583964,-4.31243720713325));
#8206=CARTESIAN_POINT('Ctrl Pts',(12.,-22.211377403772,-4.24919621157287));
#8207=CARTESIAN_POINT('Ctrl Pts',(12.,-22.1729752532515,-4.21949985768458));
#8208=CARTESIAN_POINT('',(12.,-21.9407603255782,-4.14433214213511));
#8209=CARTESIAN_POINT('Ctrl Pts',(12.,-22.1729752532515,-4.21949985768458));
#8210=CARTESIAN_POINT('Ctrl Pts',(12.,-22.1351450424738,-4.19759171412419));
#8211=CARTESIAN_POINT('Ctrl Pts',(12.,-22.0630185238598,-4.15582197264445));
#8212=CARTESIAN_POINT('Ctrl Pts',(12.,-21.9801598129216,-4.14803490757819));
#8213=CARTESIAN_POINT('Ctrl Pts',(12.,-21.9407603255782,-4.14433214213511));
#8214=CARTESIAN_POINT('',(12.,-21.8293508998427,-4.15372806932589));
#8215=CARTESIAN_POINT('Ctrl Pts',(12.,-21.9407603255782,-4.14433214213511));
#8216=CARTESIAN_POINT('Ctrl Pts',(12.,-21.9197865679705,-4.14449337118557));
#8217=CARTESIAN_POINT('Ctrl Pts',(12.,-21.8823916115981,-4.1447808329471));
#8218=CARTESIAN_POINT('Ctrl Pts',(12.,-21.8455354836009,-4.15099795331153));
#8219=CARTESIAN_POINT('Ctrl Pts',(12.,-21.8293508998427,-4.15372806932589));
#8220=CARTESIAN_POINT('',(12.,-21.7555251828704,-4.17654696252009));
#8221=CARTESIAN_POINT('Ctrl Pts',(12.,-21.8293508998427,-4.15372806932589));
#8222=CARTESIAN_POINT('Ctrl Pts',(12.,-21.8161727565213,-4.15690424549844));
#8223=CARTESIAN_POINT('Ctrl Pts',(12.,-21.7910788642866,-4.16295233745258));
#8224=CARTESIAN_POINT('Ctrl Pts',(12.,-21.7669721660769,-4.17216999117288));
#8225=CARTESIAN_POINT('Ctrl Pts',(12.,-21.7555251828704,-4.17654696252009));
#8226=CARTESIAN_POINT('',(12.,-21.8333777896437,-4.58728525187632));
#8227=CARTESIAN_POINT('',(12.,-21.7054057831333,-3.91212477597129));
#8228=CARTESIAN_POINT('',(12.,-21.9139143935713,-4.56983554508349));
#8229=CARTESIAN_POINT('Ctrl Pts',(12.,-21.8333777896437,-4.58728525187632));
#8230=CARTESIAN_POINT('Ctrl Pts',(12.,-21.8472214734897,-4.58391861595893));
#8231=CARTESIAN_POINT('Ctrl Pts',(12.,-21.8739208899889,-4.57742560329269));
#8232=CARTESIAN_POINT('Ctrl Pts',(12.,-21.900916192302,-4.57230237332837));
#8233=CARTESIAN_POINT('Ctrl Pts',(12.,-21.9139143935713,-4.56983554508349));
#8234=CARTESIAN_POINT('',(12.,-22.0025053731475,-4.56312421109339));
#8235=CARTESIAN_POINT('Ctrl Pts',(12.,-21.9139143935713,-4.56983554508349));
#8236=CARTESIAN_POINT('Ctrl Pts',(12.,-21.9275390211877,-4.56788081995474));
#8237=CARTESIAN_POINT('Ctrl Pts',(12.,-21.956913287843,-4.56366649433891));
#8238=CARTESIAN_POINT('Ctrl Pts',(12.,-21.9865923249409,-4.56331348472214));
#8239=CARTESIAN_POINT('Ctrl Pts',(12.,-22.0025053731475,-4.56312421109339));
#8240=CARTESIAN_POINT('',(12.,-22.1783444396529,-4.62486910965105));
#8241=CARTESIAN_POINT('Ctrl Pts',(12.,-22.0025053731475,-4.56312421109339));
#8242=CARTESIAN_POINT('Ctrl Pts',(12.,-22.0316599157753,-4.56640415742606));
#8243=CARTESIAN_POINT('Ctrl Pts',(12.,-22.0948317602217,-4.57351112055579));
#8244=CARTESIAN_POINT('Ctrl Pts',(12.,-22.1491140561063,-4.60689323186027));
#8245=CARTESIAN_POINT('Ctrl Pts',(12.,-22.1783444396529,-4.62486910965105));
#8246=CARTESIAN_POINT('Ctrl Pts',(12.,-22.1783444396529,-4.62486910965105));
#8247=CARTESIAN_POINT('Ctrl Pts',(12.,-22.208589445224,-4.65123222712148));
#8248=CARTESIAN_POINT('Ctrl Pts',(12.,-22.2756869241294,-4.70971787408877));
#8249=CARTESIAN_POINT('Ctrl Pts',(12.,-22.3107591656976,-4.7918433303881));
#8250=CARTESIAN_POINT('Ctrl Pts',(12.,-22.3300221673522,-4.83694973733088));
#8251=CARTESIAN_POINT('',(12.,-18.5219672433409,-5.43023827817103));
#8252=CARTESIAN_POINT('',(12.,-18.7823703996214,-5.65976861264368));
#8253=CARTESIAN_POINT('Ctrl Pts',(12.,-18.5219672433409,-5.43023827817103));
#8254=CARTESIAN_POINT('Ctrl Pts',(12.,-18.556209963284,-5.47582909514065));
#8255=CARTESIAN_POINT('Ctrl Pts',(12.,-18.6271042417785,-5.57021786099851));
#8256=CARTESIAN_POINT('Ctrl Pts',(12.,-18.7294557835698,-5.62924976870321));
#8257=CARTESIAN_POINT('Ctrl Pts',(12.,-18.7823703996214,-5.65976861264368));
#8258=CARTESIAN_POINT('',(12.,-19.1944512836012,-5.74701699759623));
#8259=CARTESIAN_POINT('Ctrl Pts',(12.,-18.7823703996214,-5.65976861264368));
#8260=CARTESIAN_POINT('Ctrl Pts',(12.,-18.8443303775799,-5.68519115185944));
#8261=CARTESIAN_POINT('Ctrl Pts',(12.,-18.9762037427039,-5.73929956033286));
#8262=CARTESIAN_POINT('Ctrl Pts',(12.,-19.1188346999972,-5.74434312444451));
#8263=CARTESIAN_POINT('Ctrl Pts',(12.,-19.1944512836012,-5.74701699759623));
#8264=CARTESIAN_POINT('',(12.,-19.5877394191298,-5.67453357722422));
#8265=CARTESIAN_POINT('Ctrl Pts',(12.,-19.1944512836012,-5.74701699759623));
#8266=CARTESIAN_POINT('Ctrl Pts',(12.,-19.2604005655821,-5.74378599479128));
#8267=CARTESIAN_POINT('Ctrl Pts',(12.,-19.3947078727736,-5.73720597946393));
#8268=CARTESIAN_POINT('Ctrl Pts',(12.,-19.5226308228254,-5.69567267191561));
#8269=CARTESIAN_POINT('Ctrl Pts',(12.,-19.5877394191298,-5.67453357722422));
#8270=CARTESIAN_POINT('',(12.,-19.940759848741,-5.45976850535532));
#8271=CARTESIAN_POINT('Ctrl Pts',(12.,-19.5877394191298,-5.67453357722422));
#8272=CARTESIAN_POINT('Ctrl Pts',(12.,-19.6518001597698,-5.64744366507473));
#8273=CARTESIAN_POINT('Ctrl Pts',(12.,-19.780033540109,-5.59321652106546));
#8274=CARTESIAN_POINT('Ctrl Pts',(12.,-19.8871532542489,-5.50427704739074));
#8275=CARTESIAN_POINT('Ctrl Pts',(12.,-19.940759848741,-5.45976850535532));
#8276=CARTESIAN_POINT('',(12.,-19.6669343225035,-5.12956711794993));
#8277=CARTESIAN_POINT('',(12.,-22.869551330726,-8.99154665643168));
#8278=CARTESIAN_POINT('',(12.,-19.4320348016295,-5.27721825387141));
#8279=CARTESIAN_POINT('Ctrl Pts',(12.,-19.6669343225035,-5.12956711794993));
#8280=CARTESIAN_POINT('Ctrl Pts',(12.,-19.630856165492,-5.15858822830291));
#8281=CARTESIAN_POINT('Ctrl Pts',(12.,-19.5583073816067,-5.21694615003478));
#8282=CARTESIAN_POINT('Ctrl Pts',(12.,-19.4742771887115,-5.25705522607097));
#8283=CARTESIAN_POINT('Ctrl Pts',(12.,-19.4320348016295,-5.27721825387141));
#8284=CARTESIAN_POINT('',(12.,-19.1837129107985,-5.33359411503931));
#8285=CARTESIAN_POINT('Ctrl Pts',(12.,-19.4320348016295,-5.27721825387141));
#8286=CARTESIAN_POINT('Ctrl Pts',(12.,-19.3901598735032,-5.29365017844928));
#8287=CARTESIAN_POINT('Ctrl Pts',(12.,-19.3101805312814,-5.32503445964048));
#8288=CARTESIAN_POINT('Ctrl Pts',(12.,-19.2245227116623,-5.33083200224748));
#8289=CARTESIAN_POINT('Ctrl Pts',(12.,-19.1837129107985,-5.33359411503931));
#8290=CARTESIAN_POINT('',(12.,-18.9863970986876,-5.28661403205058));
#8291=CARTESIAN_POINT('Ctrl Pts',(12.,-19.1837129107985,-5.33359411503931));
#8292=CARTESIAN_POINT('Ctrl Pts',(12.,-19.1440289865087,-5.33300534244178));
#8293=CARTESIAN_POINT('Ctrl Pts',(12.,-19.0744330161556,-5.331972778224));
#8294=CARTESIAN_POINT('Ctrl Pts',(12.,-19.0128606391476,-5.30024884212691));
#8295=CARTESIAN_POINT('Ctrl Pts',(12.,-18.9863970986876,-5.28661403205058));
#8296=CARTESIAN_POINT('',(12.,-18.923309754518,-5.15909734513422));
#8297=CARTESIAN_POINT('Ctrl Pts',(12.,-18.9863970986876,-5.28661403205058));
#8298=CARTESIAN_POINT('Ctrl Pts',(12.,-18.9679969499213,-5.26946381854464));
#8299=CARTESIAN_POINT('Ctrl Pts',(12.,-18.9309389627682,-5.23492320695247));
#8300=CARTESIAN_POINT('Ctrl Pts',(12.,-18.92586458581,-5.18448953239222));
#8301=CARTESIAN_POINT('Ctrl Pts',(12.,-18.923309754518,-5.15909734513422));
#8302=CARTESIAN_POINT('',(12.,-18.9582094661269,-5.06379547860285));
#8303=CARTESIAN_POINT('Ctrl Pts',(12.,-18.923309754518,-5.15909734513422));
#8304=CARTESIAN_POINT('Ctrl Pts',(12.,-18.9244859994996,-5.14066018412229));
#8305=CARTESIAN_POINT('Ctrl Pts',(12.,-18.9267379433894,-5.10536188084745));
#8306=CARTESIAN_POINT('Ctrl Pts',(12.,-18.9480359334784,-5.07723229746428));
#8307=CARTESIAN_POINT('Ctrl Pts',(12.,-18.9582094661269,-5.06379547860285));
#8308=CARTESIAN_POINT('',(12.,-19.0561959258589,-4.99802354123255));
#8309=CARTESIAN_POINT('Ctrl Pts',(12.,-18.9582094661269,-5.06379547860285));
#8310=CARTESIAN_POINT('Ctrl Pts',(12.,-18.971768071099,-5.05165345838731));
#8311=CARTESIAN_POINT('Ctrl Pts',(12.,-19.0013279963809,-5.02518191422173));
#8312=CARTESIAN_POINT('Ctrl Pts',(12.,-19.0369260550968,-5.00756168751563));
#8313=CARTESIAN_POINT('Ctrl Pts',(12.,-19.0561959258589,-4.99802354123255));
#8314=CARTESIAN_POINT('',(12.,-19.2051890603575,-4.93359390046259));
#8315=CARTESIAN_POINT('Ctrl Pts',(12.,-19.0561959258589,-4.99802354123255));
#8316=CARTESIAN_POINT('Ctrl Pts',(12.,-19.0790672854773,-4.98759581348828));
#8317=CARTESIAN_POINT('Ctrl Pts',(12.,-19.1283092792642,-4.96514493547476));
#8318=CARTESIAN_POINT('Ctrl Pts',(12.,-19.1783764942956,-4.94459762860223));
#8319=CARTESIAN_POINT('Ctrl Pts',(12.,-19.2051890603575,-4.93359390046259));
#8320=CARTESIAN_POINT('',(12.,-19.4602230302367,-4.82621136452815));
#8321=CARTESIAN_POINT('',(12.,-29.301349340404,-0.682586497073248));
#8322=CARTESIAN_POINT('',(12.,-19.6575382463011,-4.71077519800326));
#8323=CARTESIAN_POINT('Ctrl Pts',(12.,-19.4602230302367,-4.82621136452815));
#8324=CARTESIAN_POINT('Ctrl Pts',(12.,-19.4947666607531,-4.81054740137452));
#8325=CARTESIAN_POINT('Ctrl Pts',(12.,-19.5645349898548,-4.77891064171721));
#8326=CARTESIAN_POINT('Ctrl Pts',(12.,-19.6263360631854,-4.73363433942123));
#8327=CARTESIAN_POINT('Ctrl Pts',(12.,-19.6575382463011,-4.71077519800326));
#8328=CARTESIAN_POINT('',(12.,-19.8078736774001,-4.53090939070841));
#8329=CARTESIAN_POINT('Ctrl Pts',(12.,-19.6575382463011,-4.71077519800326));
#8330=CARTESIAN_POINT('Ctrl Pts',(12.,-19.6870438054701,-4.68499671658495));
#8331=CARTESIAN_POINT('Ctrl Pts',(12.,-19.746607400024,-4.63295706512051));
#8332=CARTESIAN_POINT('Ctrl Pts',(12.,-19.7873256921142,-4.56513497453817));
#8333=CARTESIAN_POINT('Ctrl Pts',(12.,-19.8078736774001,-4.53090939070841));
#8334=CARTESIAN_POINT('',(12.,-19.8655918351683,-4.27856031205317));
#8335=CARTESIAN_POINT('Ctrl Pts',(12.,-19.8078736774001,-4.53090939070841));
#8336=CARTESIAN_POINT('Ctrl Pts',(12.,-19.8246986648127,-4.49254536893734));
#8337=CARTESIAN_POINT('Ctrl Pts',(12.,-19.8599417266915,-4.41218479807672));
#8338=CARTESIAN_POINT('Ctrl Pts',(12.,-19.8636525523697,-4.3244241513552));
#8339=CARTESIAN_POINT('Ctrl Pts',(12.,-19.8655918351683,-4.27856031205317));
#8340=CARTESIAN_POINT('',(12.,-19.7729745618376,-3.9725199654307));
#8341=CARTESIAN_POINT('Ctrl Pts',(12.,-19.8655918351683,-4.27856031205317));
#8342=CARTESIAN_POINT('Ctrl Pts',(12.,-19.8618282811311,-4.2236682552446));
#8343=CARTESIAN_POINT('Ctrl Pts',(12.,-19.8543469621571,-4.11455198321533));
#8344=CARTESIAN_POINT('Ctrl Pts',(12.,-19.7999877942715,-4.01967039843264));
#8345=CARTESIAN_POINT('Ctrl Pts',(12.,-19.7729745618376,-3.9725199654307));
#8346=CARTESIAN_POINT('',(12.,-19.5165988914046,-3.75507030036112));
#8347=CARTESIAN_POINT('Ctrl Pts',(12.,-19.7729745618376,-3.9725199654307));
#8348=CARTESIAN_POINT('Ctrl Pts',(12.,-19.7384605115653,-3.92890312779013));
#8349=CARTESIAN_POINT('Ctrl Pts',(12.,-19.6675895626981,-3.8393405686066));
#8350=CARTESIAN_POINT('Ctrl Pts',(12.,-19.5677941047277,-3.78364315405242));
#8351=CARTESIAN_POINT('Ctrl Pts',(12.,-19.5165988914046,-3.75507030036112));
#8352=CARTESIAN_POINT('',(12.,-19.1407594195876,-3.67453339841029));
#8353=CARTESIAN_POINT('Ctrl Pts',(12.,-19.5165988914046,-3.75507030036112));
#8354=CARTESIAN_POINT('Ctrl Pts',(12.,-19.4587186577415,-3.7315901910158));
#8355=CARTESIAN_POINT('Ctrl Pts',(12.,-19.3382614539684,-3.68272466064339));
#8356=CARTESIAN_POINT('Ctrl Pts',(12.,-19.2082827603929,-3.67733388293757));
#8357=CARTESIAN_POINT('Ctrl Pts',(12.,-19.1407594195876,-3.67453339841029));
#8358=CARTESIAN_POINT('',(12.,-18.7944510690245,-3.74030518676898));
#8359=CARTESIAN_POINT('Ctrl Pts',(12.,-19.1407594195876,-3.67453339841029));
#8360=CARTESIAN_POINT('Ctrl Pts',(12.,-19.0823282784866,-3.6774194884112));
#8361=CARTESIAN_POINT('Ctrl Pts',(12.,-18.9638604836704,-3.68327096951539));
#8362=CARTESIAN_POINT('Ctrl Pts',(12.,-18.8514287771257,-3.72112278779045));
#8363=CARTESIAN_POINT('Ctrl Pts',(12.,-18.7944510690245,-3.74030518676898));
#8364=CARTESIAN_POINT('',(12.,-18.4910944215331,-3.93762070085665));
#8365=CARTESIAN_POINT('Ctrl Pts',(12.,-18.7944510690245,-3.74030518676898));
#8366=CARTESIAN_POINT('Ctrl Pts',(12.,-18.7387953379735,-3.76503236400642));
#8367=CARTESIAN_POINT('Ctrl Pts',(12.,-18.6271627509165,-3.81462939046713));
#8368=CARTESIAN_POINT('Ctrl Pts',(12.,-18.5365374296457,-3.89654505054818));
#8369=CARTESIAN_POINT('Ctrl Pts',(12.,-18.4910944215331,-3.93762070085665));
#8370=CARTESIAN_POINT('',(12.,-18.7300214282546,-4.23829186107775));
#8371=CARTESIAN_POINT('',(12.,-21.8688479423225,-8.18826228370831));
#8372=CARTESIAN_POINT('',(12.,-18.9259943477187,-4.12419784214159));
#8373=CARTESIAN_POINT('Ctrl Pts',(12.,-18.7300214282546,-4.23829186107775));
#8374=CARTESIAN_POINT('Ctrl Pts',(12.,-18.762223169916,-4.21507286933167));
#8375=CARTESIAN_POINT('Ctrl Pts',(12.,-18.8238460295928,-4.17063984812281));
#8376=CARTESIAN_POINT('Ctrl Pts',(12.,-18.8929848307926,-4.13920570727972));
#8377=CARTESIAN_POINT('Ctrl Pts',(12.,-18.9259943477187,-4.12419784214159));
#8378=CARTESIAN_POINT('',(12.,-19.1407594195876,-4.08527168776652));
#8379=CARTESIAN_POINT('Ctrl Pts',(12.,-18.9259943477187,-4.12419784214159));
#8380=CARTESIAN_POINT('Ctrl Pts',(12.,-18.959700212942,-4.11284769493648));
#8381=CARTESIAN_POINT('Ctrl Pts',(12.,-19.0293553067348,-4.08939196808017));
#8382=CARTESIAN_POINT('Ctrl Pts',(12.,-19.1028358590085,-4.08667429038213));
#8383=CARTESIAN_POINT('Ctrl Pts',(12.,-19.1407594195876,-4.08527168776652));
#8384=CARTESIAN_POINT('',(12.,-19.3139138928923,-4.12822473194262));
#8385=CARTESIAN_POINT('Ctrl Pts',(12.,-19.1407594195876,-4.08527168776652));
#8386=CARTESIAN_POINT('Ctrl Pts',(12.,-19.1742166259901,-4.08625837864447));
#8387=CARTESIAN_POINT('Ctrl Pts',(12.,-19.2352334051045,-4.08805783250892));
#8388=CARTESIAN_POINT('Ctrl Pts',(12.,-19.2894333111175,-4.11572723613556));
#8389=CARTESIAN_POINT('Ctrl Pts',(12.,-19.3139138928923,-4.12822473194262));
#8390=CARTESIAN_POINT('',(12.,-19.3770012370619,-4.24903008486887));
#8391=CARTESIAN_POINT('Ctrl Pts',(12.,-19.3139138928923,-4.12822473194262));
#8392=CARTESIAN_POINT('Ctrl Pts',(12.,-19.3323141098167,-4.1440728388613));
#8393=CARTESIAN_POINT('Ctrl Pts',(12.,-19.3693343514647,-4.17595837315722));
#8394=CARTESIAN_POINT('Ctrl Pts',(12.,-19.3744355124764,-4.22457662396012));
#8395=CARTESIAN_POINT('Ctrl Pts',(12.,-19.3770012370619,-4.24903008486887));
#8396=CARTESIAN_POINT('',(12.,-19.3380752316985,-4.34298980381152));
#8397=CARTESIAN_POINT('Ctrl Pts',(12.,-19.3770012370619,-4.24903008486887));
#8398=CARTESIAN_POINT('Ctrl Pts',(12.,-19.3754557308819,-4.26696453307242));
#8399=CARTESIAN_POINT('Ctrl Pts',(12.,-19.3724001199464,-4.30242262231163));
#8400=CARTESIAN_POINT('Ctrl Pts',(12.,-19.3494281455638,-4.329572259259));
#8401=CARTESIAN_POINT('Ctrl Pts',(12.,-19.3380752316985,-4.34298980381152));
#8402=CARTESIAN_POINT('',(12.,-19.2320349923644,-4.41010388877055));
#8403=CARTESIAN_POINT('Ctrl Pts',(12.,-19.3380752316985,-4.34298980381152));
#8404=CARTESIAN_POINT('Ctrl Pts',(12.,-19.3231730600964,-4.35550377461527));
#8405=CARTESIAN_POINT('Ctrl Pts',(12.,-19.2908771252981,-4.38262400889653));
#8406=CARTESIAN_POINT('Ctrl Pts',(12.,-19.252632544121,-4.40048462074354));
#8407=CARTESIAN_POINT('Ctrl Pts',(12.,-19.2320349923644,-4.41010388877055));
#8408=CARTESIAN_POINT('',(12.,-19.0763303748641,-4.4745335295405));
#8409=CARTESIAN_POINT('Ctrl Pts',(12.,-19.2320349923644,-4.41010388877055));
#8410=CARTESIAN_POINT('Ctrl Pts',(12.,-19.2079195922749,-4.42050459228699));
#8411=CARTESIAN_POINT('Ctrl Pts',(12.,-19.1563373640264,-4.44275143292571));
#8412=CARTESIAN_POINT('Ctrl Pts',(12.,-19.1041300517066,-4.46349034413231));
#8413=CARTESIAN_POINT('Ctrl Pts',(12.,-19.0763303748641,-4.4745335295405));
#8414=CARTESIAN_POINT('',(12.,-18.8266655913863,-4.57386243488451));
#8415=CARTESIAN_POINT('',(12.,-29.2654812488774,-0.420789190420431));
#8416=CARTESIAN_POINT('',(12.,-18.6145851127181,-4.69735238101145));
#8417=CARTESIAN_POINT('Ctrl Pts',(12.,-18.8266655913863,-4.57386243488451));
#8418=CARTESIAN_POINT('Ctrl Pts',(12.,-18.7874919574202,-4.5906395618912));
#8419=CARTESIAN_POINT('Ctrl Pts',(12.,-18.7116983520453,-4.62310014353574));
#8420=CARTESIAN_POINT('Ctrl Pts',(12.,-18.6462208292332,-4.67316388980604));
#8421=CARTESIAN_POINT('Ctrl Pts',(12.,-18.6145851127181,-4.69735238101145));
#8422=CARTESIAN_POINT('',(12.,-18.47901375213,-4.87587589170596));
#8423=CARTESIAN_POINT('Ctrl Pts',(12.,-18.6145851127181,-4.69735238101145));
#8424=CARTESIAN_POINT('Ctrl Pts',(12.,-18.5868359052923,-4.72347851819911));
#8425=CARTESIAN_POINT('Ctrl Pts',(12.,-18.5316677836208,-4.77541981846978));
#8426=CARTESIAN_POINT('Ctrl Pts',(12.,-18.4964949022658,-4.84252445310625));
#8427=CARTESIAN_POINT('Ctrl Pts',(12.,-18.47901375213,-4.87587589170596));
#8428=CARTESIAN_POINT('',(12.,-18.4320357553038,-5.12151333834788));
#8429=CARTESIAN_POINT('Ctrl Pts',(12.,-18.47901375213,-4.87587589170596));
#8430=CARTESIAN_POINT('Ctrl Pts',(12.,-18.4653243384133,-4.91318706153409));
#8431=CARTESIAN_POINT('Ctrl Pts',(12.,-18.4362557425603,-4.99241494805872));
#8432=CARTESIAN_POINT('Ctrl Pts',(12.,-18.4334958947206,-5.07684456641879));
#8433=CARTESIAN_POINT('Ctrl Pts',(12.,-18.4320357553038,-5.12151333834788));
#8434=CARTESIAN_POINT('Ctrl Pts',(12.,-18.4320357553038,-5.12151333834788));
#8435=CARTESIAN_POINT('Ctrl Pts',(12.,-18.435827330766,-5.17605775886766));
#8436=CARTESIAN_POINT('Ctrl Pts',(12.,-18.4434331281348,-5.28547238458266));
#8437=CARTESIAN_POINT('Ctrl Pts',(12.,-18.4957372926369,-5.38188728774512));
#8438=CARTESIAN_POINT('Ctrl Pts',(12.,-18.5219672433409,-5.43023827817103));
#8439=CARTESIAN_POINT('',(12.,-20.2588805667433,-5.3765470102038));
#8440=CARTESIAN_POINT('',(12.,-20.5353906861815,-5.65171483304163));
#8441=CARTESIAN_POINT('Ctrl Pts',(12.,-20.2588805667433,-5.3765470102038));
#8442=CARTESIAN_POINT('Ctrl Pts',(12.,-20.2963957334785,-5.43268698515909));
#8443=CARTESIAN_POINT('Ctrl Pts',(12.,-20.370128481392,-5.54302514920015));
#8444=CARTESIAN_POINT('Ctrl Pts',(12.,-20.4809534019358,-5.61591250775263));
#8445=CARTESIAN_POINT('Ctrl Pts',(12.,-20.5353906861815,-5.65171483304163));
#8446=CARTESIAN_POINT('',(12.,-20.8991494885954,-5.74701699759623));
#8447=CARTESIAN_POINT('Ctrl Pts',(12.,-20.5353906861815,-5.65171483304163));
#8448=CARTESIAN_POINT('Ctrl Pts',(12.,-20.5930767281836,-5.67951127616458));
#8449=CARTESIAN_POINT('Ctrl Pts',(12.,-20.7081360043024,-5.73495343363293));
#8450=CARTESIAN_POINT('Ctrl Pts',(12.,-20.8355938323052,-5.74300310440055));
#8451=CARTESIAN_POINT('Ctrl Pts',(12.,-20.8991494885954,-5.74701699759623));
#8452=CARTESIAN_POINT('',(12.,-21.2642499915633,-5.65171483304163));
#8453=CARTESIAN_POINT('Ctrl Pts',(12.,-20.8991494885954,-5.74701699759623));
#8454=CARTESIAN_POINT('Ctrl Pts',(12.,-20.9628057529288,-5.74297842199911));
#8455=CARTESIAN_POINT('Ctrl Pts',(12.,-21.0906666809348,-5.73486647843665));
#8456=CARTESIAN_POINT('Ctrl Pts',(12.,-21.2062236788819,-5.67951118833751));
#8457=CARTESIAN_POINT('Ctrl Pts',(12.,-21.2642499915633,-5.65171483304163));
#8458=CARTESIAN_POINT('',(12.,-21.5421024076018,-5.3765470102038));
#8459=CARTESIAN_POINT('Ctrl Pts',(12.,-21.2642499915633,-5.65171483304163));
#8460=CARTESIAN_POINT('Ctrl Pts',(12.,-21.3190534439472,-5.61595676343878));
#8461=CARTESIAN_POINT('Ctrl Pts',(12.,-21.4304461399597,-5.54327543399688));
#8462=CARTESIAN_POINT('Ctrl Pts',(12.,-21.5044879846123,-5.43271397323567));
#8463=CARTESIAN_POINT('Ctrl Pts',(12.,-21.5421024076018,-5.3765470102038));
#8464=CARTESIAN_POINT('',(12.,-21.6481426469359,-4.94433227326533));
#8465=CARTESIAN_POINT('Ctrl Pts',(12.,-21.5421024076018,-5.3765470102038));
#8466=CARTESIAN_POINT('Ctrl Pts',(12.,-21.5730100858188,-5.31166194614886));
#8467=CARTESIAN_POINT('Ctrl Pts',(12.,-21.6380646422444,-5.17509170521702));
#8468=CARTESIAN_POINT('Ctrl Pts',(12.,-21.6446736205044,-5.02376372753203));
#8469=CARTESIAN_POINT('Ctrl Pts',(12.,-21.6481426469359,-4.94433227326533));
#8470=CARTESIAN_POINT('',(12.,-21.5421024076018,-4.51345968391558));
#8471=CARTESIAN_POINT('Ctrl Pts',(12.,-21.6481426469359,-4.94433227326533));
#8472=CARTESIAN_POINT('Ctrl Pts',(12.,-21.6447040782298,-4.86499950391584));
#8473=CARTESIAN_POINT('Ctrl Pts',(12.,-21.6381623528119,-4.71407240659931));
#8474=CARTESIAN_POINT('Ctrl Pts',(12.,-21.5730088572306,-4.57800507788776));
#8475=CARTESIAN_POINT('Ctrl Pts',(12.,-21.5421024076018,-4.51345968391558));
#8476=CARTESIAN_POINT('',(12.,-21.2642499915633,-4.23963415767809));
#8477=CARTESIAN_POINT('Ctrl Pts',(12.,-21.5421024076018,-4.51345968391558));
#8478=CARTESIAN_POINT('Ctrl Pts',(12.,-21.504443480278,-4.45765904956004));
#8479=CARTESIAN_POINT('Ctrl Pts',(12.,-21.4302065609354,-4.34765944292497));
#8480=CARTESIAN_POINT('Ctrl Pts',(12.,-21.3190292446023,-4.27529134472128));
#8481=CARTESIAN_POINT('Ctrl Pts',(12.,-21.2642499915633,-4.23963415767809));
#8482=CARTESIAN_POINT('',(12.,-20.8991494885954,-4.14433214213511));
#8483=CARTESIAN_POINT('Ctrl Pts',(12.,-21.2642499915633,-4.23963415767809));
#8484=CARTESIAN_POINT('Ctrl Pts',(12.,-21.2062236741032,-4.21183786451365));
#8485=CARTESIAN_POINT('Ctrl Pts',(12.,-21.0906666498528,-4.15648269010536));
#8486=CARTESIAN_POINT('Ctrl Pts',(12.,-20.9628057488246,-4.14837072770334));
#8487=CARTESIAN_POINT('Ctrl Pts',(12.,-20.8991494885954,-4.14433214213511));
#8488=CARTESIAN_POINT('',(12.,-20.6199547759566,-4.19802341010233));
#8489=CARTESIAN_POINT('Ctrl Pts',(12.,-20.8991494885954,-4.14433214213511));
#8490=CARTESIAN_POINT('Ctrl Pts',(12.,-20.8512906809128,-4.14656296392607));
#8491=CARTESIAN_POINT('Ctrl Pts',(12.,-20.7556404879917,-4.15102146477491));
#8492=CARTESIAN_POINT('Ctrl Pts',(12.,-20.6651620876609,-4.18236345916676));
#8493=CARTESIAN_POINT('Ctrl Pts',(12.,-20.6199547759566,-4.19802341010233));
#8494=CARTESIAN_POINT('',(12.,-20.3810283652815,-4.35507032420298));
#8495=CARTESIAN_POINT('Ctrl Pts',(12.,-20.6199547759566,-4.19802341010233));
#8496=CARTESIAN_POINT('Ctrl Pts',(12.,-20.5763645512342,-4.21806689810368));
#8497=CARTESIAN_POINT('Ctrl Pts',(12.,-20.4887896549332,-4.25833524712928));
#8498=CARTESIAN_POINT('Ctrl Pts',(12.,-20.4170564931525,-4.3227286202601));
#8499=CARTESIAN_POINT('Ctrl Pts',(12.,-20.3810283652815,-4.35507032420298));
#8500=CARTESIAN_POINT('',(12.,-20.2145853749785,-4.60607710625788));
#8501=CARTESIAN_POINT('Ctrl Pts',(12.,-20.3810283652815,-4.35507032420298));
#8502=CARTESIAN_POINT('Ctrl Pts',(12.,-20.3477067268966,-4.39188001077139));
#8503=CARTESIAN_POINT('Ctrl Pts',(12.,-20.2795879750606,-4.46712930900651));
#8504=CARTESIAN_POINT('Ctrl Pts',(12.,-20.2365635495132,-4.55909715568136));
#8505=CARTESIAN_POINT('Ctrl Pts',(12.,-20.2145853749785,-4.60607710625788));
#8506=CARTESIAN_POINT('',(12.,-20.1528403274092,-4.94433227326533));
#8507=CARTESIAN_POINT('Ctrl Pts',(12.,-20.2145853749785,-4.60607710625788));
#8508=CARTESIAN_POINT('Ctrl Pts',(12.,-20.1965863921955,-4.65839388848924));
#8509=CARTESIAN_POINT('Ctrl Pts',(12.,-20.1588970848769,-4.76794359511477));
#8510=CARTESIAN_POINT('Ctrl Pts',(12.,-20.1549187569202,-4.88380294944511));
#8511=CARTESIAN_POINT('Ctrl Pts',(12.,-20.1528403274092,-4.94433227326533));
#8512=CARTESIAN_POINT('Ctrl Pts',(12.,-20.1528403274092,-4.94433227326533));
#8513=CARTESIAN_POINT('Ctrl Pts',(12.,-20.1563093538407,-5.02376372753203));
#8514=CARTESIAN_POINT('Ctrl Pts',(12.,-20.1629183321007,-5.17509170521702));
#8515=CARTESIAN_POINT('Ctrl Pts',(12.,-20.2279728885263,-5.31166194614886));
#8516=CARTESIAN_POINT('Ctrl Pts',(12.,-20.2588805667433,-5.3765470102038));
#8517=CARTESIAN_POINT('',(12.,-16.9837120286498,-5.60205045487544));
#8518=CARTESIAN_POINT('',(12.,-17.4978068582091,-5.70943299080988));
#8519=CARTESIAN_POINT('Ctrl Pts',(12.,-16.9837120286498,-5.60205045487544));
#8520=CARTESIAN_POINT('Ctrl Pts',(12.,-17.0625114231229,-5.63335316302232));
#8521=CARTESIAN_POINT('Ctrl Pts',(12.,-17.2275036639316,-5.69889559510652));
#8522=CARTESIAN_POINT('Ctrl Pts',(12.,-17.4050537335979,-5.70581713869477));
#8523=CARTESIAN_POINT('Ctrl Pts',(12.,-17.4978068582091,-5.70943299080988));
#8524=CARTESIAN_POINT('',(12.,-18.0991485826048,-5.70943299080988));
#8525=CARTESIAN_POINT('',(12.,-29.1989034291045,-5.70943299080988));
#8526=CARTESIAN_POINT('',(12.,-18.0991485826048,-3.70943281199595));
#8527=CARTESIAN_POINT('',(12.,-18.0991485826048,-2.85471649540494));
#8528=CARTESIAN_POINT('',(12.,-17.5246527902159,-3.70943281199595));
#8529=CARTESIAN_POINT('',(12.,-29.4995742913024,-3.70943281199595));
#8530=CARTESIAN_POINT('',(12.,-16.9917658082518,-3.81278845812937));
#8531=CARTESIAN_POINT('Ctrl Pts',(12.,-17.5246527902159,-3.70943281199595));
#8532=CARTESIAN_POINT('Ctrl Pts',(12.,-17.4281804439777,-3.71275214603379));
#8533=CARTESIAN_POINT('Ctrl Pts',(12.,-17.2449258564093,-3.71905740566337));
#8534=CARTESIAN_POINT('Ctrl Pts',(12.,-17.0731243269545,-3.78266593429285));
#8535=CARTESIAN_POINT('Ctrl Pts',(12.,-16.9917658082518,-3.81278845812937));
#8536=CARTESIAN_POINT('',(12.,-16.6387465707335,-4.13359391834399));
#8537=CARTESIAN_POINT('Ctrl Pts',(12.,-16.9917658082518,-3.81278845812937));
#8538=CARTESIAN_POINT('Ctrl Pts',(12.,-16.9202973438304,-3.8520763980339));
#8539=CARTESIAN_POINT('Ctrl Pts',(12.,-16.7770343791038,-3.93083150763761));
#8540=CARTESIAN_POINT('Ctrl Pts',(12.,-16.6849123901752,-4.06590398274851));
#8541=CARTESIAN_POINT('Ctrl Pts',(12.,-16.6387465707335,-4.13359391834399));
#8542=CARTESIAN_POINT('',(12.,-16.5125706903014,-4.70003697421214));
#8543=CARTESIAN_POINT('Ctrl Pts',(12.,-16.6387465707335,-4.13359391834399));
#8544=CARTESIAN_POINT('Ctrl Pts',(12.,-16.6020161081641,-4.21582230207811));
#8545=CARTESIAN_POINT('Ctrl Pts',(12.,-16.5216856454063,-4.39565788418388));
#8546=CARTESIAN_POINT('Ctrl Pts',(12.,-16.5157774244234,-4.59295330755682));
#8547=CARTESIAN_POINT('Ctrl Pts',(12.,-16.5125706903014,-4.70003697421214));
#8548=CARTESIAN_POINT('',(12.,-16.6374042741332,-5.2705067708697));
#8549=CARTESIAN_POINT('Ctrl Pts',(12.,-16.5125706903014,-4.70003697421214));
#8550=CARTESIAN_POINT('Ctrl Pts',(12.,-16.5159421423417,-4.80690646512335));
#8551=CARTESIAN_POINT('Ctrl Pts',(12.,-16.5221968266706,-5.00516968288448));
#8552=CARTESIAN_POINT('Ctrl Pts',(12.,-16.6010535558771,-5.18678654322235));
#8553=CARTESIAN_POINT('Ctrl Pts',(12.,-16.6374042741332,-5.2705067708697));
#8554=CARTESIAN_POINT('Ctrl Pts',(12.,-16.6374042741332,-5.2705067708697));
#8555=CARTESIAN_POINT('Ctrl Pts',(12.,-16.6826221196252,-5.34015630005071));
#8556=CARTESIAN_POINT('Ctrl Pts',(12.,-16.7720614981894,-5.47792072777705));
#8557=CARTESIAN_POINT('Ctrl Pts',(12.,-16.9136877349509,-5.56098230140475));
#8558=CARTESIAN_POINT('Ctrl Pts',(12.,-16.9837120286498,-5.60205045487544));
#8559=CARTESIAN_POINT('',(12.,-24.6065318695578,-3.72285562898776));
#8560=CARTESIAN_POINT('',(12.,-24.6803575865302,-3.90272128727099));
#8561=CARTESIAN_POINT('Ctrl Pts',(12.,-24.6065318695578,-3.72285562898776));
#8562=CARTESIAN_POINT('Ctrl Pts',(12.,-24.6091565891643,-3.758115889837));
#8563=CARTESIAN_POINT('Ctrl Pts',(12.,-24.6142295168162,-3.82626517017558));
#8564=CARTESIAN_POINT('Ctrl Pts',(12.,-24.6588322107339,-3.87783402442598));
#8565=CARTESIAN_POINT('Ctrl Pts',(12.,-24.6803575865302,-3.90272128727099));
#8566=CARTESIAN_POINT('',(12.,-24.8723039142165,-3.96983552124163));
#8567=CARTESIAN_POINT('Ctrl Pts',(12.,-24.6803575865302,-3.90272128727099));
#8568=CARTESIAN_POINT('Ctrl Pts',(12.,-24.7076555731283,-3.92228465413976));
#8569=CARTESIAN_POINT('Ctrl Pts',(12.,-24.7649217479407,-3.96332501376484));
#8570=CARTESIAN_POINT('Ctrl Pts',(12.,-24.835414220085,-3.96759892425547));
#8571=CARTESIAN_POINT('Ctrl Pts',(12.,-24.8723039142165,-3.96983552124163));
#8572=CARTESIAN_POINT('',(12.,-25.0655925385031,-3.90272128727099));
#8573=CARTESIAN_POINT('Ctrl Pts',(12.,-24.8723039142165,-3.96983552124163));
#8574=CARTESIAN_POINT('Ctrl Pts',(12.,-24.9097940605184,-3.9677167416218));
#8575=CARTESIAN_POINT('Ctrl Pts',(12.,-24.9808209630703,-3.96370261075193));
#8576=CARTESIAN_POINT('Ctrl Pts',(12.,-25.0384037073663,-3.92227985862181));
#8577=CARTESIAN_POINT('Ctrl Pts',(12.,-25.0655925385031,-3.90272128727099));
#8578=CARTESIAN_POINT('',(12.,-25.1380756608519,-3.72285562898776));
#8579=CARTESIAN_POINT('Ctrl Pts',(12.,-25.0655925385031,-3.90272128727099));
#8580=CARTESIAN_POINT('Ctrl Pts',(12.,-25.0867252931208,-3.87778924992234));
#8581=CARTESIAN_POINT('Ctrl Pts',(12.,-25.1306380768102,-3.82598175095511));
#8582=CARTESIAN_POINT('Ctrl Pts',(12.,-25.1355352314761,-3.75808005511728));
#8583=CARTESIAN_POINT('Ctrl Pts',(12.,-25.1380756608519,-3.72285562898776));
#8584=CARTESIAN_POINT('',(12.,-25.0655925385031,-3.54567426588198));
#8585=CARTESIAN_POINT('Ctrl Pts',(12.,-25.1380756608519,-3.72285562898776));
#8586=CARTESIAN_POINT('Ctrl Pts',(12.,-25.1354440179078,-3.68832488292923));
#8587=CARTESIAN_POINT('Ctrl Pts',(12.,-25.130337486184,-3.62132021932526));
#8588=CARTESIAN_POINT('Ctrl Pts',(12.,-25.086727963518,-3.57036822941041));
#8589=CARTESIAN_POINT('Ctrl Pts',(12.,-25.0655925385031,-3.54567426588198));
#8590=CARTESIAN_POINT('',(12.,-24.8723039142165,-3.47856018092295));
#8591=CARTESIAN_POINT('Ctrl Pts',(12.,-25.0655925385031,-3.54567426588198));
#8592=CARTESIAN_POINT('Ctrl Pts',(12.,-25.0384037050433,-3.52611572006599));
#8593=CARTESIAN_POINT('Ctrl Pts',(12.,-24.9808209471971,-3.48469301580736));
#8594=CARTESIAN_POINT('Ctrl Pts',(12.,-24.9097940583245,-3.48067893460882));
#8595=CARTESIAN_POINT('Ctrl Pts',(12.,-24.8723039142165,-3.47856018092295));
#8596=CARTESIAN_POINT('',(12.,-24.6803575865302,-3.54567426588198));
#8597=CARTESIAN_POINT('Ctrl Pts',(12.,-24.8723039142165,-3.47856018092295));
#8598=CARTESIAN_POINT('Ctrl Pts',(12.,-24.8354142259009,-3.48079678723429));
#8599=CARTESIAN_POINT('Ctrl Pts',(12.,-24.7649217907431,-3.48507071397574));
#8600=CARTESIAN_POINT('Ctrl Pts',(12.,-24.7076555794967,-3.52611096070954));
#8601=CARTESIAN_POINT('Ctrl Pts',(12.,-24.6803575865302,-3.54567426588198));
#8602=CARTESIAN_POINT('Ctrl Pts',(12.,-24.6803575865302,-3.54567426588198));
#8603=CARTESIAN_POINT('Ctrl Pts',(12.,-24.6588298362111,-3.57032304474208));
#8604=CARTESIAN_POINT('Ctrl Pts',(12.,-24.6145360674334,-3.62103839099507));
#8605=CARTESIAN_POINT('Ctrl Pts',(12.,-24.6092492017191,-3.68828985991699));
#8606=CARTESIAN_POINT('Ctrl Pts',(12.,-24.6065318695578,-3.72285562898776));
#8607=CARTESIAN_POINT('',(12.,-27.2776733449969,-4.6892986014094));
#8608=CARTESIAN_POINT('',(12.,-27.2776733449969,-5.70943299080988));
#8609=CARTESIAN_POINT('',(12.,-27.2776733449969,-2.3446493007047));
#8610=CARTESIAN_POINT('',(12.,-27.7555257193122,-5.70943299080988));
#8611=CARTESIAN_POINT('',(12.,-34.0888366724984,-5.70943299080988));
#8612=CARTESIAN_POINT('',(12.,-27.7555257193122,-4.18191599990984));
#8613=CARTESIAN_POINT('',(12.,-27.7555257193122,-2.85471649540494));
#8614=CARTESIAN_POINT('',(12.,-27.3662638775382,-4.18191599990984));
#8615=CARTESIAN_POINT('',(12.,-34.3277628596561,-4.18191599990984));
#8616=CARTESIAN_POINT('',(12.,-27.3313646129641,-4.3752046241965));
#8617=CARTESIAN_POINT('',(12.,-27.9455146205466,-0.973751570096045));
#8618=CARTESIAN_POINT('',(12.,-27.3233109823737,-4.3752046241965));
#8619=CARTESIAN_POINT('',(12.,-34.1156823064821,-4.3752046241965));
#8620=CARTESIAN_POINT('',(12.,-27.121968578485,-4.21278852369448));
#8621=CARTESIAN_POINT('Ctrl Pts',(12.,-27.3233109823737,-4.3752046241965));
#8622=CARTESIAN_POINT('Ctrl Pts',(12.,-27.2916276939391,-4.34507258858606));
#8623=CARTESIAN_POINT('Ctrl Pts',(12.,-27.2289335281159,-4.2854480063381));
#8624=CARTESIAN_POINT('Ctrl Pts',(12.,-27.1573677077548,-4.23683455398433));
#8625=CARTESIAN_POINT('Ctrl Pts',(12.,-27.121968578485,-4.21278852369448));
#8626=CARTESIAN_POINT('',(12.,-26.8588812760386,-4.14433214213511));
#8627=CARTESIAN_POINT('Ctrl Pts',(12.,-27.121968578485,-4.21278852369448));
#8628=CARTESIAN_POINT('Ctrl Pts',(12.,-27.0829091243556,-4.1928373535294));
#8629=CARTESIAN_POINT('Ctrl Pts',(12.,-27.000401027722,-4.15069306061424));
#8630=CARTESIAN_POINT('Ctrl Pts',(12.,-26.9076983630819,-4.14652633416397));
#8631=CARTESIAN_POINT('Ctrl Pts',(12.,-26.8588812760386,-4.14433214213511));
#8632=CARTESIAN_POINT('',(12.,-26.5998208633933,-4.20876163389346));
#8633=CARTESIAN_POINT('Ctrl Pts',(12.,-26.8588812760386,-4.14433214213511));
#8634=CARTESIAN_POINT('Ctrl Pts',(12.,-26.8099641634031,-4.14612344857974));
#8635=CARTESIAN_POINT('Ctrl Pts',(12.,-26.7188922774531,-4.14945842988664));
#8636=CARTESIAN_POINT('Ctrl Pts',(12.,-26.6374967196794,-4.18999727294998));
#8637=CARTESIAN_POINT('Ctrl Pts',(12.,-26.5998208633933,-4.20876163389346));
#8638=CARTESIAN_POINT('',(12.,-26.4400893560919,-4.39668122079035));
#8639=CARTESIAN_POINT('Ctrl Pts',(12.,-26.5998208633933,-4.20876163389346));
#8640=CARTESIAN_POINT('Ctrl Pts',(12.,-26.5676732001385,-4.23339227483355));
#8641=CARTESIAN_POINT('Ctrl Pts',(12.,-26.5009855891045,-4.28448645824315));
#8642=CARTESIAN_POINT('Ctrl Pts',(12.,-26.4608678153659,-4.35839914341031));
#8643=CARTESIAN_POINT('Ctrl Pts',(12.,-26.4400893560919,-4.39668122079035));
#8644=CARTESIAN_POINT('',(12.,-26.2280087284121,-4.21949985768458));
#8645=CARTESIAN_POINT('Ctrl Pts',(12.,-26.4400893560919,-4.39668122079035));
#8646=CARTESIAN_POINT('Ctrl Pts',(12.,-26.4066604813411,-4.36395576366006));
#8647=CARTESIAN_POINT('Ctrl Pts',(12.,-26.3406261317206,-4.29931092312211));
#8648=CARTESIAN_POINT('Ctrl Pts',(12.,-26.2652345034217,-4.24588147080984));
#8649=CARTESIAN_POINT('Ctrl Pts',(12.,-26.2280087284121,-4.21949985768458));
#8650=CARTESIAN_POINT('',(12.,-25.9622368327651,-4.14433214213511));
#8651=CARTESIAN_POINT('Ctrl Pts',(12.,-26.2280087284121,-4.21949985768458));
#8652=CARTESIAN_POINT('Ctrl Pts',(12.,-26.1879696667809,-4.19758226428417));
#8653=CARTESIAN_POINT('Ctrl Pts',(12.,-26.1052121680508,-4.15228037322816));
#8654=CARTESIAN_POINT('Ctrl Pts',(12.,-26.0109129619905,-4.14703812721307));
#8655=CARTESIAN_POINT('Ctrl Pts',(12.,-25.9622368327651,-4.14433214213511));
#8656=CARTESIAN_POINT('',(12.,-25.5984786263976,-4.31077513243815));
#8657=CARTESIAN_POINT('Ctrl Pts',(12.,-25.9622368327651,-4.14433214213511));
#8658=CARTESIAN_POINT('Ctrl Pts',(12.,-25.8860773619028,-4.14933518531958));
#8659=CARTESIAN_POINT('Ctrl Pts',(12.,-25.7428186320011,-4.15874609120084));
#8660=CARTESIAN_POINT('Ctrl Pts',(12.,-25.6445196989259,-4.26228143808955));
#8661=CARTESIAN_POINT('Ctrl Pts',(12.,-25.5984786263976,-4.31077513243815));
#8662=CARTESIAN_POINT('',(12.,-25.4843846074614,-4.76446646597048));
#8663=CARTESIAN_POINT('Ctrl Pts',(12.,-25.5984786263976,-4.31077513243815));
#8664=CARTESIAN_POINT('Ctrl Pts',(12.,-25.565277005795,-4.3750763867216));
#8665=CARTESIAN_POINT('Ctrl Pts',(12.,-25.492035636525,-4.51692223111188));
#8666=CARTESIAN_POINT('Ctrl Pts',(12.,-25.487088899989,-4.67697078153274));
#8667=CARTESIAN_POINT('Ctrl Pts',(12.,-25.4843846074614,-4.76446646597048));
#8668=CARTESIAN_POINT('',(12.,-25.4843846074614,-5.70943299080988));
#8669=CARTESIAN_POINT('',(12.,-25.4843846074614,-2.38223323298524));
#8670=CARTESIAN_POINT('',(12.,-25.9622368327651,-5.70943299080988));
#8671=CARTESIAN_POINT('',(12.,-33.1921923037307,-5.70943299080988));
#8672=CARTESIAN_POINT('',(12.,-25.9622368327651,-4.82352677132746));
#8673=CARTESIAN_POINT('',(12.,-25.9622368327651,-2.85471649540494));
#8674=CARTESIAN_POINT('',(12.,-26.0038474313292,-4.60876169945857));
#8675=CARTESIAN_POINT('Ctrl Pts',(12.,-25.9622368327651,-4.82352677132746));
#8676=CARTESIAN_POINT('Ctrl Pts',(12.,-25.9619767236312,-4.77839344650384));
#8677=CARTESIAN_POINT('Ctrl Pts',(12.,-25.9615456216967,-4.70358998475167));
#8678=CARTESIAN_POINT('Ctrl Pts',(12.,-25.9918338652228,-4.63569260109185));
#8679=CARTESIAN_POINT('Ctrl Pts',(12.,-26.0038474313292,-4.60876169945857));
#8680=CARTESIAN_POINT('',(12.,-26.1367336026702,-4.55238583829066));
#8681=CARTESIAN_POINT('Ctrl Pts',(12.,-26.0038474313292,-4.60876169945857));
#8682=CARTESIAN_POINT('Ctrl Pts',(12.,-26.0208177782004,-4.59234483342053));
#8683=CARTESIAN_POINT('Ctrl Pts',(12.,-26.0576040831269,-4.55675829859012));
#8684=CARTESIAN_POINT('Ctrl Pts',(12.,-26.1090310487862,-4.55391659846399));
#8685=CARTESIAN_POINT('Ctrl Pts',(12.,-26.1367336026702,-4.55238583829066));
#8686=CARTESIAN_POINT('',(12.,-26.249485325006,-4.58594295527598));
#8687=CARTESIAN_POINT('Ctrl Pts',(12.,-26.1367336026702,-4.55238583829066));
#8688=CARTESIAN_POINT('Ctrl Pts',(12.,-26.1549132674248,-4.55419557554995));
#8689=CARTESIAN_POINT('Ctrl Pts',(12.,-26.1945699908769,-4.55814329686283));
#8690=CARTESIAN_POINT('Ctrl Pts',(12.,-26.2301928845089,-4.57617658920937));
#8691=CARTESIAN_POINT('Ctrl Pts',(12.,-26.249485325006,-4.58594295527598));
#8692=CARTESIAN_POINT('',(12.,-26.3810289017233,-4.6892986014094));
#8693=CARTESIAN_POINT('Ctrl Pts',(12.,-26.249485325006,-4.58594295527598));
#8694=CARTESIAN_POINT('Ctrl Pts',(12.,-26.2712444238455,-4.59949640098245));
#8695=CARTESIAN_POINT('Ctrl Pts',(12.,-26.3188272180091,-4.62913507407346));
#8696=CARTESIAN_POINT('Ctrl Pts',(12.,-26.35914694905,-4.66813365250107));
#8697=CARTESIAN_POINT('Ctrl Pts',(12.,-26.3810289017233,-4.6892986014094));
#8698=CARTESIAN_POINT('',(12.,-26.3810289017233,-5.70943299080988));
#8699=CARTESIAN_POINT('',(12.,-26.3810289017233,-2.3446493007047));
#8700=CARTESIAN_POINT('',(12.,-26.8588812760386,-5.70943299080988));
#8701=CARTESIAN_POINT('',(12.,-33.6405144508617,-5.70943299080988));
#8702=CARTESIAN_POINT('',(12.,-26.8588812760386,-4.82352677132746));
#8703=CARTESIAN_POINT('',(12.,-26.8588812760386,-2.85471649540494));
#8704=CARTESIAN_POINT('',(12.,-26.9018343202147,-4.60876169945857));
#8705=CARTESIAN_POINT('Ctrl Pts',(12.,-26.8588812760386,-4.82352677132746));
#8706=CARTESIAN_POINT('Ctrl Pts',(12.,-26.8586380414547,-4.77834555403741));
#8707=CARTESIAN_POINT('Ctrl Pts',(12.,-26.8582342755833,-4.70334539050366));
#8708=CARTESIAN_POINT('Ctrl Pts',(12.,-26.8894309770662,-4.63566887320572));
#8709=CARTESIAN_POINT('Ctrl Pts',(12.,-26.9018343202147,-4.60876169945857));
#8710=CARTESIAN_POINT('',(12.,-27.0360624901328,-4.55238583829066));
#8711=CARTESIAN_POINT('Ctrl Pts',(12.,-26.9018343202147,-4.60876169945857));
#8712=CARTESIAN_POINT('Ctrl Pts',(12.,-26.9191526577506,-4.59234248606946));
#8713=CARTESIAN_POINT('Ctrl Pts',(12.,-26.9565438434855,-4.55689255583331));
#8714=CARTESIAN_POINT('Ctrl Pts',(12.,-27.0082857119661,-4.55396008657983));
#8715=CARTESIAN_POINT('Ctrl Pts',(12.,-27.0360624901328,-4.55238583829066));
#8716=CARTESIAN_POINT('',(12.,-27.1488142124686,-4.58594295527598));
#8717=CARTESIAN_POINT('Ctrl Pts',(12.,-27.0360624901328,-4.55238583829066));
#8718=CARTESIAN_POINT('Ctrl Pts',(12.,-27.0542421548874,-4.55419557554995));
#8719=CARTESIAN_POINT('Ctrl Pts',(12.,-27.0938988783395,-4.55814329686283));
#8720=CARTESIAN_POINT('Ctrl Pts',(12.,-27.1295217719715,-4.57617658920937));
#8721=CARTESIAN_POINT('Ctrl Pts',(12.,-27.1488142124686,-4.58594295527598));
#8722=CARTESIAN_POINT('Ctrl Pts',(12.,-27.1488142124686,-4.58594295527598));
#8723=CARTESIAN_POINT('Ctrl Pts',(12.,-27.170391387091,-4.5994568747978));
#8724=CARTESIAN_POINT('Ctrl Pts',(12.,-27.2173416217346,-4.62886210062594));
#8725=CARTESIAN_POINT('Ctrl Pts',(12.,-27.2565072678344,-4.66809576532515));
#8726=CARTESIAN_POINT('Ctrl Pts',(12.,-27.2776733449969,-4.6892986014094));
#8727=CARTESIAN_POINT('',(12.,-13.875,0.65));
#8728=CARTESIAN_POINT('',(12.,-30.325,0.65));
#8729=CARTESIAN_POINT('',(12.,-35.2625,0.65));
#8730=CARTESIAN_POINT('',(12.,-13.875,-3.035));
#8731=CARTESIAN_POINT('',(12.,-13.875,-0.025));
#8732=CARTESIAN_POINT('',(12.,-30.325,-3.035));
#8733=CARTESIAN_POINT('',(12.,-27.7375,-3.035));
#8734=CARTESIAN_POINT('',(12.,-30.325,-1.1675));
#8735=CARTESIAN_POINT('',(12.,-11.1710659988379,-2.435));
#8736=CARTESIAN_POINT('',(12.,-11.1710659988379,-0.384999999999999));
#8737=CARTESIAN_POINT('',(12.,-11.1710659988379,-1.2175));
#8738=CARTESIAN_POINT('',(12.,-0.538934001160114,-0.384999999999999));
#8739=CARTESIAN_POINT('',(12.,-26.0355329994189,-0.384999999999999));
#8740=CARTESIAN_POINT('',(12.,-0.538934001160114,-2.435));
#8741=CARTESIAN_POINT('',(12.,-0.538934001160118,-0.192499999999999));
#8742=CARTESIAN_POINT('',(12.,-20.7194670005801,-2.435));
#8743=CARTESIAN_POINT('',(12.,-6.17106599883789,-5.35));
#8744=CARTESIAN_POINT('',(12.,-10.6710659988379,-5.35));
#8745=CARTESIAN_POINT('',(12.,-23.5355329994189,-5.35));
#8746=CARTESIAN_POINT('',(12.,-6.17106599883789,-3.05));
#8747=CARTESIAN_POINT('',(12.,-21.5708979002383,-10.9210251940491));
#8748=CARTESIAN_POINT('',(12.,-6.17106599883789,-1.525));
#8749=CARTESIAN_POINT('',(12.,-3.84815263560912,-3.20808427511785));
#8750=CARTESIAN_POINT('',(12.,-4.44681051186225,-5.20808445393178));
#8751=CARTESIAN_POINT('',(12.,-4.93088772268516,-6.82529279046122));
#8752=CARTESIAN_POINT('',(12.,-5.02399175426862,-5.20808445393178));
#8753=CARTESIAN_POINT('',(12.,-22.6734052559311,-5.20808445393178));
#8754=CARTESIAN_POINT('',(12.,-5.62264955601594,-3.20808427511785));
#8755=CARTESIAN_POINT('',(12.,-7.2144058117384,2.10966617727968));
#8756=CARTESIAN_POINT('',(12.,-5.11526695451638,-3.20808427511785));
#8757=CARTESIAN_POINT('',(12.,-23.261324778008,-3.20808427511785));
#8758=CARTESIAN_POINT('',(12.,-4.88707902840278,-4.12083612858388));
#8759=CARTESIAN_POINT('',(12.,-6.54518040453624,2.51157045872573));
#8760=CARTESIAN_POINT('',(12.,-4.80788442305228,-4.43761454998586));
#8761=CARTESIAN_POINT('Ctrl Pts',(12.,-4.88707902840278,-4.12083612858388));
#8762=CARTESIAN_POINT('Ctrl Pts',(12.,-4.87244144477266,-4.17397211546848));
#8763=CARTESIAN_POINT('Ctrl Pts',(12.,-4.84352654506753,-4.27893627965882));
#8764=CARTESIAN_POINT('Ctrl Pts',(12.,-4.8196660330578,-4.38516297326593));
#8765=CARTESIAN_POINT('Ctrl Pts',(12.,-4.80788442305228,-4.43761454998586));
#8766=CARTESIAN_POINT('',(12.,-4.73137426189086,-4.7597621577892));
#8767=CARTESIAN_POINT('Ctrl Pts',(12.,-4.80788442305228,-4.43761454998586));
#8768=CARTESIAN_POINT('Ctrl Pts',(12.,-4.79617562244684,-4.49047262996359));
#8769=CARTESIAN_POINT('Ctrl Pts',(12.,-4.77230316624984,-4.59824218223853));
#8770=CARTESIAN_POINT('Ctrl Pts',(12.,-4.74518943427359,-4.70524258682988));
#8771=CARTESIAN_POINT('Ctrl Pts',(12.,-4.73137426189086,-4.7597621577892));
#8772=CARTESIAN_POINT('',(12.,-4.71795144489905,-4.7597621577892));
#8773=CARTESIAN_POINT('',(12.,-22.8156871309454,-4.7597621577892));
#8774=CARTESIAN_POINT('',(12.,-4.63875683954856,-4.43761454998586));
#8775=CARTESIAN_POINT('Ctrl Pts',(12.,-4.71795144489905,-4.7597621577892));
#8776=CARTESIAN_POINT('Ctrl Pts',(12.,-4.70335945862166,-4.70527084358007));
#8777=CARTESIAN_POINT('Ctrl Pts',(12.,-4.67474940132431,-4.59843140499413));
#8778=CARTESIAN_POINT('Ctrl Pts',(12.,-4.65059283392783,-4.49049845982893));
#8779=CARTESIAN_POINT('Ctrl Pts',(12.,-4.63875683954856,-4.43761454998586));
#8780=CARTESIAN_POINT('',(12.,-4.56224667838714,-4.12083612858388));
#8781=CARTESIAN_POINT('Ctrl Pts',(12.,-4.63875683954856,-4.43761454998586));
#8782=CARTESIAN_POINT('Ctrl Pts',(12.,-4.62709981302952,-4.38519034391931));
#8783=CARTESIAN_POINT('Ctrl Pts',(12.,-4.60351714543397,-4.27913391318122));
#8784=CARTESIAN_POINT('Ctrl Pts',(12.,-4.57610756885101,-4.17400122241446));
#8785=CARTESIAN_POINT('Ctrl Pts',(12.,-4.56224667838714,-4.12083612858388));
#8786=CARTESIAN_POINT('',(12.,-4.33674338272712,-3.20808427511785));
#8787=CARTESIAN_POINT('',(12.,-5.12768144595278,-6.40950171371031));
#8788=CARTESIAN_POINT('',(12.,-22.6183716913636,-3.20808427511785));
#8789=CARTESIAN_POINT('',(12.,-0.272313086306067,-4.8053999441776));
#8790=CARTESIAN_POINT('',(12.,-0.272313086306067,-5.20808445393178));
#8791=CARTESIAN_POINT('',(12.,-0.272313086306069,-2.4026999720888));
#8792=CARTESIAN_POINT('',(12.,-1.5313738863816,-5.20808445393178));
#8793=CARTESIAN_POINT('',(12.,-20.586156543153,-5.20808445393178));
#8794=CARTESIAN_POINT('',(12.,-1.5313738863816,-3.20808427511785));
#8795=CARTESIAN_POINT('',(12.,-1.5313738863816,-2.60404222696589));
#8796=CARTESIAN_POINT('',(12.,-1.05083706787726,-3.20808427511785));
#8797=CARTESIAN_POINT('',(12.,-21.2156869431908,-3.20808427511785));
#8798=CARTESIAN_POINT('',(12.,-1.05083706787727,-4.8053999441776));
#8799=CARTESIAN_POINT('',(12.,-1.05083706787727,-1.60404213755892));
#8800=CARTESIAN_POINT('',(12.,-20.9754185339386,-4.8053999441776));
#8801=CARTESIAN_POINT('',(12.,-2.0172798912873,-4.76110445438954));
#8802=CARTESIAN_POINT('',(12.,-2.3380852024903,-5.12083606897924));
#8803=CARTESIAN_POINT('Ctrl Pts',(12.,-2.0172798912873,-4.76110445438954));
#8804=CARTESIAN_POINT('Ctrl Pts',(12.,-2.05869886831498,-4.83432046563605));
#8805=CARTESIAN_POINT('Ctrl Pts',(12.,-2.13970269247393,-4.97751031063555));
#8806=CARTESIAN_POINT('Ctrl Pts',(12.,-2.27296348542937,-5.07378746836605));
#8807=CARTESIAN_POINT('Ctrl Pts',(12.,-2.3380852024903,-5.12083606897924));
#8808=CARTESIAN_POINT('',(12.,-2.81728002241752,-5.24566846071813));
#8809=CARTESIAN_POINT('Ctrl Pts',(12.,-2.3380852024903,-5.12083606897924));
#8810=CARTESIAN_POINT('Ctrl Pts',(12.,-2.41086775445941,-5.15723358564634));
#8811=CARTESIAN_POINT('Ctrl Pts',(12.,-2.56162560959927,-5.23262543982973));
#8812=CARTESIAN_POINT('Ctrl Pts',(12.,-2.73012724363512,-5.24122208523175));
#8813=CARTESIAN_POINT('Ctrl Pts',(12.,-2.81728002241752,-5.24566846071813));
#8814=CARTESIAN_POINT('',(12.,-3.29513254574439,-5.12083606897924));
#8815=CARTESIAN_POINT('Ctrl Pts',(12.,-2.81728002241752,-5.24566846071813));
#8816=CARTESIAN_POINT('Ctrl Pts',(12.,-2.90385073195107,-5.24113338477896));
#8817=CARTESIAN_POINT('Ctrl Pts',(12.,-3.07185502038116,-5.23233234560254));
#8818=CARTESIAN_POINT('Ctrl Pts',(12.,-3.22223949156476,-5.15723607887502));
#8819=CARTESIAN_POINT('Ctrl Pts',(12.,-3.29513254574439,-5.12083606897924));
#8820=CARTESIAN_POINT('',(12.,-3.61728015354774,-4.76110445438954));
#8821=CARTESIAN_POINT('Ctrl Pts',(12.,-3.29513254574439,-5.12083606897924));
#8822=CARTESIAN_POINT('Ctrl Pts',(12.,-3.36062409785768,-5.07383261383137));
#8823=CARTESIAN_POINT('Ctrl Pts',(12.,-3.494470369987,-4.9777708005786));
#8824=CARTESIAN_POINT('Ctrl Pts',(12.,-3.57576389647374,-4.83434923560211));
#8825=CARTESIAN_POINT('Ctrl Pts',(12.,-3.61728015354774,-4.76110445438954));
#8826=CARTESIAN_POINT('',(12.,-3.73271646908424,-4.19868843733403));
#8827=CARTESIAN_POINT('Ctrl Pts',(12.,-3.61728015354774,-4.76110445438954));
#8828=CARTESIAN_POINT('Ctrl Pts',(12.,-3.6509184591534,-4.67610085677398));
#8829=CARTESIAN_POINT('Ctrl Pts',(12.,-3.722339815549,-4.49561993982831));
#8830=CARTESIAN_POINT('Ctrl Pts',(12.,-3.72912630603445,-4.30142218525697));
#8831=CARTESIAN_POINT('Ctrl Pts',(12.,-3.73271646908424,-4.19868843733403));
#8832=CARTESIAN_POINT('',(12.,-3.61728015354774,-3.64164130865666));
#8833=CARTESIAN_POINT('Ctrl Pts',(12.,-3.73271646908424,-4.19868843733403));
#8834=CARTESIAN_POINT('Ctrl Pts',(12.,-3.7292381752075,-4.09636172137994));
#8835=CARTESIAN_POINT('Ctrl Pts',(12.,-3.7226931440437,-3.90381572942442));
#8836=CARTESIAN_POINT('Ctrl Pts',(12.,-3.65091329297962,-3.7252908551468));
#8837=CARTESIAN_POINT('Ctrl Pts',(12.,-3.61728015354774,-3.64164130865666));
#8838=CARTESIAN_POINT('',(12.,-3.29513254574439,-3.2926479178581));
#8839=CARTESIAN_POINT('Ctrl Pts',(12.,-3.61728015354774,-3.64164130865666));
#8840=CARTESIAN_POINT('Ctrl Pts',(12.,-3.57569507634018,-3.57012530202263));
#8841=CARTESIAN_POINT('Ctrl Pts',(12.,-3.49411839632333,-3.42983366903736));
#8842=CARTESIAN_POINT('Ctrl Pts',(12.,-3.36059175036606,-3.3377771073532));
#8843=CARTESIAN_POINT('Ctrl Pts',(12.,-3.29513254574439,-3.2926479178581));
#8844=CARTESIAN_POINT('',(12.,-2.81728002241752,-3.17318486153218));
#8845=CARTESIAN_POINT('Ctrl Pts',(12.,-3.29513254574439,-3.2926479178581));
#8846=CARTESIAN_POINT('Ctrl Pts',(12.,-3.22212492170995,-3.25781531783032));
#8847=CARTESIAN_POINT('Ctrl Pts',(12.,-3.07105772584909,-3.18573978763288));
#8848=CARTESIAN_POINT('Ctrl Pts',(12.,-2.90373774653641,-3.17746211017329));
#8849=CARTESIAN_POINT('Ctrl Pts',(12.,-2.81728002241752,-3.17318486153218));
#8850=CARTESIAN_POINT('',(12.,-2.3380852024903,-3.29399021445844));
#8851=CARTESIAN_POINT('Ctrl Pts',(12.,-2.81728002241752,-3.17318486153218));
#8852=CARTESIAN_POINT('Ctrl Pts',(12.,-2.73021339554307,-3.1774393208016));
#8853=CARTESIAN_POINT('Ctrl Pts',(12.,-2.56222990780191,-3.18564773465874));
#8854=CARTESIAN_POINT('Ctrl Pts',(12.,-2.41095406762107,-3.25876835393096));
#8855=CARTESIAN_POINT('Ctrl Pts',(12.,-2.3380852024903,-3.29399021445844));
#8856=CARTESIAN_POINT('',(12.,-2.0172798912873,-3.64298360525701));
#8857=CARTESIAN_POINT('Ctrl Pts',(12.,-2.3380852024903,-3.29399021445844));
#8858=CARTESIAN_POINT('Ctrl Pts',(12.,-2.27303052601677,-3.33942420221086));
#8859=CARTESIAN_POINT('Ctrl Pts',(12.,-2.14042988155626,-3.43203208811485));
#8860=CARTESIAN_POINT('Ctrl Pts',(12.,-2.05884085101869,-3.57179117162325));
#8861=CARTESIAN_POINT('Ctrl Pts',(12.,-2.0172798912873,-3.64298360525701));
#8862=CARTESIAN_POINT('',(12.,-1.9018435757508,-4.19868843733403));
#8863=CARTESIAN_POINT('Ctrl Pts',(12.,-2.0172798912873,-3.64298360525701));
#8864=CARTESIAN_POINT('Ctrl Pts',(12.,-1.98364811593204,-3.7262945771457));
#8865=CARTESIAN_POINT('Ctrl Pts',(12.,-1.91177729503079,-3.90432942295666));
#8866=CARTESIAN_POINT('Ctrl Pts',(12.,-1.90529336600343,-4.09646319521149));
#8867=CARTESIAN_POINT('Ctrl Pts',(12.,-1.9018435757508,-4.19868843733403));
#8868=CARTESIAN_POINT('Ctrl Pts',(12.,-1.9018435757508,-4.19868843733403));
#8869=CARTESIAN_POINT('Ctrl Pts',(12.,-1.90543373880059,-4.30142218525697));
#8870=CARTESIAN_POINT('Ctrl Pts',(12.,-1.91222022928603,-4.49561993982831));
#8871=CARTESIAN_POINT('Ctrl Pts',(12.,-1.98364158568163,-4.67610085677398));
#8872=CARTESIAN_POINT('Ctrl Pts',(12.,-2.0172798912873,-4.76110445438954));
#8873=CARTESIAN_POINT('Origin',(-12.,-6.95,-3.85));
#8874=CARTESIAN_POINT('',(-12.,-6.95,-3.85));
#8875=CARTESIAN_POINT('',(-12.,-6.95,-5.85));
#8876=CARTESIAN_POINT('',(-12.,-6.95,-1.92500000000003));
#8877=CARTESIAN_POINT('',(-11.5,-6.95,-3.85));
#8878=CARTESIAN_POINT('',(-12.,-6.95,-3.85));
#8879=CARTESIAN_POINT('',(-11.5,-6.95,-5.85));
#8880=CARTESIAN_POINT('',(-11.5,-6.95,-3.85));
#8881=CARTESIAN_POINT('',(-12.,-6.95,-5.85));
#8882=CARTESIAN_POINT('Origin',(-12.,-4.95,-4.85));
#8883=CARTESIAN_POINT('',(-12.,-4.95,-4.85));
#8884=CARTESIAN_POINT('',(-12.,11.21,-12.93));
#8885=CARTESIAN_POINT('',(-11.5,-4.95,-4.85));
#8886=CARTESIAN_POINT('',(-12.,-4.95,-4.85));
#8887=CARTESIAN_POINT('',(-11.5,-4.95,-4.85));
#8888=CARTESIAN_POINT('Origin',(-12.,-6.95,-5.85));
#8889=CARTESIAN_POINT('',(-12.,12.15,3.70000000000002));
#8890=CARTESIAN_POINT('',(-11.5,-6.95,-5.85));
#8891=CARTESIAN_POINT('',(-12.,-4.95,-4.85));
#8892=CARTESIAN_POINT('Origin',(-11.5,-5.95,-4.85));
#8893=CARTESIAN_POINT('Origin',(-12.,-4.95,-3.85));
#8894=CARTESIAN_POINT('',(-11.5,-4.95,-5.85));
#8895=CARTESIAN_POINT('',(-11.5,-4.95,-3.85));
#8896=CARTESIAN_POINT('',(-12.,-4.95,-5.85));
#8897=CARTESIAN_POINT('',(-12.,-4.95,-5.85));
#8898=CARTESIAN_POINT('',(-12.,-4.95,-1.925));
#8899=CARTESIAN_POINT('Origin',(-12.,-4.95,-5.85));
#8900=CARTESIAN_POINT('',(-12.,-4.65,-5.85));
#8901=CARTESIAN_POINT('',(-12.,16.4625,-5.85));
#8902=CARTESIAN_POINT('',(-11.5,-4.65,-5.85));
#8903=CARTESIAN_POINT('',(-11.5,-4.95,-5.85));
#8904=CARTESIAN_POINT('',(-12.,-4.65,-5.85));
#8905=CARTESIAN_POINT('Origin',(-12.,-4.95,-3.85));
#8906=CARTESIAN_POINT('',(-12.,-4.95,-3.85));
#8907=CARTESIAN_POINT('',(-12.,-4.95,-1.925));
#8908=CARTESIAN_POINT('',(-11.5,-4.95,-3.85));
#8909=CARTESIAN_POINT('',(-12.,-4.95,-3.85));
#8910=CARTESIAN_POINT('',(-11.5,-4.95,-3.85));
#8911=CARTESIAN_POINT('Origin',(-12.,-4.65,-3.85));
#8912=CARTESIAN_POINT('',(-12.,-4.65,-3.85));
#8913=CARTESIAN_POINT('',(-12.,16.6125,-3.85));
#8914=CARTESIAN_POINT('',(-11.5,-4.65,-3.85));
#8915=CARTESIAN_POINT('',(-12.,-4.65,-3.85));
#8916=CARTESIAN_POINT('',(-11.5,-4.65,-3.85));
#8917=CARTESIAN_POINT('Origin',(-12.,-4.65,-5.85));
#8918=CARTESIAN_POINT('',(-12.,-4.65,-2.925));
#8919=CARTESIAN_POINT('',(-11.5,-4.65,-5.85));
#8920=CARTESIAN_POINT('Origin',(-11.5,-4.8,-4.85));
#8921=CARTESIAN_POINT('Origin',(-12.,-23.35,-5.85));
#8922=CARTESIAN_POINT('',(-12.,-23.35,-5.85));
#8923=CARTESIAN_POINT('',(-12.,-23.35,-3.85));
#8924=CARTESIAN_POINT('',(-12.,-23.35,-2.925));
#8925=CARTESIAN_POINT('',(-11.5,-23.35,-5.85));
#8926=CARTESIAN_POINT('',(-12.,-23.35,-5.85));
#8927=CARTESIAN_POINT('',(-11.5,-23.35,-3.85));
#8928=CARTESIAN_POINT('',(-11.5,-23.35,-5.85));
#8929=CARTESIAN_POINT('',(-12.,-23.35,-3.85));
#8930=CARTESIAN_POINT('Origin',(-12.,-25.35,-4.77765388308415));
#8931=CARTESIAN_POINT('',(-12.,-25.35,-4.77765388308415));
#8932=CARTESIAN_POINT('',(-12.,-1.79107957490399,-17.4093123013748));
#8933=CARTESIAN_POINT('',(-11.5,-25.35,-4.77765388308415));
#8934=CARTESIAN_POINT('',(-12.,-25.35,-4.77765388308415));
#8935=CARTESIAN_POINT('',(-11.5,-25.35,-4.77765388308415));
#8936=CARTESIAN_POINT('Origin',(-12.,-23.35,-3.85));
#8937=CARTESIAN_POINT('',(-12.,2.57745305631053,8.17585125308421));
#8938=CARTESIAN_POINT('',(-11.5,-23.35,-3.85));
#8939=CARTESIAN_POINT('',(-12.,-25.35,-4.77765388308415));
#8940=CARTESIAN_POINT('Origin',(-11.5,-24.35,-4.85));
#8941=CARTESIAN_POINT('Origin',(-12.,-25.35,-5.85));
#8942=CARTESIAN_POINT('',(-11.5,-25.35,-3.85000000000001));
#8943=CARTESIAN_POINT('',(-11.5,-25.35,-5.85));
#8944=CARTESIAN_POINT('',(-12.,-25.35,-3.85000000000001));
#8945=CARTESIAN_POINT('',(-12.,-25.35,-3.85000000000001));
#8946=CARTESIAN_POINT('',(-12.,-25.35,-2.925));
#8947=CARTESIAN_POINT('Origin',(-12.,-25.65,-5.85));
#8948=CARTESIAN_POINT('',(-12.,-25.65,-5.85));
#8949=CARTESIAN_POINT('',(-12.,-25.35,-5.85));
#8950=CARTESIAN_POINT('',(-12.,6.1125,-5.85));
#8951=CARTESIAN_POINT('',(-11.5,-25.65,-5.85));
#8952=CARTESIAN_POINT('',(-12.,-25.65,-5.85));
#8953=CARTESIAN_POINT('',(-11.5,-25.35,-5.85));
#8954=CARTESIAN_POINT('',(-11.5,-25.65,-5.85));
#8955=CARTESIAN_POINT('',(-12.,-25.35,-5.85));
#8956=CARTESIAN_POINT('Origin',(-12.,-25.65,-3.85));
#8957=CARTESIAN_POINT('',(-12.,-25.65,-3.85));
#8958=CARTESIAN_POINT('',(-12.,-25.65,-1.925));
#8959=CARTESIAN_POINT('',(-11.5,-25.65,-3.85));
#8960=CARTESIAN_POINT('',(-12.,-25.65,-3.85));
#8961=CARTESIAN_POINT('',(-11.5,-25.65,-3.85));
#8962=CARTESIAN_POINT('Origin',(-12.,-25.35,-3.85000000000001));
#8963=CARTESIAN_POINT('',(-12.,6.26249999999998,-3.85000000000036));
#8964=CARTESIAN_POINT('',(-11.5,-25.35,-3.85000000000001));
#8965=CARTESIAN_POINT('Origin',(-12.,-25.35,-5.85));
#8966=CARTESIAN_POINT('',(-12.,-25.35,-2.925));
#8967=CARTESIAN_POINT('',(-11.5,-25.35,-5.85));
#8968=CARTESIAN_POINT('Origin',(-11.5,-25.5,-4.85));
#8969=CARTESIAN_POINT('Origin',(12.,-24.6333775035414,-4.18191599990984));
#8970=CARTESIAN_POINT('',(11.5,-24.6333775035414,-4.18191599990984));
#8971=CARTESIAN_POINT('',(12.,-24.6333775035414,-4.18191599990984));
#8972=CARTESIAN_POINT('',(11.5,-24.6333775035414,-5.70943299080988));
#8973=CARTESIAN_POINT('',(11.5,-24.6333775035414,-4.18191599990984));
#8974=CARTESIAN_POINT('',(12.,-24.6333775035414,-5.70943299080988));
#8975=CARTESIAN_POINT('Origin',(12.,-25.1112300268683,-4.18191599990984));
#8976=CARTESIAN_POINT('',(11.5,-25.1112300268683,-4.18191599990984));
#8977=CARTESIAN_POINT('',(12.,-25.1112300268683,-4.18191599990984));
#8978=CARTESIAN_POINT('',(11.5,-25.1112300268683,-4.18191599990984));
#8979=CARTESIAN_POINT('Origin',(12.,-25.1112300268683,-5.70943299080988));
#8980=CARTESIAN_POINT('',(11.5,-25.1112300268683,-5.70943299080988));
#8981=CARTESIAN_POINT('',(12.,-25.1112300268683,-5.70943299080988));
#8982=CARTESIAN_POINT('',(11.5,-25.1112300268683,-5.70943299080988));
#8983=CARTESIAN_POINT('Origin',(12.,-24.6333775035414,-5.70943299080988));
#8984=CARTESIAN_POINT('',(11.5,-24.6333775035414,-5.70943299080988));
#8985=CARTESIAN_POINT('Origin',(11.5,-22.1340482048068,-4.61278858925959));
#8986=CARTESIAN_POINT('Ctrl Pts',(12.,-23.0709615460906,-5.56715104128977));
#8987=CARTESIAN_POINT('Ctrl Pts',(11.5,-23.0709615460906,-5.56715104128977));
#8988=CARTESIAN_POINT('Ctrl Pts',(12.,-23.1091307781969,-5.59768989621201));
#8989=CARTESIAN_POINT('Ctrl Pts',(11.5,-23.1091307781969,-5.59768989621201));
#8990=CARTESIAN_POINT('Ctrl Pts',(12.,-23.1842896095747,-5.65782379257074));
#8991=CARTESIAN_POINT('Ctrl Pts',(11.5,-23.1842896095747,-5.65782379257074));
#8992=CARTESIAN_POINT('Ctrl Pts',(12.,-23.2747592046106,-5.69061173368611));
#8993=CARTESIAN_POINT('Ctrl Pts',(11.5,-23.2747592046106,-5.69061173368611));
#8994=CARTESIAN_POINT('Ctrl Pts',(12.,-23.319284032968,-5.7067483976092));
#8995=CARTESIAN_POINT('Ctrl Pts',(11.5,-23.319284032968,-5.7067483976092));
#8996=CARTESIAN_POINT('',(11.5,-23.0709615460906,-5.56715104128977));
#8997=CARTESIAN_POINT('',(12.,-23.0709615460906,-5.56715104128977));
#8998=CARTESIAN_POINT('',(11.5,-23.319284032968,-5.7067483976092));
#8999=CARTESIAN_POINT('Ctrl Pts',(11.5,-23.0709615460906,-5.56715104128977));
#9000=CARTESIAN_POINT('Ctrl Pts',(11.5,-23.1091307781969,-5.59768989621201));
#9001=CARTESIAN_POINT('Ctrl Pts',(11.5,-23.1842896095747,-5.65782379257074));
#9002=CARTESIAN_POINT('Ctrl Pts',(11.5,-23.2747592046106,-5.69061173368611));
#9003=CARTESIAN_POINT('Ctrl Pts',(11.5,-23.319284032968,-5.7067483976092));
#9004=CARTESIAN_POINT('',(12.,-23.319284032968,-5.7067483976092));
#9005=CARTESIAN_POINT('Origin',(12.,-23.2561960927519,-5.25305721308848));
#9006=CARTESIAN_POINT('',(11.5,-23.2561960927519,-5.25305721308848));
#9007=CARTESIAN_POINT('',(12.,-23.2561960927519,-5.25305721308848));
#9008=CARTESIAN_POINT('',(11.5,-23.2561960927519,-5.25305721308848));
#9009=CARTESIAN_POINT('Ctrl Pts',(12.,-23.3823707810912,-5.32956722523829));
#9010=CARTESIAN_POINT('Ctrl Pts',(11.5,-23.3823707810912,-5.32956722523829));
#9011=CARTESIAN_POINT('Ctrl Pts',(12.,-23.3603097475588,-5.31864142835524));
#9012=CARTESIAN_POINT('Ctrl Pts',(11.5,-23.3603097475588,-5.31864142835524));
#9013=CARTESIAN_POINT('Ctrl Pts',(12.,-23.3160724897909,-5.2967327860278));
#9014=CARTESIAN_POINT('Ctrl Pts',(11.5,-23.3160724897909,-5.2967327860278));
#9015=CARTESIAN_POINT('Ctrl Pts',(12.,-23.2761895092556,-5.26764098839884));
#9016=CARTESIAN_POINT('Ctrl Pts',(11.5,-23.2761895092556,-5.26764098839884));
#9017=CARTESIAN_POINT('Ctrl Pts',(12.,-23.2561960927519,-5.25305721308848));
#9018=CARTESIAN_POINT('Ctrl Pts',(11.5,-23.2561960927519,-5.25305721308848));
#9019=CARTESIAN_POINT('',(11.5,-23.3823707810912,-5.32956722523829));
#9020=CARTESIAN_POINT('',(12.,-23.3823707810912,-5.32956722523829));
#9021=CARTESIAN_POINT('Ctrl Pts',(11.5,-23.3823707810912,-5.32956722523829));
#9022=CARTESIAN_POINT('Ctrl Pts',(11.5,-23.3603097475588,-5.31864142835524));
#9023=CARTESIAN_POINT('Ctrl Pts',(11.5,-23.3160724897909,-5.2967327860278));
#9024=CARTESIAN_POINT('Ctrl Pts',(11.5,-23.2761895092556,-5.26764098839884));
#9025=CARTESIAN_POINT('Ctrl Pts',(11.5,-23.2561960927519,-5.25305721308848));
#9026=CARTESIAN_POINT('Ctrl Pts',(12.,-23.5219684354338,-5.36043974902293));
#9027=CARTESIAN_POINT('Ctrl Pts',(11.5,-23.5219684354338,-5.36043974902293));
#9028=CARTESIAN_POINT('Ctrl Pts',(12.,-23.4979765190708,-5.3591282233278));
#9029=CARTESIAN_POINT('Ctrl Pts',(11.5,-23.4979765190708,-5.3591282233278));
#9030=CARTESIAN_POINT('Ctrl Pts',(12.,-23.4497554018294,-5.35649220070449));
#9031=CARTESIAN_POINT('Ctrl Pts',(11.5,-23.4497554018294,-5.35649220070449));
#9032=CARTESIAN_POINT('Ctrl Pts',(12.,-23.4049058858961,-5.33857161136309));
#9033=CARTESIAN_POINT('Ctrl Pts',(11.5,-23.4049058858961,-5.33857161136309));
#9034=CARTESIAN_POINT('Ctrl Pts',(12.,-23.3823707810912,-5.32956722523829));
#9035=CARTESIAN_POINT('Ctrl Pts',(11.5,-23.3823707810912,-5.32956722523829));
#9036=CARTESIAN_POINT('',(11.5,-23.5219684354338,-5.36043974902293));
#9037=CARTESIAN_POINT('',(12.,-23.5219684354338,-5.36043974902293));
#9038=CARTESIAN_POINT('Ctrl Pts',(11.5,-23.5219684354338,-5.36043974902293));
#9039=CARTESIAN_POINT('Ctrl Pts',(11.5,-23.4979765190708,-5.3591282233278));
#9040=CARTESIAN_POINT('Ctrl Pts',(11.5,-23.4497554018294,-5.35649220070449));
#9041=CARTESIAN_POINT('Ctrl Pts',(11.5,-23.4049058858961,-5.33857161136309));
#9042=CARTESIAN_POINT('Ctrl Pts',(11.5,-23.3823707810912,-5.32956722523829));
#9043=CARTESIAN_POINT('Ctrl Pts',(12.,-23.6870691291365,-5.30943277623316));
#9044=CARTESIAN_POINT('Ctrl Pts',(11.5,-23.6870691291365,-5.30943277623316));
#9045=CARTESIAN_POINT('Ctrl Pts',(12.,-23.661664725173,-5.32430968462303));
#9046=CARTESIAN_POINT('Ctrl Pts',(11.5,-23.661664725173,-5.32430968462303));
#9047=CARTESIAN_POINT('Ctrl Pts',(12.,-23.610622879221,-5.35419996929057));
#9048=CARTESIAN_POINT('Ctrl Pts',(11.5,-23.610622879221,-5.35419996929057));
#9049=CARTESIAN_POINT('Ctrl Pts',(12.,-23.5516097273741,-5.35835350128633));
#9050=CARTESIAN_POINT('Ctrl Pts',(11.5,-23.5516097273741,-5.35835350128633));
#9051=CARTESIAN_POINT('Ctrl Pts',(12.,-23.5219684354338,-5.36043974902293));
#9052=CARTESIAN_POINT('Ctrl Pts',(11.5,-23.5219684354338,-5.36043974902293));
#9053=CARTESIAN_POINT('',(11.5,-23.6870691291365,-5.30943277623316));
#9054=CARTESIAN_POINT('',(12.,-23.6870691291365,-5.30943277623316));
#9055=CARTESIAN_POINT('Ctrl Pts',(11.5,-23.6870691291365,-5.30943277623316));
#9056=CARTESIAN_POINT('Ctrl Pts',(11.5,-23.661664725173,-5.32430968462303));
#9057=CARTESIAN_POINT('Ctrl Pts',(11.5,-23.610622879221,-5.35419996929057));
#9058=CARTESIAN_POINT('Ctrl Pts',(11.5,-23.5516097273741,-5.35835350128633));
#9059=CARTESIAN_POINT('Ctrl Pts',(11.5,-23.5219684354338,-5.36043974902293));
#9060=CARTESIAN_POINT('Ctrl Pts',(12.,-23.8038474432501,-5.16446653153559));
#9061=CARTESIAN_POINT('Ctrl Pts',(11.5,-23.8038474432501,-5.16446653153559));
#9062=CARTESIAN_POINT('Ctrl Pts',(12.,-23.7887319122569,-5.19365154018019));
#9063=CARTESIAN_POINT('Ctrl Pts',(11.5,-23.7887319122569,-5.19365154018019));
#9064=CARTESIAN_POINT('Ctrl Pts',(12.,-23.7595830121954,-5.24993212341967));
#9065=CARTESIAN_POINT('Ctrl Pts',(11.5,-23.7595830121954,-5.24993212341967));
#9066=CARTESIAN_POINT('Ctrl Pts',(12.,-23.7106346828706,-5.29009626063172));
#9067=CARTESIAN_POINT('Ctrl Pts',(11.5,-23.7106346828706,-5.29009626063172));
#9068=CARTESIAN_POINT('Ctrl Pts',(12.,-23.6870691291365,-5.30943277623316));
#9069=CARTESIAN_POINT('Ctrl Pts',(11.5,-23.6870691291365,-5.30943277623316));
#9070=CARTESIAN_POINT('',(11.5,-23.8038474432501,-5.16446653153559));
#9071=CARTESIAN_POINT('',(12.,-23.8038474432501,-5.16446653153559));
#9072=CARTESIAN_POINT('Ctrl Pts',(11.5,-23.8038474432501,-5.16446653153559));
#9073=CARTESIAN_POINT('Ctrl Pts',(11.5,-23.7887319122569,-5.19365154018019));
#9074=CARTESIAN_POINT('Ctrl Pts',(11.5,-23.7595830121954,-5.24993212341967));
#9075=CARTESIAN_POINT('Ctrl Pts',(11.5,-23.7106346828706,-5.29009626063172));
#9076=CARTESIAN_POINT('Ctrl Pts',(11.5,-23.6870691291365,-5.30943277623316));
#9077=CARTESIAN_POINT('Ctrl Pts',(12.,-23.8468006364379,-4.94433227326533));
#9078=CARTESIAN_POINT('Ctrl Pts',(11.5,-23.8468006364379,-4.94433227326533));
#9079=CARTESIAN_POINT('Ctrl Pts',(12.,-23.8454100060423,-4.98414566627773));
#9080=CARTESIAN_POINT('Ctrl Pts',(11.5,-23.8454100060423,-4.98414566627773));
#9081=CARTESIAN_POINT('Ctrl Pts',(12.,-23.8427650900709,-5.05986893494315));
#9082=CARTESIAN_POINT('Ctrl Pts',(11.5,-23.8427650900709,-5.05986893494315));
#9083=CARTESIAN_POINT('Ctrl Pts',(12.,-23.8163663762836,-5.13081983359322));
#9084=CARTESIAN_POINT('Ctrl Pts',(11.5,-23.8163663762836,-5.13081983359322));
#9085=CARTESIAN_POINT('Ctrl Pts',(12.,-23.8038474432501,-5.16446653153559));
#9086=CARTESIAN_POINT('Ctrl Pts',(11.5,-23.8038474432501,-5.16446653153559));
#9087=CARTESIAN_POINT('',(11.5,-23.8468006364379,-4.94433227326533));
#9088=CARTESIAN_POINT('',(12.,-23.8468006364379,-4.94433227326533));
#9089=CARTESIAN_POINT('Ctrl Pts',(11.5,-23.8468006364379,-4.94433227326533));
#9090=CARTESIAN_POINT('Ctrl Pts',(11.5,-23.8454100060423,-4.98414566627773));
#9091=CARTESIAN_POINT('Ctrl Pts',(11.5,-23.8427650900709,-5.05986893494315));
#9092=CARTESIAN_POINT('Ctrl Pts',(11.5,-23.8163663762836,-5.13081983359322));
#9093=CARTESIAN_POINT('Ctrl Pts',(11.5,-23.8038474432501,-5.16446653153559));
#9094=CARTESIAN_POINT('Ctrl Pts',(12.,-23.8051897398505,-4.72554031159541));
#9095=CARTESIAN_POINT('Ctrl Pts',(11.5,-23.8051897398505,-4.72554031159541));
#9096=CARTESIAN_POINT('Ctrl Pts',(12.,-23.8173159437587,-4.75887083529765));
#9097=CARTESIAN_POINT('Ctrl Pts',(11.5,-23.8173159437587,-4.75887083529765));
#9098=CARTESIAN_POINT('Ctrl Pts',(12.,-23.8430050772757,-4.82948091905143));
#9099=CARTESIAN_POINT('Ctrl Pts',(11.5,-23.8430050772757,-4.82948091905143));
#9100=CARTESIAN_POINT('Ctrl Pts',(12.,-23.8454891409993,-4.90464720428741));
#9101=CARTESIAN_POINT('Ctrl Pts',(11.5,-23.8454891409993,-4.90464720428741));
#9102=CARTESIAN_POINT('Ctrl Pts',(12.,-23.8468006364379,-4.94433227326533));
#9103=CARTESIAN_POINT('Ctrl Pts',(11.5,-23.8468006364379,-4.94433227326533));
#9104=CARTESIAN_POINT('',(11.5,-23.8051897398505,-4.72554031159541));
#9105=CARTESIAN_POINT('',(12.,-23.8051897398505,-4.72554031159541));
#9106=CARTESIAN_POINT('Ctrl Pts',(11.5,-23.8051897398505,-4.72554031159541));
#9107=CARTESIAN_POINT('Ctrl Pts',(11.5,-23.8173159437587,-4.75887083529765));
#9108=CARTESIAN_POINT('Ctrl Pts',(11.5,-23.8430050772757,-4.82948091905143));
#9109=CARTESIAN_POINT('Ctrl Pts',(11.5,-23.8454891409993,-4.90464720428741));
#9110=CARTESIAN_POINT('Ctrl Pts',(11.5,-23.8468006364379,-4.94433227326533));
#9111=CARTESIAN_POINT('Ctrl Pts',(12.,-23.6857268325362,-4.58191606547495));
#9112=CARTESIAN_POINT('Ctrl Pts',(11.5,-23.6857268325362,-4.58191606547495));
#9113=CARTESIAN_POINT('Ctrl Pts',(12.,-23.7103189058888,-4.60099437195284));
#9114=CARTESIAN_POINT('Ctrl Pts',(11.5,-23.7103189058888,-4.60099437195284));
#9115=CARTESIAN_POINT('Ctrl Pts',(12.,-23.760666241181,-4.64005337601796));
#9116=CARTESIAN_POINT('Ctrl Pts',(11.5,-23.760666241181,-4.64005337601796));
#9117=CARTESIAN_POINT('Ctrl Pts',(12.,-23.7901217341265,-4.69660912529826));
#9118=CARTESIAN_POINT('Ctrl Pts',(11.5,-23.7901217341265,-4.69660912529826));
#9119=CARTESIAN_POINT('Ctrl Pts',(12.,-23.8051897398505,-4.72554031159541));
#9120=CARTESIAN_POINT('Ctrl Pts',(11.5,-23.8051897398505,-4.72554031159541));
#9121=CARTESIAN_POINT('',(11.5,-23.6857268325362,-4.58191606547495));
#9122=CARTESIAN_POINT('',(12.,-23.6857268325362,-4.58191606547495));
#9123=CARTESIAN_POINT('Ctrl Pts',(11.5,-23.6857268325362,-4.58191606547495));
#9124=CARTESIAN_POINT('Ctrl Pts',(11.5,-23.7103189058888,-4.60099437195284));
#9125=CARTESIAN_POINT('Ctrl Pts',(11.5,-23.760666241181,-4.64005337601796));
#9126=CARTESIAN_POINT('Ctrl Pts',(11.5,-23.7901217341265,-4.69660912529826));
#9127=CARTESIAN_POINT('Ctrl Pts',(11.5,-23.8051897398505,-4.72554031159541));
#9128=CARTESIAN_POINT('Ctrl Pts',(12.,-23.503176283029,-4.53090939070841));
#9129=CARTESIAN_POINT('Ctrl Pts',(11.5,-23.503176283029,-4.53090939070841));
#9130=CARTESIAN_POINT('Ctrl Pts',(12.,-23.5365222985897,-4.53275574611975));
#9131=CARTESIAN_POINT('Ctrl Pts',(11.5,-23.5365222985897,-4.53275574611975));
#9132=CARTESIAN_POINT('Ctrl Pts',(12.,-23.6011901050947,-4.53633637644312));
#9133=CARTESIAN_POINT('Ctrl Pts',(11.5,-23.6011901050947,-4.53633637644312));
#9134=CARTESIAN_POINT('Ctrl Pts',(12.,-23.6581421590465,-4.56704322998966));
#9135=CARTESIAN_POINT('Ctrl Pts',(11.5,-23.6581421590465,-4.56704322998966));
#9136=CARTESIAN_POINT('Ctrl Pts',(12.,-23.6857268325362,-4.58191606547495));
#9137=CARTESIAN_POINT('Ctrl Pts',(11.5,-23.6857268325362,-4.58191606547495));
#9138=CARTESIAN_POINT('',(11.5,-23.503176283029,-4.53090939070841));
#9139=CARTESIAN_POINT('',(12.,-23.503176283029,-4.53090939070841));
#9140=CARTESIAN_POINT('Ctrl Pts',(11.5,-23.503176283029,-4.53090939070841));
#9141=CARTESIAN_POINT('Ctrl Pts',(11.5,-23.5365222985897,-4.53275574611975));
#9142=CARTESIAN_POINT('Ctrl Pts',(11.5,-23.6011901050947,-4.53633637644312));
#9143=CARTESIAN_POINT('Ctrl Pts',(11.5,-23.6581421590465,-4.56704322998966));
#9144=CARTESIAN_POINT('Ctrl Pts',(11.5,-23.6857268325362,-4.58191606547495));
#9145=CARTESIAN_POINT('Ctrl Pts',(12.,-23.4078744164977,-4.54970124508997));
#9146=CARTESIAN_POINT('Ctrl Pts',(11.5,-23.4078744164977,-4.54970124508997));
#9147=CARTESIAN_POINT('Ctrl Pts',(12.,-23.4234927816923,-4.5442205466785));
#9148=CARTESIAN_POINT('Ctrl Pts',(11.5,-23.4234927816923,-4.5442205466785));
#9149=CARTESIAN_POINT('Ctrl Pts',(12.,-23.4543644763991,-4.53338724587975));
#9150=CARTESIAN_POINT('Ctrl Pts',(11.5,-23.4543644763991,-4.53338724587975));
#9151=CARTESIAN_POINT('Ctrl Pts',(12.,-23.4870344471554,-4.53172880581012));
#9152=CARTESIAN_POINT('Ctrl Pts',(11.5,-23.4870344471554,-4.53172880581012));
#9153=CARTESIAN_POINT('Ctrl Pts',(12.,-23.503176283029,-4.53090939070841));
#9154=CARTESIAN_POINT('Ctrl Pts',(11.5,-23.503176283029,-4.53090939070841));
#9155=CARTESIAN_POINT('',(11.5,-23.4078744164977,-4.54970124508997));
#9156=CARTESIAN_POINT('',(12.,-23.4078744164977,-4.54970124508997));
#9157=CARTESIAN_POINT('Ctrl Pts',(11.5,-23.4078744164977,-4.54970124508997));
#9158=CARTESIAN_POINT('Ctrl Pts',(11.5,-23.4234927816923,-4.5442205466785));
#9159=CARTESIAN_POINT('Ctrl Pts',(11.5,-23.4543644763991,-4.53338724587975));
#9160=CARTESIAN_POINT('Ctrl Pts',(11.5,-23.4870344471554,-4.53172880581012));
#9161=CARTESIAN_POINT('Ctrl Pts',(11.5,-23.503176283029,-4.53090939070841));
#9162=CARTESIAN_POINT('Ctrl Pts',(12.,-23.3098879567656,-4.61144629265925));
#9163=CARTESIAN_POINT('Ctrl Pts',(11.5,-23.3098879567656,-4.61144629265925));
#9164=CARTESIAN_POINT('Ctrl Pts',(12.,-23.3260912743688,-4.59839759695693));
#9165=CARTESIAN_POINT('Ctrl Pts',(11.5,-23.3260912743688,-4.59839759695693));
#9166=CARTESIAN_POINT('Ctrl Pts',(12.,-23.3563812888168,-4.57400474167696));
#9167=CARTESIAN_POINT('Ctrl Pts',(11.5,-23.3563812888168,-4.57400474167696));
#9168=CARTESIAN_POINT('Ctrl Pts',(12.,-23.3915287239464,-4.55741601210888));
#9169=CARTESIAN_POINT('Ctrl Pts',(11.5,-23.3915287239464,-4.55741601210888));
#9170=CARTESIAN_POINT('Ctrl Pts',(12.,-23.4078744164977,-4.54970124508997));
#9171=CARTESIAN_POINT('Ctrl Pts',(11.5,-23.4078744164977,-4.54970124508997));
#9172=CARTESIAN_POINT('',(11.5,-23.3098879567656,-4.61144629265925));
#9173=CARTESIAN_POINT('',(12.,-23.3098879567656,-4.61144629265925));
#9174=CARTESIAN_POINT('Ctrl Pts',(11.5,-23.3098879567656,-4.61144629265925));
#9175=CARTESIAN_POINT('Ctrl Pts',(11.5,-23.3260912743688,-4.59839759695693));
#9176=CARTESIAN_POINT('Ctrl Pts',(11.5,-23.3563812888168,-4.57400474167696));
#9177=CARTESIAN_POINT('Ctrl Pts',(11.5,-23.3915287239464,-4.55741601210888));
#9178=CARTESIAN_POINT('Ctrl Pts',(11.5,-23.4078744164977,-4.54970124508997));
#9179=CARTESIAN_POINT('Origin',(12.,-23.0870691052947,-4.30809053923747));
#9180=CARTESIAN_POINT('',(11.5,-23.0870691052947,-4.30809053923747));
#9181=CARTESIAN_POINT('',(12.,-23.0870691052947,-4.30809053923747));
#9182=CARTESIAN_POINT('',(11.5,-23.0870691052947,-4.30809053923747));
#9183=CARTESIAN_POINT('Ctrl Pts',(12.,-23.2830420247588,-4.18862733389994));
#9184=CARTESIAN_POINT('Ctrl Pts',(11.5,-23.2830420247588,-4.18862733389994));
#9185=CARTESIAN_POINT('Ctrl Pts',(12.,-23.2475039612423,-4.20455296573953));
#9186=CARTESIAN_POINT('Ctrl Pts',(11.5,-23.2475039612423,-4.20455296573953));
#9187=CARTESIAN_POINT('Ctrl Pts',(12.,-23.1771221565863,-4.2360930835244));
#9188=CARTESIAN_POINT('Ctrl Pts',(11.5,-23.1771221565863,-4.2360930835244));
#9189=CARTESIAN_POINT('Ctrl Pts',(12.,-23.1168887197648,-4.28424974382413));
#9190=CARTESIAN_POINT('Ctrl Pts',(11.5,-23.1168887197648,-4.28424974382413));
#9191=CARTESIAN_POINT('Ctrl Pts',(12.,-23.0870691052947,-4.30809053923747));
#9192=CARTESIAN_POINT('Ctrl Pts',(11.5,-23.0870691052947,-4.30809053923747));
#9193=CARTESIAN_POINT('',(11.5,-23.2830420247588,-4.18862733389994));
#9194=CARTESIAN_POINT('',(12.,-23.2830420247588,-4.18862733389994));
#9195=CARTESIAN_POINT('Ctrl Pts',(11.5,-23.2830420247588,-4.18862733389994));
#9196=CARTESIAN_POINT('Ctrl Pts',(11.5,-23.2475039612423,-4.20455296573953));
#9197=CARTESIAN_POINT('Ctrl Pts',(11.5,-23.1771221565863,-4.2360930835244));
#9198=CARTESIAN_POINT('Ctrl Pts',(11.5,-23.1168887197648,-4.28424974382413));
#9199=CARTESIAN_POINT('Ctrl Pts',(11.5,-23.0870691052947,-4.30809053923747));
#9200=CARTESIAN_POINT('Ctrl Pts',(12.,-23.5327068082366,-4.14433214213511));
#9201=CARTESIAN_POINT('Ctrl Pts',(11.5,-23.5327068082366,-4.14433214213511));
#9202=CARTESIAN_POINT('Ctrl Pts',(12.,-23.4882405025963,-4.14584990581493));
#9203=CARTESIAN_POINT('Ctrl Pts',(11.5,-23.4882405025963,-4.14584990581493));
#9204=CARTESIAN_POINT('Ctrl Pts',(12.,-23.4028671802326,-4.14876394434464));
#9205=CARTESIAN_POINT('Ctrl Pts',(11.5,-23.4028671802326,-4.14876394434464));
#9206=CARTESIAN_POINT('Ctrl Pts',(12.,-23.3218579613827,-4.17571406208757));
#9207=CARTESIAN_POINT('Ctrl Pts',(11.5,-23.3218579613827,-4.17571406208757));
#9208=CARTESIAN_POINT('Ctrl Pts',(12.,-23.2830420247588,-4.18862733389994));
#9209=CARTESIAN_POINT('Ctrl Pts',(11.5,-23.2830420247588,-4.18862733389994));
#9210=CARTESIAN_POINT('',(11.5,-23.5327068082366,-4.14433214213511));
#9211=CARTESIAN_POINT('',(12.,-23.5327068082366,-4.14433214213511));
#9212=CARTESIAN_POINT('Ctrl Pts',(11.5,-23.5327068082366,-4.14433214213511));
#9213=CARTESIAN_POINT('Ctrl Pts',(11.5,-23.4882405025963,-4.14584990581493));
#9214=CARTESIAN_POINT('Ctrl Pts',(11.5,-23.4028671802326,-4.14876394434464));
#9215=CARTESIAN_POINT('Ctrl Pts',(11.5,-23.3218579613827,-4.17571406208757));
#9216=CARTESIAN_POINT('Ctrl Pts',(11.5,-23.2830420247588,-4.18862733389994));
#9217=CARTESIAN_POINT('Ctrl Pts',(12.,-23.928679834989,-4.23963415767809));
#9218=CARTESIAN_POINT('Ctrl Pts',(11.5,-23.928679834989,-4.23963415767809));
#9219=CARTESIAN_POINT('Ctrl Pts',(12.,-23.8659921029419,-4.21183801891244));
#9220=CARTESIAN_POINT('Ctrl Pts',(11.5,-23.8659921029419,-4.21183801891244));
#9221=CARTESIAN_POINT('Ctrl Pts',(12.,-23.7398376141279,-4.15590031686976));
#9222=CARTESIAN_POINT('Ctrl Pts',(11.5,-23.7398376141279,-4.15590031686976));
#9223=CARTESIAN_POINT('Ctrl Pts',(12.,-23.6020340633981,-4.14820404230047));
#9224=CARTESIAN_POINT('Ctrl Pts',(11.5,-23.6020340633981,-4.14820404230047));
#9225=CARTESIAN_POINT('Ctrl Pts',(12.,-23.5327068082366,-4.14433214213511));
#9226=CARTESIAN_POINT('Ctrl Pts',(11.5,-23.5327068082366,-4.14433214213511));
#9227=CARTESIAN_POINT('',(11.5,-23.928679834989,-4.23963415767809));
#9228=CARTESIAN_POINT('',(12.,-23.928679834989,-4.23963415767809));
#9229=CARTESIAN_POINT('Ctrl Pts',(11.5,-23.928679834989,-4.23963415767809));
#9230=CARTESIAN_POINT('Ctrl Pts',(11.5,-23.8659921029419,-4.21183801891244));
#9231=CARTESIAN_POINT('Ctrl Pts',(11.5,-23.7398376141279,-4.15590031686976));
#9232=CARTESIAN_POINT('Ctrl Pts',(11.5,-23.6020340633981,-4.14820404230047));
#9233=CARTESIAN_POINT('Ctrl Pts',(11.5,-23.5327068082366,-4.14433214213511));
#9234=CARTESIAN_POINT('Ctrl Pts',(12.,-24.2239818088088,-4.51345968391558));
#9235=CARTESIAN_POINT('Ctrl Pts',(11.5,-24.2239818088088,-4.51345968391558));
#9236=CARTESIAN_POINT('Ctrl Pts',(12.,-24.1839545391245,-4.45748663250555));
#9237=CARTESIAN_POINT('Ctrl Pts',(11.5,-24.1839545391245,-4.45748663250555));
#9238=CARTESIAN_POINT('Ctrl Pts',(12.,-24.1042337884009,-4.34600729069925));
#9239=CARTESIAN_POINT('Ctrl Pts',(11.5,-24.1042337884009,-4.34600729069925));
#9240=CARTESIAN_POINT('Ctrl Pts',(12.,-23.9870342490171,-4.27499275670217));
#9241=CARTESIAN_POINT('Ctrl Pts',(11.5,-23.9870342490171,-4.27499275670217));
#9242=CARTESIAN_POINT('Ctrl Pts',(12.,-23.928679834989,-4.23963415767809));
#9243=CARTESIAN_POINT('Ctrl Pts',(11.5,-23.928679834989,-4.23963415767809));
#9244=CARTESIAN_POINT('',(11.5,-24.2239818088088,-4.51345968391558));
#9245=CARTESIAN_POINT('',(12.,-24.2239818088088,-4.51345968391558));
#9246=CARTESIAN_POINT('Ctrl Pts',(11.5,-24.2239818088088,-4.51345968391558));
#9247=CARTESIAN_POINT('Ctrl Pts',(11.5,-24.1839545391245,-4.45748663250555));
#9248=CARTESIAN_POINT('Ctrl Pts',(11.5,-24.1042337884009,-4.34600729069925));
#9249=CARTESIAN_POINT('Ctrl Pts',(11.5,-23.9870342490171,-4.27499275670217));
#9250=CARTESIAN_POINT('Ctrl Pts',(11.5,-23.928679834989,-4.23963415767809));
#9251=CARTESIAN_POINT('Ctrl Pts',(12.,-24.3353912345442,-4.94433227326533));
#9252=CARTESIAN_POINT('Ctrl Pts',(11.5,-24.3353912345442,-4.94433227326533));
#9253=CARTESIAN_POINT('Ctrl Pts',(12.,-24.331707669556,-4.86487903601232));
#9254=CARTESIAN_POINT('Ctrl Pts',(11.5,-24.331707669556,-4.86487903601232));
#9255=CARTESIAN_POINT('Ctrl Pts',(12.,-24.3246779546364,-4.71325048890926));
#9256=CARTESIAN_POINT('Ctrl Pts',(11.5,-24.3246779546364,-4.71325048890926));
#9257=CARTESIAN_POINT('Ctrl Pts',(12.,-24.2564556706303,-4.57789093837171));
#9258=CARTESIAN_POINT('Ctrl Pts',(11.5,-24.2564556706303,-4.57789093837171));
#9259=CARTESIAN_POINT('Ctrl Pts',(12.,-24.2239818088088,-4.51345968391558));
#9260=CARTESIAN_POINT('Ctrl Pts',(11.5,-24.2239818088088,-4.51345968391558));
#9261=CARTESIAN_POINT('',(11.5,-24.3353912345442,-4.94433227326533));
#9262=CARTESIAN_POINT('',(12.,-24.3353912345442,-4.94433227326533));
#9263=CARTESIAN_POINT('Ctrl Pts',(11.5,-24.3353912345442,-4.94433227326533));
#9264=CARTESIAN_POINT('Ctrl Pts',(11.5,-24.331707669556,-4.86487903601232));
#9265=CARTESIAN_POINT('Ctrl Pts',(11.5,-24.3246779546364,-4.71325048890926));
#9266=CARTESIAN_POINT('Ctrl Pts',(11.5,-24.2564556706303,-4.57789093837171));
#9267=CARTESIAN_POINT('Ctrl Pts',(11.5,-24.2239818088088,-4.51345968391558));
#9268=CARTESIAN_POINT('Ctrl Pts',(12.,-24.2347201816115,-5.3765470102038));
#9269=CARTESIAN_POINT('Ctrl Pts',(11.5,-24.2347201816115,-5.3765470102038));
#9270=CARTESIAN_POINT('Ctrl Pts',(12.,-24.2640603995517,-5.31155353956009));
#9271=CARTESIAN_POINT('Ctrl Pts',(11.5,-24.2640603995517,-5.31155353956009));
#9272=CARTESIAN_POINT('Ctrl Pts',(12.,-24.3260199630405,-5.17430278433686));
#9273=CARTESIAN_POINT('Ctrl Pts',(11.5,-24.3260199630405,-5.17430278433686));
#9274=CARTESIAN_POINT('Ctrl Pts',(12.,-24.3321591741777,-5.0236468651017));
#9275=CARTESIAN_POINT('Ctrl Pts',(11.5,-24.3321591741777,-5.0236468651017));
#9276=CARTESIAN_POINT('Ctrl Pts',(12.,-24.3353912345442,-4.94433227326533));
#9277=CARTESIAN_POINT('Ctrl Pts',(11.5,-24.3353912345442,-4.94433227326533));
#9278=CARTESIAN_POINT('',(11.5,-24.2347201816115,-5.3765470102038));
#9279=CARTESIAN_POINT('',(12.,-24.2347201816115,-5.3765470102038));
#9280=CARTESIAN_POINT('Ctrl Pts',(11.5,-24.2347201816115,-5.3765470102038));
#9281=CARTESIAN_POINT('Ctrl Pts',(11.5,-24.2640603995517,-5.31155353956009));
#9282=CARTESIAN_POINT('Ctrl Pts',(11.5,-24.3260199630405,-5.17430278433686));
#9283=CARTESIAN_POINT('Ctrl Pts',(11.5,-24.3321591741777,-5.0236468651017));
#9284=CARTESIAN_POINT('Ctrl Pts',(11.5,-24.3353912345442,-4.94433227326533));
#9285=CARTESIAN_POINT('Ctrl Pts',(12.,-23.9622369519744,-5.65171483304163));
#9286=CARTESIAN_POINT('Ctrl Pts',(11.5,-23.9622369519744,-5.65171483304163));
#9287=CARTESIAN_POINT('Ctrl Pts',(12.,-24.016750112883,-5.61605181405398));
#9288=CARTESIAN_POINT('Ctrl Pts',(11.5,-24.016750112883,-5.61605181405398));
#9289=CARTESIAN_POINT('Ctrl Pts',(12.,-24.12717834463,-5.5438086335096));
#9290=CARTESIAN_POINT('Ctrl Pts',(11.5,-24.12717834463,-5.5438086335096));
#9291=CARTESIAN_POINT('Ctrl Pts',(12.,-24.1985707885223,-5.43277076776018));
#9292=CARTESIAN_POINT('Ctrl Pts',(11.5,-24.1985707885223,-5.43277076776018));
#9293=CARTESIAN_POINT('Ctrl Pts',(12.,-24.2347201816115,-5.3765470102038));
#9294=CARTESIAN_POINT('Ctrl Pts',(11.5,-24.2347201816115,-5.3765470102038));
#9295=CARTESIAN_POINT('',(11.5,-23.9622369519744,-5.65171483304163));
#9296=CARTESIAN_POINT('',(12.,-23.9622369519744,-5.65171483304163));
#9297=CARTESIAN_POINT('Ctrl Pts',(11.5,-23.9622369519744,-5.65171483304163));
#9298=CARTESIAN_POINT('Ctrl Pts',(11.5,-24.016750112883,-5.61605181405398));
#9299=CARTESIAN_POINT('Ctrl Pts',(11.5,-24.12717834463,-5.5438086335096));
#9300=CARTESIAN_POINT('Ctrl Pts',(11.5,-24.1985707885223,-5.43277076776018));
#9301=CARTESIAN_POINT('Ctrl Pts',(11.5,-24.2347201816115,-5.3765470102038));
#9302=CARTESIAN_POINT('Ctrl Pts',(12.,-23.5756597034011,-5.74701699759623));
#9303=CARTESIAN_POINT('Ctrl Pts',(11.5,-23.5756597034011,-5.74701699759623));
#9304=CARTESIAN_POINT('Ctrl Pts',(12.,-23.6447562441394,-5.74343007173505));
#9305=CARTESIAN_POINT('Ctrl Pts',(11.5,-23.6447562441394,-5.74343007173505));
#9306=CARTESIAN_POINT('Ctrl Pts',(12.,-23.7797978886045,-5.73641981678319));
#9307=CARTESIAN_POINT('Ctrl Pts',(11.5,-23.7797978886045,-5.73641981678319));
#9308=CARTESIAN_POINT('Ctrl Pts',(12.,-23.9023774683718,-5.67950710785209));
#9309=CARTESIAN_POINT('Ctrl Pts',(11.5,-23.9023774683718,-5.67950710785209));
#9310=CARTESIAN_POINT('Ctrl Pts',(12.,-23.9622369519744,-5.65171483304163));
#9311=CARTESIAN_POINT('Ctrl Pts',(11.5,-23.9622369519744,-5.65171483304163));
#9312=CARTESIAN_POINT('',(11.5,-23.5756597034011,-5.74701699759623));
#9313=CARTESIAN_POINT('',(12.,-23.5756597034011,-5.74701699759623));
#9314=CARTESIAN_POINT('Ctrl Pts',(11.5,-23.5756597034011,-5.74701699759623));
#9315=CARTESIAN_POINT('Ctrl Pts',(11.5,-23.6447562441394,-5.74343007173505));
#9316=CARTESIAN_POINT('Ctrl Pts',(11.5,-23.7797978886045,-5.73641981678319));
#9317=CARTESIAN_POINT('Ctrl Pts',(11.5,-23.9023774683718,-5.67950710785209));
#9318=CARTESIAN_POINT('Ctrl Pts',(11.5,-23.9622369519744,-5.65171483304163));
#9319=CARTESIAN_POINT('Ctrl Pts',(12.,-23.319284032968,-5.7067483976092));
#9320=CARTESIAN_POINT('Ctrl Pts',(11.5,-23.319284032968,-5.7067483976092));
#9321=CARTESIAN_POINT('Ctrl Pts',(12.,-23.3629859366701,-5.71848779472101));
#9322=CARTESIAN_POINT('Ctrl Pts',(11.5,-23.3629859366701,-5.71848779472101));
#9323=CARTESIAN_POINT('Ctrl Pts',(12.,-23.4470337062936,-5.74106507535155));
#9324=CARTESIAN_POINT('Ctrl Pts',(11.5,-23.4470337062936,-5.74106507535155));
#9325=CARTESIAN_POINT('Ctrl Pts',(12.,-23.5339411121679,-5.7450865495005));
#9326=CARTESIAN_POINT('Ctrl Pts',(11.5,-23.5339411121679,-5.7450865495005));
#9327=CARTESIAN_POINT('Ctrl Pts',(12.,-23.5756597034011,-5.74701699759623));
#9328=CARTESIAN_POINT('Ctrl Pts',(11.5,-23.5756597034011,-5.74701699759623));
#9329=CARTESIAN_POINT('Ctrl Pts',(11.5,-23.319284032968,-5.7067483976092));
#9330=CARTESIAN_POINT('Ctrl Pts',(11.5,-23.3629859366701,-5.71848779472101));
#9331=CARTESIAN_POINT('Ctrl Pts',(11.5,-23.4470337062936,-5.74106507535155));
#9332=CARTESIAN_POINT('Ctrl Pts',(11.5,-23.5339411121679,-5.7450865495005));
#9333=CARTESIAN_POINT('Ctrl Pts',(11.5,-23.5756597034011,-5.74701699759623));
#9334=CARTESIAN_POINT('Origin',(11.5,-22.1340482048068,-4.61278858925959));
#9335=CARTESIAN_POINT('Origin',(12.,-22.3300221673522,-4.83694973733088));
#9336=CARTESIAN_POINT('',(11.5,-22.3300221673522,-4.83694973733088));
#9337=CARTESIAN_POINT('',(12.,-22.3300221673522,-4.83694973733088));
#9338=CARTESIAN_POINT('',(11.5,-22.3300221673522,-5.70943299080988));
#9339=CARTESIAN_POINT('',(11.5,-22.3300221673522,-4.83694973733088));
#9340=CARTESIAN_POINT('',(12.,-22.3300221673522,-5.70943299080988));
#9341=CARTESIAN_POINT('Ctrl Pts',(12.,-22.1783444396529,-4.62486910965105));
#9342=CARTESIAN_POINT('Ctrl Pts',(11.5,-22.1783444396529,-4.62486910965105));
#9343=CARTESIAN_POINT('Ctrl Pts',(12.,-22.208589445224,-4.65123222712148));
#9344=CARTESIAN_POINT('Ctrl Pts',(11.5,-22.208589445224,-4.65123222712148));
#9345=CARTESIAN_POINT('Ctrl Pts',(12.,-22.2756869241294,-4.70971787408877));
#9346=CARTESIAN_POINT('Ctrl Pts',(11.5,-22.2756869241294,-4.70971787408877));
#9347=CARTESIAN_POINT('Ctrl Pts',(12.,-22.3107591656976,-4.7918433303881));
#9348=CARTESIAN_POINT('Ctrl Pts',(11.5,-22.3107591656976,-4.7918433303881));
#9349=CARTESIAN_POINT('Ctrl Pts',(12.,-22.3300221673522,-4.83694973733088));
#9350=CARTESIAN_POINT('Ctrl Pts',(11.5,-22.3300221673522,-4.83694973733088));
#9351=CARTESIAN_POINT('',(11.5,-22.1783444396529,-4.62486910965105));
#9352=CARTESIAN_POINT('',(12.,-22.1783444396529,-4.62486910965105));
#9353=CARTESIAN_POINT('Ctrl Pts',(11.5,-22.1783444396529,-4.62486910965105));
#9354=CARTESIAN_POINT('Ctrl Pts',(11.5,-22.208589445224,-4.65123222712148));
#9355=CARTESIAN_POINT('Ctrl Pts',(11.5,-22.2756869241294,-4.70971787408877));
#9356=CARTESIAN_POINT('Ctrl Pts',(11.5,-22.3107591656976,-4.7918433303881));
#9357=CARTESIAN_POINT('Ctrl Pts',(11.5,-22.3300221673522,-4.83694973733088));
#9358=CARTESIAN_POINT('Ctrl Pts',(12.,-22.0025053731475,-4.56312421109339));
#9359=CARTESIAN_POINT('Ctrl Pts',(11.5,-22.0025053731475,-4.56312421109339));
#9360=CARTESIAN_POINT('Ctrl Pts',(12.,-22.0316599157753,-4.56640415742606));
#9361=CARTESIAN_POINT('Ctrl Pts',(11.5,-22.0316599157753,-4.56640415742606));
#9362=CARTESIAN_POINT('Ctrl Pts',(12.,-22.0948317602217,-4.57351112055579));
#9363=CARTESIAN_POINT('Ctrl Pts',(11.5,-22.0948317602217,-4.57351112055579));
#9364=CARTESIAN_POINT('Ctrl Pts',(12.,-22.1491140561063,-4.60689323186027));
#9365=CARTESIAN_POINT('Ctrl Pts',(11.5,-22.1491140561063,-4.60689323186027));
#9366=CARTESIAN_POINT('Ctrl Pts',(12.,-22.1783444396529,-4.62486910965105));
#9367=CARTESIAN_POINT('Ctrl Pts',(11.5,-22.1783444396529,-4.62486910965105));
#9368=CARTESIAN_POINT('',(11.5,-22.0025053731475,-4.56312421109339));
#9369=CARTESIAN_POINT('',(12.,-22.0025053731475,-4.56312421109339));
#9370=CARTESIAN_POINT('Ctrl Pts',(11.5,-22.0025053731475,-4.56312421109339));
#9371=CARTESIAN_POINT('Ctrl Pts',(11.5,-22.0316599157753,-4.56640415742606));
#9372=CARTESIAN_POINT('Ctrl Pts',(11.5,-22.0948317602217,-4.57351112055579));
#9373=CARTESIAN_POINT('Ctrl Pts',(11.5,-22.1491140561063,-4.60689323186027));
#9374=CARTESIAN_POINT('Ctrl Pts',(11.5,-22.1783444396529,-4.62486910965105));
#9375=CARTESIAN_POINT('Ctrl Pts',(12.,-21.9139143935713,-4.56983554508349));
#9376=CARTESIAN_POINT('Ctrl Pts',(11.5,-21.9139143935713,-4.56983554508349));
#9377=CARTESIAN_POINT('Ctrl Pts',(12.,-21.9275390211877,-4.56788081995474));
#9378=CARTESIAN_POINT('Ctrl Pts',(11.5,-21.9275390211877,-4.56788081995474));
#9379=CARTESIAN_POINT('Ctrl Pts',(12.,-21.956913287843,-4.56366649433891));
#9380=CARTESIAN_POINT('Ctrl Pts',(11.5,-21.956913287843,-4.56366649433891));
#9381=CARTESIAN_POINT('Ctrl Pts',(12.,-21.9865923249409,-4.56331348472214));
#9382=CARTESIAN_POINT('Ctrl Pts',(11.5,-21.9865923249409,-4.56331348472214));
#9383=CARTESIAN_POINT('Ctrl Pts',(12.,-22.0025053731475,-4.56312421109339));
#9384=CARTESIAN_POINT('Ctrl Pts',(11.5,-22.0025053731475,-4.56312421109339));
#9385=CARTESIAN_POINT('',(11.5,-21.9139143935713,-4.56983554508349));
#9386=CARTESIAN_POINT('',(12.,-21.9139143935713,-4.56983554508349));
#9387=CARTESIAN_POINT('Ctrl Pts',(11.5,-21.9139143935713,-4.56983554508349));
#9388=CARTESIAN_POINT('Ctrl Pts',(11.5,-21.9275390211877,-4.56788081995474));
#9389=CARTESIAN_POINT('Ctrl Pts',(11.5,-21.956913287843,-4.56366649433891));
#9390=CARTESIAN_POINT('Ctrl Pts',(11.5,-21.9865923249409,-4.56331348472214));
#9391=CARTESIAN_POINT('Ctrl Pts',(11.5,-22.0025053731475,-4.56312421109339));
#9392=CARTESIAN_POINT('Ctrl Pts',(12.,-21.8333777896437,-4.58728525187632));
#9393=CARTESIAN_POINT('Ctrl Pts',(11.5,-21.8333777896437,-4.58728525187632));
#9394=CARTESIAN_POINT('Ctrl Pts',(12.,-21.8472214734897,-4.58391861595893));
#9395=CARTESIAN_POINT('Ctrl Pts',(11.5,-21.8472214734897,-4.58391861595893));
#9396=CARTESIAN_POINT('Ctrl Pts',(12.,-21.8739208899889,-4.57742560329269));
#9397=CARTESIAN_POINT('Ctrl Pts',(11.5,-21.8739208899889,-4.57742560329269));
#9398=CARTESIAN_POINT('Ctrl Pts',(12.,-21.900916192302,-4.57230237332837));
#9399=CARTESIAN_POINT('Ctrl Pts',(11.5,-21.900916192302,-4.57230237332837));
#9400=CARTESIAN_POINT('Ctrl Pts',(12.,-21.9139143935713,-4.56983554508349));
#9401=CARTESIAN_POINT('Ctrl Pts',(11.5,-21.9139143935713,-4.56983554508349));
#9402=CARTESIAN_POINT('',(11.5,-21.8333777896437,-4.58728525187632));
#9403=CARTESIAN_POINT('',(12.,-21.8333777896437,-4.58728525187632));
#9404=CARTESIAN_POINT('Ctrl Pts',(11.5,-21.8333777896437,-4.58728525187632));
#9405=CARTESIAN_POINT('Ctrl Pts',(11.5,-21.8472214734897,-4.58391861595893));
#9406=CARTESIAN_POINT('Ctrl Pts',(11.5,-21.8739208899889,-4.57742560329269));
#9407=CARTESIAN_POINT('Ctrl Pts',(11.5,-21.900916192302,-4.57230237332837));
#9408=CARTESIAN_POINT('Ctrl Pts',(11.5,-21.9139143935713,-4.56983554508349));
#9409=CARTESIAN_POINT('Origin',(12.,-21.7555251828704,-4.17654696252009));
#9410=CARTESIAN_POINT('',(11.5,-21.7555251828704,-4.17654696252009));
#9411=CARTESIAN_POINT('',(12.,-21.7555251828704,-4.17654696252009));
#9412=CARTESIAN_POINT('',(11.5,-21.7555251828704,-4.17654696252009));
#9413=CARTESIAN_POINT('Ctrl Pts',(12.,-21.8293508998427,-4.15372806932589));
#9414=CARTESIAN_POINT('Ctrl Pts',(11.5,-21.8293508998427,-4.15372806932589));
#9415=CARTESIAN_POINT('Ctrl Pts',(12.,-21.8161727565213,-4.15690424549844));
#9416=CARTESIAN_POINT('Ctrl Pts',(11.5,-21.8161727565213,-4.15690424549844));
#9417=CARTESIAN_POINT('Ctrl Pts',(12.,-21.7910788642866,-4.16295233745258));
#9418=CARTESIAN_POINT('Ctrl Pts',(11.5,-21.7910788642866,-4.16295233745258));
#9419=CARTESIAN_POINT('Ctrl Pts',(12.,-21.7669721660769,-4.17216999117288));
#9420=CARTESIAN_POINT('Ctrl Pts',(11.5,-21.7669721660769,-4.17216999117288));
#9421=CARTESIAN_POINT('Ctrl Pts',(12.,-21.7555251828704,-4.17654696252009));
#9422=CARTESIAN_POINT('Ctrl Pts',(11.5,-21.7555251828704,-4.17654696252009));
#9423=CARTESIAN_POINT('',(11.5,-21.8293508998427,-4.15372806932589));
#9424=CARTESIAN_POINT('',(12.,-21.8293508998427,-4.15372806932589));
#9425=CARTESIAN_POINT('Ctrl Pts',(11.5,-21.8293508998427,-4.15372806932589));
#9426=CARTESIAN_POINT('Ctrl Pts',(11.5,-21.8161727565213,-4.15690424549844));
#9427=CARTESIAN_POINT('Ctrl Pts',(11.5,-21.7910788642866,-4.16295233745258));
#9428=CARTESIAN_POINT('Ctrl Pts',(11.5,-21.7669721660769,-4.17216999117288));
#9429=CARTESIAN_POINT('Ctrl Pts',(11.5,-21.7555251828704,-4.17654696252009));
#9430=CARTESIAN_POINT('Ctrl Pts',(12.,-21.9407603255782,-4.14433214213511));
#9431=CARTESIAN_POINT('Ctrl Pts',(11.5,-21.9407603255782,-4.14433214213511));
#9432=CARTESIAN_POINT('Ctrl Pts',(12.,-21.9197865679705,-4.14449337118557));
#9433=CARTESIAN_POINT('Ctrl Pts',(11.5,-21.9197865679705,-4.14449337118557));
#9434=CARTESIAN_POINT('Ctrl Pts',(12.,-21.8823916115981,-4.1447808329471));
#9435=CARTESIAN_POINT('Ctrl Pts',(11.5,-21.8823916115981,-4.1447808329471));
#9436=CARTESIAN_POINT('Ctrl Pts',(12.,-21.8455354836009,-4.15099795331153));
#9437=CARTESIAN_POINT('Ctrl Pts',(11.5,-21.8455354836009,-4.15099795331153));
#9438=CARTESIAN_POINT('Ctrl Pts',(12.,-21.8293508998427,-4.15372806932589));
#9439=CARTESIAN_POINT('Ctrl Pts',(11.5,-21.8293508998427,-4.15372806932589));
#9440=CARTESIAN_POINT('',(11.5,-21.9407603255782,-4.14433214213511));
#9441=CARTESIAN_POINT('',(12.,-21.9407603255782,-4.14433214213511));
#9442=CARTESIAN_POINT('Ctrl Pts',(11.5,-21.9407603255782,-4.14433214213511));
#9443=CARTESIAN_POINT('Ctrl Pts',(11.5,-21.9197865679705,-4.14449337118557));
#9444=CARTESIAN_POINT('Ctrl Pts',(11.5,-21.8823916115981,-4.1447808329471));
#9445=CARTESIAN_POINT('Ctrl Pts',(11.5,-21.8455354836009,-4.15099795331153));
#9446=CARTESIAN_POINT('Ctrl Pts',(11.5,-21.8293508998427,-4.15372806932589));
#9447=CARTESIAN_POINT('Ctrl Pts',(12.,-22.1729752532515,-4.21949985768458));
#9448=CARTESIAN_POINT('Ctrl Pts',(11.5,-22.1729752532515,-4.21949985768458));
#9449=CARTESIAN_POINT('Ctrl Pts',(12.,-22.1351450424738,-4.19759171412419));
#9450=CARTESIAN_POINT('Ctrl Pts',(11.5,-22.1351450424738,-4.19759171412419));
#9451=CARTESIAN_POINT('Ctrl Pts',(12.,-22.0630185238598,-4.15582197264445));
#9452=CARTESIAN_POINT('Ctrl Pts',(11.5,-22.0630185238598,-4.15582197264445));
#9453=CARTESIAN_POINT('Ctrl Pts',(12.,-21.9801598129216,-4.14803490757819));
#9454=CARTESIAN_POINT('Ctrl Pts',(11.5,-21.9801598129216,-4.14803490757819));
#9455=CARTESIAN_POINT('Ctrl Pts',(12.,-21.9407603255782,-4.14433214213511));
#9456=CARTESIAN_POINT('Ctrl Pts',(11.5,-21.9407603255782,-4.14433214213511));
#9457=CARTESIAN_POINT('',(11.5,-22.1729752532515,-4.21949985768458));
#9458=CARTESIAN_POINT('',(12.,-22.1729752532515,-4.21949985768458));
#9459=CARTESIAN_POINT('Ctrl Pts',(11.5,-22.1729752532515,-4.21949985768458));
#9460=CARTESIAN_POINT('Ctrl Pts',(11.5,-22.1351450424738,-4.19759171412419));
#9461=CARTESIAN_POINT('Ctrl Pts',(11.5,-22.0630185238598,-4.15582197264445));
#9462=CARTESIAN_POINT('Ctrl Pts',(11.5,-21.9801598129216,-4.14803490757819));
#9463=CARTESIAN_POINT('Ctrl Pts',(11.5,-21.9407603255782,-4.14433214213511));
#9464=CARTESIAN_POINT('Ctrl Pts',(12.,-22.3756596557173,-4.44768789555689));
#9465=CARTESIAN_POINT('Ctrl Pts',(11.5,-22.3756596557173,-4.44768789555689));
#9466=CARTESIAN_POINT('Ctrl Pts',(12.,-22.3470657109527,-4.40081176797428));
#9467=CARTESIAN_POINT('Ctrl Pts',(11.5,-22.3470657109527,-4.40081176797428));
#9468=CARTESIAN_POINT('Ctrl Pts',(12.,-22.2931581583964,-4.31243720713325));
#9469=CARTESIAN_POINT('Ctrl Pts',(11.5,-22.2931581583964,-4.31243720713325));
#9470=CARTESIAN_POINT('Ctrl Pts',(12.,-22.211377403772,-4.24919621157287));
#9471=CARTESIAN_POINT('Ctrl Pts',(11.5,-22.211377403772,-4.24919621157287));
#9472=CARTESIAN_POINT('Ctrl Pts',(12.,-22.1729752532515,-4.21949985768458));
#9473=CARTESIAN_POINT('Ctrl Pts',(11.5,-22.1729752532515,-4.21949985768458));
#9474=CARTESIAN_POINT('',(11.5,-22.3756596557173,-4.44768789555689));
#9475=CARTESIAN_POINT('',(12.,-22.3756596557173,-4.44768789555689));
#9476=CARTESIAN_POINT('Ctrl Pts',(11.5,-22.3756596557173,-4.44768789555689));
#9477=CARTESIAN_POINT('Ctrl Pts',(11.5,-22.3470657109527,-4.40081176797428));
#9478=CARTESIAN_POINT('Ctrl Pts',(11.5,-22.2931581583964,-4.31243720713325));
#9479=CARTESIAN_POINT('Ctrl Pts',(11.5,-22.211377403772,-4.24919621157287));
#9480=CARTESIAN_POINT('Ctrl Pts',(11.5,-22.1729752532515,-4.21949985768458));
#9481=CARTESIAN_POINT('Origin',(12.,-22.3837134353194,-4.44768789555689));
#9482=CARTESIAN_POINT('',(11.5,-22.3837134353194,-4.44768789555689));
#9483=CARTESIAN_POINT('',(12.,-22.3837134353194,-4.44768789555689));
#9484=CARTESIAN_POINT('',(11.5,-22.3837134353194,-4.44768789555689));
#9485=CARTESIAN_POINT('Origin',(12.,-22.4186125508818,-4.18191599990984));
#9486=CARTESIAN_POINT('',(11.5,-22.4186125508818,-4.18191599990984));
#9487=CARTESIAN_POINT('',(12.,-22.4186125508818,-4.18191599990984));
#9488=CARTESIAN_POINT('',(11.5,-22.4186125508818,-4.18191599990984));
#9489=CARTESIAN_POINT('Origin',(12.,-22.8078743926558,-4.18191599990984));
#9490=CARTESIAN_POINT('',(11.5,-22.8078743926558,-4.18191599990984));
#9491=CARTESIAN_POINT('',(12.,-22.8078743926558,-4.18191599990984));
#9492=CARTESIAN_POINT('',(11.5,-22.8078743926558,-4.18191599990984));
#9493=CARTESIAN_POINT('Origin',(12.,-22.8078743926558,-5.70943299080988));
#9494=CARTESIAN_POINT('',(11.5,-22.8078743926558,-5.70943299080988));
#9495=CARTESIAN_POINT('',(12.,-22.8078743926558,-5.70943299080988));
#9496=CARTESIAN_POINT('',(11.5,-22.8078743926558,-5.70943299080988));
#9497=CARTESIAN_POINT('Origin',(12.,-22.3300221673522,-5.70943299080988));
#9498=CARTESIAN_POINT('',(11.5,-22.3300221673522,-5.70943299080988));
#9499=CARTESIAN_POINT('Origin',(11.5,-22.1340482048068,-4.61278858925959));
#9500=CARTESIAN_POINT('Ctrl Pts',(12.,-18.5219672433409,-5.43023827817103));
#9501=CARTESIAN_POINT('Ctrl Pts',(11.5,-18.5219672433409,-5.43023827817103));
#9502=CARTESIAN_POINT('Ctrl Pts',(12.,-18.556209963284,-5.47582909514065));
#9503=CARTESIAN_POINT('Ctrl Pts',(11.5,-18.556209963284,-5.47582909514065));
#9504=CARTESIAN_POINT('Ctrl Pts',(12.,-18.6271042417785,-5.57021786099851));
#9505=CARTESIAN_POINT('Ctrl Pts',(11.5,-18.6271042417785,-5.57021786099851));
#9506=CARTESIAN_POINT('Ctrl Pts',(12.,-18.7294557835698,-5.62924976870321));
#9507=CARTESIAN_POINT('Ctrl Pts',(11.5,-18.7294557835698,-5.62924976870321));
#9508=CARTESIAN_POINT('Ctrl Pts',(12.,-18.7823703996214,-5.65976861264368));
#9509=CARTESIAN_POINT('Ctrl Pts',(11.5,-18.7823703996214,-5.65976861264368));
#9510=CARTESIAN_POINT('',(11.5,-18.5219672433409,-5.43023827817103));
#9511=CARTESIAN_POINT('',(12.,-18.5219672433409,-5.43023827817103));
#9512=CARTESIAN_POINT('',(11.5,-18.7823703996214,-5.65976861264368));
#9513=CARTESIAN_POINT('Ctrl Pts',(11.5,-18.5219672433409,-5.43023827817103));
#9514=CARTESIAN_POINT('Ctrl Pts',(11.5,-18.556209963284,-5.47582909514065));
#9515=CARTESIAN_POINT('Ctrl Pts',(11.5,-18.6271042417785,-5.57021786099851));
#9516=CARTESIAN_POINT('Ctrl Pts',(11.5,-18.7294557835698,-5.62924976870321));
#9517=CARTESIAN_POINT('Ctrl Pts',(11.5,-18.7823703996214,-5.65976861264368));
#9518=CARTESIAN_POINT('',(12.,-18.7823703996214,-5.65976861264368));
#9519=CARTESIAN_POINT('Ctrl Pts',(12.,-18.4320357553038,-5.12151333834788));
#9520=CARTESIAN_POINT('Ctrl Pts',(11.5,-18.4320357553038,-5.12151333834788));
#9521=CARTESIAN_POINT('Ctrl Pts',(12.,-18.435827330766,-5.17605775886766));
#9522=CARTESIAN_POINT('Ctrl Pts',(11.5,-18.435827330766,-5.17605775886766));
#9523=CARTESIAN_POINT('Ctrl Pts',(12.,-18.4434331281348,-5.28547238458266));
#9524=CARTESIAN_POINT('Ctrl Pts',(11.5,-18.4434331281348,-5.28547238458266));
#9525=CARTESIAN_POINT('Ctrl Pts',(12.,-18.4957372926369,-5.38188728774512));
#9526=CARTESIAN_POINT('Ctrl Pts',(11.5,-18.4957372926369,-5.38188728774512));
#9527=CARTESIAN_POINT('Ctrl Pts',(12.,-18.5219672433409,-5.43023827817103));
#9528=CARTESIAN_POINT('Ctrl Pts',(11.5,-18.5219672433409,-5.43023827817103));
#9529=CARTESIAN_POINT('',(11.5,-18.4320357553038,-5.12151333834788));
#9530=CARTESIAN_POINT('',(12.,-18.4320357553038,-5.12151333834788));
#9531=CARTESIAN_POINT('Ctrl Pts',(11.5,-18.4320357553038,-5.12151333834788));
#9532=CARTESIAN_POINT('Ctrl Pts',(11.5,-18.435827330766,-5.17605775886766));
#9533=CARTESIAN_POINT('Ctrl Pts',(11.5,-18.4434331281348,-5.28547238458266));
#9534=CARTESIAN_POINT('Ctrl Pts',(11.5,-18.4957372926369,-5.38188728774512));
#9535=CARTESIAN_POINT('Ctrl Pts',(11.5,-18.5219672433409,-5.43023827817103));
#9536=CARTESIAN_POINT('Ctrl Pts',(12.,-18.47901375213,-4.87587589170596));
#9537=CARTESIAN_POINT('Ctrl Pts',(11.5,-18.47901375213,-4.87587589170596));
#9538=CARTESIAN_POINT('Ctrl Pts',(12.,-18.4653243384133,-4.91318706153409));
#9539=CARTESIAN_POINT('Ctrl Pts',(11.5,-18.4653243384133,-4.91318706153409));
#9540=CARTESIAN_POINT('Ctrl Pts',(12.,-18.4362557425603,-4.99241494805872));
#9541=CARTESIAN_POINT('Ctrl Pts',(11.5,-18.4362557425603,-4.99241494805872));
#9542=CARTESIAN_POINT('Ctrl Pts',(12.,-18.4334958947206,-5.07684456641879));
#9543=CARTESIAN_POINT('Ctrl Pts',(11.5,-18.4334958947206,-5.07684456641879));
#9544=CARTESIAN_POINT('Ctrl Pts',(12.,-18.4320357553038,-5.12151333834788));
#9545=CARTESIAN_POINT('Ctrl Pts',(11.5,-18.4320357553038,-5.12151333834788));
#9546=CARTESIAN_POINT('',(11.5,-18.47901375213,-4.87587589170596));
#9547=CARTESIAN_POINT('',(12.,-18.47901375213,-4.87587589170596));
#9548=CARTESIAN_POINT('Ctrl Pts',(11.5,-18.47901375213,-4.87587589170596));
#9549=CARTESIAN_POINT('Ctrl Pts',(11.5,-18.4653243384133,-4.91318706153409));
#9550=CARTESIAN_POINT('Ctrl Pts',(11.5,-18.4362557425603,-4.99241494805872));
#9551=CARTESIAN_POINT('Ctrl Pts',(11.5,-18.4334958947206,-5.07684456641879));
#9552=CARTESIAN_POINT('Ctrl Pts',(11.5,-18.4320357553038,-5.12151333834788));
#9553=CARTESIAN_POINT('Ctrl Pts',(12.,-18.6145851127181,-4.69735238101145));
#9554=CARTESIAN_POINT('Ctrl Pts',(11.5,-18.6145851127181,-4.69735238101145));
#9555=CARTESIAN_POINT('Ctrl Pts',(12.,-18.5868359052923,-4.72347851819911));
#9556=CARTESIAN_POINT('Ctrl Pts',(11.5,-18.5868359052923,-4.72347851819911));
#9557=CARTESIAN_POINT('Ctrl Pts',(12.,-18.5316677836208,-4.77541981846978));
#9558=CARTESIAN_POINT('Ctrl Pts',(11.5,-18.5316677836208,-4.77541981846978));
#9559=CARTESIAN_POINT('Ctrl Pts',(12.,-18.4964949022658,-4.84252445310625));
#9560=CARTESIAN_POINT('Ctrl Pts',(11.5,-18.4964949022658,-4.84252445310625));
#9561=CARTESIAN_POINT('Ctrl Pts',(12.,-18.47901375213,-4.87587589170596));
#9562=CARTESIAN_POINT('Ctrl Pts',(11.5,-18.47901375213,-4.87587589170596));
#9563=CARTESIAN_POINT('',(11.5,-18.6145851127181,-4.69735238101145));
#9564=CARTESIAN_POINT('',(12.,-18.6145851127181,-4.69735238101145));
#9565=CARTESIAN_POINT('Ctrl Pts',(11.5,-18.6145851127181,-4.69735238101145));
#9566=CARTESIAN_POINT('Ctrl Pts',(11.5,-18.5868359052923,-4.72347851819911));
#9567=CARTESIAN_POINT('Ctrl Pts',(11.5,-18.5316677836208,-4.77541981846978));
#9568=CARTESIAN_POINT('Ctrl Pts',(11.5,-18.4964949022658,-4.84252445310625));
#9569=CARTESIAN_POINT('Ctrl Pts',(11.5,-18.47901375213,-4.87587589170596));
#9570=CARTESIAN_POINT('Ctrl Pts',(12.,-18.8266655913863,-4.57386243488451));
#9571=CARTESIAN_POINT('Ctrl Pts',(11.5,-18.8266655913863,-4.57386243488451));
#9572=CARTESIAN_POINT('Ctrl Pts',(12.,-18.7874919574202,-4.5906395618912));
#9573=CARTESIAN_POINT('Ctrl Pts',(11.5,-18.7874919574202,-4.5906395618912));
#9574=CARTESIAN_POINT('Ctrl Pts',(12.,-18.7116983520453,-4.62310014353574));
#9575=CARTESIAN_POINT('Ctrl Pts',(11.5,-18.7116983520453,-4.62310014353574));
#9576=CARTESIAN_POINT('Ctrl Pts',(12.,-18.6462208292332,-4.67316388980604));
#9577=CARTESIAN_POINT('Ctrl Pts',(11.5,-18.6462208292332,-4.67316388980604));
#9578=CARTESIAN_POINT('Ctrl Pts',(12.,-18.6145851127181,-4.69735238101145));
#9579=CARTESIAN_POINT('Ctrl Pts',(11.5,-18.6145851127181,-4.69735238101145));
#9580=CARTESIAN_POINT('',(11.5,-18.8266655913863,-4.57386243488451));
#9581=CARTESIAN_POINT('',(12.,-18.8266655913863,-4.57386243488451));
#9582=CARTESIAN_POINT('Ctrl Pts',(11.5,-18.8266655913863,-4.57386243488451));
#9583=CARTESIAN_POINT('Ctrl Pts',(11.5,-18.7874919574202,-4.5906395618912));
#9584=CARTESIAN_POINT('Ctrl Pts',(11.5,-18.7116983520453,-4.62310014353574));
#9585=CARTESIAN_POINT('Ctrl Pts',(11.5,-18.6462208292332,-4.67316388980604));
#9586=CARTESIAN_POINT('Ctrl Pts',(11.5,-18.6145851127181,-4.69735238101145));
#9587=CARTESIAN_POINT('Origin',(12.,-19.0763303748641,-4.4745335295405));
#9588=CARTESIAN_POINT('',(11.5,-19.0763303748641,-4.4745335295405));
#9589=CARTESIAN_POINT('',(12.,-19.0763303748641,-4.4745335295405));
#9590=CARTESIAN_POINT('',(11.5,-19.0763303748641,-4.4745335295405));
#9591=CARTESIAN_POINT('Ctrl Pts',(12.,-19.2320349923644,-4.41010388877055));
#9592=CARTESIAN_POINT('Ctrl Pts',(11.5,-19.2320349923644,-4.41010388877055));
#9593=CARTESIAN_POINT('Ctrl Pts',(12.,-19.2079195922749,-4.42050459228699));
#9594=CARTESIAN_POINT('Ctrl Pts',(11.5,-19.2079195922749,-4.42050459228699));
#9595=CARTESIAN_POINT('Ctrl Pts',(12.,-19.1563373640264,-4.44275143292571));
#9596=CARTESIAN_POINT('Ctrl Pts',(11.5,-19.1563373640264,-4.44275143292571));
#9597=CARTESIAN_POINT('Ctrl Pts',(12.,-19.1041300517066,-4.46349034413231));
#9598=CARTESIAN_POINT('Ctrl Pts',(11.5,-19.1041300517066,-4.46349034413231));
#9599=CARTESIAN_POINT('Ctrl Pts',(12.,-19.0763303748641,-4.4745335295405));
#9600=CARTESIAN_POINT('Ctrl Pts',(11.5,-19.0763303748641,-4.4745335295405));
#9601=CARTESIAN_POINT('',(11.5,-19.2320349923644,-4.41010388877055));
#9602=CARTESIAN_POINT('',(12.,-19.2320349923644,-4.41010388877055));
#9603=CARTESIAN_POINT('Ctrl Pts',(11.5,-19.2320349923644,-4.41010388877055));
#9604=CARTESIAN_POINT('Ctrl Pts',(11.5,-19.2079195922749,-4.42050459228699));
#9605=CARTESIAN_POINT('Ctrl Pts',(11.5,-19.1563373640264,-4.44275143292571));
#9606=CARTESIAN_POINT('Ctrl Pts',(11.5,-19.1041300517066,-4.46349034413231));
#9607=CARTESIAN_POINT('Ctrl Pts',(11.5,-19.0763303748641,-4.4745335295405));
#9608=CARTESIAN_POINT('Ctrl Pts',(12.,-19.3380752316985,-4.34298980381152));
#9609=CARTESIAN_POINT('Ctrl Pts',(11.5,-19.3380752316985,-4.34298980381152));
#9610=CARTESIAN_POINT('Ctrl Pts',(12.,-19.3231730600964,-4.35550377461527));
#9611=CARTESIAN_POINT('Ctrl Pts',(11.5,-19.3231730600964,-4.35550377461527));
#9612=CARTESIAN_POINT('Ctrl Pts',(12.,-19.2908771252981,-4.38262400889653));
#9613=CARTESIAN_POINT('Ctrl Pts',(11.5,-19.2908771252981,-4.38262400889653));
#9614=CARTESIAN_POINT('Ctrl Pts',(12.,-19.252632544121,-4.40048462074354));
#9615=CARTESIAN_POINT('Ctrl Pts',(11.5,-19.252632544121,-4.40048462074354));
#9616=CARTESIAN_POINT('Ctrl Pts',(12.,-19.2320349923644,-4.41010388877055));
#9617=CARTESIAN_POINT('Ctrl Pts',(11.5,-19.2320349923644,-4.41010388877055));
#9618=CARTESIAN_POINT('',(11.5,-19.3380752316985,-4.34298980381152));
#9619=CARTESIAN_POINT('',(12.,-19.3380752316985,-4.34298980381152));
#9620=CARTESIAN_POINT('Ctrl Pts',(11.5,-19.3380752316985,-4.34298980381152));
#9621=CARTESIAN_POINT('Ctrl Pts',(11.5,-19.3231730600964,-4.35550377461527));
#9622=CARTESIAN_POINT('Ctrl Pts',(11.5,-19.2908771252981,-4.38262400889653));
#9623=CARTESIAN_POINT('Ctrl Pts',(11.5,-19.252632544121,-4.40048462074354));
#9624=CARTESIAN_POINT('Ctrl Pts',(11.5,-19.2320349923644,-4.41010388877055));
#9625=CARTESIAN_POINT('Ctrl Pts',(12.,-19.3770012370619,-4.24903008486887));
#9626=CARTESIAN_POINT('Ctrl Pts',(11.5,-19.3770012370619,-4.24903008486887));
#9627=CARTESIAN_POINT('Ctrl Pts',(12.,-19.3754557308819,-4.26696453307242));
#9628=CARTESIAN_POINT('Ctrl Pts',(11.5,-19.3754557308819,-4.26696453307242));
#9629=CARTESIAN_POINT('Ctrl Pts',(12.,-19.3724001199464,-4.30242262231163));
#9630=CARTESIAN_POINT('Ctrl Pts',(11.5,-19.3724001199464,-4.30242262231163));
#9631=CARTESIAN_POINT('Ctrl Pts',(12.,-19.3494281455638,-4.329572259259));
#9632=CARTESIAN_POINT('Ctrl Pts',(11.5,-19.3494281455638,-4.329572259259));
#9633=CARTESIAN_POINT('Ctrl Pts',(12.,-19.3380752316985,-4.34298980381152));
#9634=CARTESIAN_POINT('Ctrl Pts',(11.5,-19.3380752316985,-4.34298980381152));
#9635=CARTESIAN_POINT('',(11.5,-19.3770012370619,-4.24903008486887));
#9636=CARTESIAN_POINT('',(12.,-19.3770012370619,-4.24903008486887));
#9637=CARTESIAN_POINT('Ctrl Pts',(11.5,-19.3770012370619,-4.24903008486887));
#9638=CARTESIAN_POINT('Ctrl Pts',(11.5,-19.3754557308819,-4.26696453307242));
#9639=CARTESIAN_POINT('Ctrl Pts',(11.5,-19.3724001199464,-4.30242262231163));
#9640=CARTESIAN_POINT('Ctrl Pts',(11.5,-19.3494281455638,-4.329572259259));
#9641=CARTESIAN_POINT('Ctrl Pts',(11.5,-19.3380752316985,-4.34298980381152));
#9642=CARTESIAN_POINT('Ctrl Pts',(12.,-19.3139138928923,-4.12822473194262));
#9643=CARTESIAN_POINT('Ctrl Pts',(11.5,-19.3139138928923,-4.12822473194262));
#9644=CARTESIAN_POINT('Ctrl Pts',(12.,-19.3323141098167,-4.1440728388613));
#9645=CARTESIAN_POINT('Ctrl Pts',(11.5,-19.3323141098167,-4.1440728388613));
#9646=CARTESIAN_POINT('Ctrl Pts',(12.,-19.3693343514647,-4.17595837315722));
#9647=CARTESIAN_POINT('Ctrl Pts',(11.5,-19.3693343514647,-4.17595837315722));
#9648=CARTESIAN_POINT('Ctrl Pts',(12.,-19.3744355124764,-4.22457662396012));
#9649=CARTESIAN_POINT('Ctrl Pts',(11.5,-19.3744355124764,-4.22457662396012));
#9650=CARTESIAN_POINT('Ctrl Pts',(12.,-19.3770012370619,-4.24903008486887));
#9651=CARTESIAN_POINT('Ctrl Pts',(11.5,-19.3770012370619,-4.24903008486887));
#9652=CARTESIAN_POINT('',(11.5,-19.3139138928923,-4.12822473194262));
#9653=CARTESIAN_POINT('',(12.,-19.3139138928923,-4.12822473194262));
#9654=CARTESIAN_POINT('Ctrl Pts',(11.5,-19.3139138928923,-4.12822473194262));
#9655=CARTESIAN_POINT('Ctrl Pts',(11.5,-19.3323141098167,-4.1440728388613));
#9656=CARTESIAN_POINT('Ctrl Pts',(11.5,-19.3693343514647,-4.17595837315722));
#9657=CARTESIAN_POINT('Ctrl Pts',(11.5,-19.3744355124764,-4.22457662396012));
#9658=CARTESIAN_POINT('Ctrl Pts',(11.5,-19.3770012370619,-4.24903008486887));
#9659=CARTESIAN_POINT('Ctrl Pts',(12.,-19.1407594195876,-4.08527168776652));
#9660=CARTESIAN_POINT('Ctrl Pts',(11.5,-19.1407594195876,-4.08527168776652));
#9661=CARTESIAN_POINT('Ctrl Pts',(12.,-19.1742166259901,-4.08625837864447));
#9662=CARTESIAN_POINT('Ctrl Pts',(11.5,-19.1742166259901,-4.08625837864447));
#9663=CARTESIAN_POINT('Ctrl Pts',(12.,-19.2352334051045,-4.08805783250892));
#9664=CARTESIAN_POINT('Ctrl Pts',(11.5,-19.2352334051045,-4.08805783250892));
#9665=CARTESIAN_POINT('Ctrl Pts',(12.,-19.2894333111175,-4.11572723613556));
#9666=CARTESIAN_POINT('Ctrl Pts',(11.5,-19.2894333111175,-4.11572723613556));
#9667=CARTESIAN_POINT('Ctrl Pts',(12.,-19.3139138928923,-4.12822473194262));
#9668=CARTESIAN_POINT('Ctrl Pts',(11.5,-19.3139138928923,-4.12822473194262));
#9669=CARTESIAN_POINT('',(11.5,-19.1407594195876,-4.08527168776652));
#9670=CARTESIAN_POINT('',(12.,-19.1407594195876,-4.08527168776652));
#9671=CARTESIAN_POINT('Ctrl Pts',(11.5,-19.1407594195876,-4.08527168776652));
#9672=CARTESIAN_POINT('Ctrl Pts',(11.5,-19.1742166259901,-4.08625837864447));
#9673=CARTESIAN_POINT('Ctrl Pts',(11.5,-19.2352334051045,-4.08805783250892));
#9674=CARTESIAN_POINT('Ctrl Pts',(11.5,-19.2894333111175,-4.11572723613556));
#9675=CARTESIAN_POINT('Ctrl Pts',(11.5,-19.3139138928923,-4.12822473194262));
#9676=CARTESIAN_POINT('Ctrl Pts',(12.,-18.9259943477187,-4.12419784214159));
#9677=CARTESIAN_POINT('Ctrl Pts',(11.5,-18.9259943477187,-4.12419784214159));
#9678=CARTESIAN_POINT('Ctrl Pts',(12.,-18.959700212942,-4.11284769493648));
#9679=CARTESIAN_POINT('Ctrl Pts',(11.5,-18.959700212942,-4.11284769493648));
#9680=CARTESIAN_POINT('Ctrl Pts',(12.,-19.0293553067348,-4.08939196808017));
#9681=CARTESIAN_POINT('Ctrl Pts',(11.5,-19.0293553067348,-4.08939196808017));
#9682=CARTESIAN_POINT('Ctrl Pts',(12.,-19.1028358590085,-4.08667429038213));
#9683=CARTESIAN_POINT('Ctrl Pts',(11.5,-19.1028358590085,-4.08667429038213));
#9684=CARTESIAN_POINT('Ctrl Pts',(12.,-19.1407594195876,-4.08527168776652));
#9685=CARTESIAN_POINT('Ctrl Pts',(11.5,-19.1407594195876,-4.08527168776652));
#9686=CARTESIAN_POINT('',(11.5,-18.9259943477187,-4.12419784214159));
#9687=CARTESIAN_POINT('',(12.,-18.9259943477187,-4.12419784214159));
#9688=CARTESIAN_POINT('Ctrl Pts',(11.5,-18.9259943477187,-4.12419784214159));
#9689=CARTESIAN_POINT('Ctrl Pts',(11.5,-18.959700212942,-4.11284769493648));
#9690=CARTESIAN_POINT('Ctrl Pts',(11.5,-19.0293553067348,-4.08939196808017));
#9691=CARTESIAN_POINT('Ctrl Pts',(11.5,-19.1028358590085,-4.08667429038213));
#9692=CARTESIAN_POINT('Ctrl Pts',(11.5,-19.1407594195876,-4.08527168776652));
#9693=CARTESIAN_POINT('Ctrl Pts',(12.,-18.7300214282546,-4.23829186107775));
#9694=CARTESIAN_POINT('Ctrl Pts',(11.5,-18.7300214282546,-4.23829186107775));
#9695=CARTESIAN_POINT('Ctrl Pts',(12.,-18.762223169916,-4.21507286933167));
#9696=CARTESIAN_POINT('Ctrl Pts',(11.5,-18.762223169916,-4.21507286933167));
#9697=CARTESIAN_POINT('Ctrl Pts',(12.,-18.8238460295928,-4.17063984812281));
#9698=CARTESIAN_POINT('Ctrl Pts',(11.5,-18.8238460295928,-4.17063984812281));
#9699=CARTESIAN_POINT('Ctrl Pts',(12.,-18.8929848307926,-4.13920570727972));
#9700=CARTESIAN_POINT('Ctrl Pts',(11.5,-18.8929848307926,-4.13920570727972));
#9701=CARTESIAN_POINT('Ctrl Pts',(12.,-18.9259943477187,-4.12419784214159));
#9702=CARTESIAN_POINT('Ctrl Pts',(11.5,-18.9259943477187,-4.12419784214159));
#9703=CARTESIAN_POINT('',(11.5,-18.7300214282546,-4.23829186107775));
#9704=CARTESIAN_POINT('',(12.,-18.7300214282546,-4.23829186107775));
#9705=CARTESIAN_POINT('Ctrl Pts',(11.5,-18.7300214282546,-4.23829186107775));
#9706=CARTESIAN_POINT('Ctrl Pts',(11.5,-18.762223169916,-4.21507286933167));
#9707=CARTESIAN_POINT('Ctrl Pts',(11.5,-18.8238460295928,-4.17063984812281));
#9708=CARTESIAN_POINT('Ctrl Pts',(11.5,-18.8929848307926,-4.13920570727972));
#9709=CARTESIAN_POINT('Ctrl Pts',(11.5,-18.9259943477187,-4.12419784214159));
#9710=CARTESIAN_POINT('Origin',(12.,-18.4910944215331,-3.93762070085665));
#9711=CARTESIAN_POINT('',(11.5,-18.4910944215331,-3.93762070085665));
#9712=CARTESIAN_POINT('',(12.,-18.4910944215331,-3.93762070085665));
#9713=CARTESIAN_POINT('',(11.5,-18.4910944215331,-3.93762070085665));
#9714=CARTESIAN_POINT('Ctrl Pts',(12.,-18.7944510690245,-3.74030518676898));
#9715=CARTESIAN_POINT('Ctrl Pts',(11.5,-18.7944510690245,-3.74030518676898));
#9716=CARTESIAN_POINT('Ctrl Pts',(12.,-18.7387953379735,-3.76503236400642));
#9717=CARTESIAN_POINT('Ctrl Pts',(11.5,-18.7387953379735,-3.76503236400642));
#9718=CARTESIAN_POINT('Ctrl Pts',(12.,-18.6271627509165,-3.81462939046713));
#9719=CARTESIAN_POINT('Ctrl Pts',(11.5,-18.6271627509165,-3.81462939046713));
#9720=CARTESIAN_POINT('Ctrl Pts',(12.,-18.5365374296457,-3.89654505054818));
#9721=CARTESIAN_POINT('Ctrl Pts',(11.5,-18.5365374296457,-3.89654505054818));
#9722=CARTESIAN_POINT('Ctrl Pts',(12.,-18.4910944215331,-3.93762070085665));
#9723=CARTESIAN_POINT('Ctrl Pts',(11.5,-18.4910944215331,-3.93762070085665));
#9724=CARTESIAN_POINT('',(11.5,-18.7944510690245,-3.74030518676898));
#9725=CARTESIAN_POINT('',(12.,-18.7944510690245,-3.74030518676898));
#9726=CARTESIAN_POINT('Ctrl Pts',(11.5,-18.7944510690245,-3.74030518676898));
#9727=CARTESIAN_POINT('Ctrl Pts',(11.5,-18.7387953379735,-3.76503236400642));
#9728=CARTESIAN_POINT('Ctrl Pts',(11.5,-18.6271627509165,-3.81462939046713));
#9729=CARTESIAN_POINT('Ctrl Pts',(11.5,-18.5365374296457,-3.89654505054818));
#9730=CARTESIAN_POINT('Ctrl Pts',(11.5,-18.4910944215331,-3.93762070085665));
#9731=CARTESIAN_POINT('Ctrl Pts',(12.,-19.1407594195876,-3.67453339841029));
#9732=CARTESIAN_POINT('Ctrl Pts',(11.5,-19.1407594195876,-3.67453339841029));
#9733=CARTESIAN_POINT('Ctrl Pts',(12.,-19.0823282784866,-3.6774194884112));
#9734=CARTESIAN_POINT('Ctrl Pts',(11.5,-19.0823282784866,-3.6774194884112));
#9735=CARTESIAN_POINT('Ctrl Pts',(12.,-18.9638604836704,-3.68327096951539));
#9736=CARTESIAN_POINT('Ctrl Pts',(11.5,-18.9638604836704,-3.68327096951539));
#9737=CARTESIAN_POINT('Ctrl Pts',(12.,-18.8514287771257,-3.72112278779045));
#9738=CARTESIAN_POINT('Ctrl Pts',(11.5,-18.8514287771257,-3.72112278779045));
#9739=CARTESIAN_POINT('Ctrl Pts',(12.,-18.7944510690245,-3.74030518676898));
#9740=CARTESIAN_POINT('Ctrl Pts',(11.5,-18.7944510690245,-3.74030518676898));
#9741=CARTESIAN_POINT('',(11.5,-19.1407594195876,-3.67453339841029));
#9742=CARTESIAN_POINT('',(12.,-19.1407594195876,-3.67453339841029));
#9743=CARTESIAN_POINT('Ctrl Pts',(11.5,-19.1407594195876,-3.67453339841029));
#9744=CARTESIAN_POINT('Ctrl Pts',(11.5,-19.0823282784866,-3.6774194884112));
#9745=CARTESIAN_POINT('Ctrl Pts',(11.5,-18.9638604836704,-3.68327096951539));
#9746=CARTESIAN_POINT('Ctrl Pts',(11.5,-18.8514287771257,-3.72112278779045));
#9747=CARTESIAN_POINT('Ctrl Pts',(11.5,-18.7944510690245,-3.74030518676898));
#9748=CARTESIAN_POINT('Ctrl Pts',(12.,-19.5165988914046,-3.75507030036112));
#9749=CARTESIAN_POINT('Ctrl Pts',(11.5,-19.5165988914046,-3.75507030036112));
#9750=CARTESIAN_POINT('Ctrl Pts',(12.,-19.4587186577415,-3.7315901910158));
#9751=CARTESIAN_POINT('Ctrl Pts',(11.5,-19.4587186577415,-3.7315901910158));
#9752=CARTESIAN_POINT('Ctrl Pts',(12.,-19.3382614539684,-3.68272466064339));
#9753=CARTESIAN_POINT('Ctrl Pts',(11.5,-19.3382614539684,-3.68272466064339));
#9754=CARTESIAN_POINT('Ctrl Pts',(12.,-19.2082827603929,-3.67733388293757));
#9755=CARTESIAN_POINT('Ctrl Pts',(11.5,-19.2082827603929,-3.67733388293757));
#9756=CARTESIAN_POINT('Ctrl Pts',(12.,-19.1407594195876,-3.67453339841029));
#9757=CARTESIAN_POINT('Ctrl Pts',(11.5,-19.1407594195876,-3.67453339841029));
#9758=CARTESIAN_POINT('',(11.5,-19.5165988914046,-3.75507030036112));
#9759=CARTESIAN_POINT('',(12.,-19.5165988914046,-3.75507030036112));
#9760=CARTESIAN_POINT('Ctrl Pts',(11.5,-19.5165988914046,-3.75507030036112));
#9761=CARTESIAN_POINT('Ctrl Pts',(11.5,-19.4587186577415,-3.7315901910158));
#9762=CARTESIAN_POINT('Ctrl Pts',(11.5,-19.3382614539684,-3.68272466064339));
#9763=CARTESIAN_POINT('Ctrl Pts',(11.5,-19.2082827603929,-3.67733388293757));
#9764=CARTESIAN_POINT('Ctrl Pts',(11.5,-19.1407594195876,-3.67453339841029));
#9765=CARTESIAN_POINT('Ctrl Pts',(12.,-19.7729745618376,-3.9725199654307));
#9766=CARTESIAN_POINT('Ctrl Pts',(11.5,-19.7729745618376,-3.9725199654307));
#9767=CARTESIAN_POINT('Ctrl Pts',(12.,-19.7384605115653,-3.92890312779013));
#9768=CARTESIAN_POINT('Ctrl Pts',(11.5,-19.7384605115653,-3.92890312779013));
#9769=CARTESIAN_POINT('Ctrl Pts',(12.,-19.6675895626981,-3.8393405686066));
#9770=CARTESIAN_POINT('Ctrl Pts',(11.5,-19.6675895626981,-3.8393405686066));
#9771=CARTESIAN_POINT('Ctrl Pts',(12.,-19.5677941047277,-3.78364315405242));
#9772=CARTESIAN_POINT('Ctrl Pts',(11.5,-19.5677941047277,-3.78364315405242));
#9773=CARTESIAN_POINT('Ctrl Pts',(12.,-19.5165988914046,-3.75507030036112));
#9774=CARTESIAN_POINT('Ctrl Pts',(11.5,-19.5165988914046,-3.75507030036112));
#9775=CARTESIAN_POINT('',(11.5,-19.7729745618376,-3.9725199654307));
#9776=CARTESIAN_POINT('',(12.,-19.7729745618376,-3.9725199654307));
#9777=CARTESIAN_POINT('Ctrl Pts',(11.5,-19.7729745618376,-3.9725199654307));
#9778=CARTESIAN_POINT('Ctrl Pts',(11.5,-19.7384605115653,-3.92890312779013));
#9779=CARTESIAN_POINT('Ctrl Pts',(11.5,-19.6675895626981,-3.8393405686066));
#9780=CARTESIAN_POINT('Ctrl Pts',(11.5,-19.5677941047277,-3.78364315405242));
#9781=CARTESIAN_POINT('Ctrl Pts',(11.5,-19.5165988914046,-3.75507030036112));
#9782=CARTESIAN_POINT('Ctrl Pts',(12.,-19.8655918351683,-4.27856031205317));
#9783=CARTESIAN_POINT('Ctrl Pts',(11.5,-19.8655918351683,-4.27856031205317));
#9784=CARTESIAN_POINT('Ctrl Pts',(12.,-19.8618282811311,-4.2236682552446));
#9785=CARTESIAN_POINT('Ctrl Pts',(11.5,-19.8618282811311,-4.2236682552446));
#9786=CARTESIAN_POINT('Ctrl Pts',(12.,-19.8543469621571,-4.11455198321533));
#9787=CARTESIAN_POINT('Ctrl Pts',(11.5,-19.8543469621571,-4.11455198321533));
#9788=CARTESIAN_POINT('Ctrl Pts',(12.,-19.7999877942715,-4.01967039843264));
#9789=CARTESIAN_POINT('Ctrl Pts',(11.5,-19.7999877942715,-4.01967039843264));
#9790=CARTESIAN_POINT('Ctrl Pts',(12.,-19.7729745618376,-3.9725199654307));
#9791=CARTESIAN_POINT('Ctrl Pts',(11.5,-19.7729745618376,-3.9725199654307));
#9792=CARTESIAN_POINT('',(11.5,-19.8655918351683,-4.27856031205317));
#9793=CARTESIAN_POINT('',(12.,-19.8655918351683,-4.27856031205317));
#9794=CARTESIAN_POINT('Ctrl Pts',(11.5,-19.8655918351683,-4.27856031205317));
#9795=CARTESIAN_POINT('Ctrl Pts',(11.5,-19.8618282811311,-4.2236682552446));
#9796=CARTESIAN_POINT('Ctrl Pts',(11.5,-19.8543469621571,-4.11455198321533));
#9797=CARTESIAN_POINT('Ctrl Pts',(11.5,-19.7999877942715,-4.01967039843264));
#9798=CARTESIAN_POINT('Ctrl Pts',(11.5,-19.7729745618376,-3.9725199654307));
#9799=CARTESIAN_POINT('Ctrl Pts',(12.,-19.8078736774001,-4.53090939070841));
#9800=CARTESIAN_POINT('Ctrl Pts',(11.5,-19.8078736774001,-4.53090939070841));
#9801=CARTESIAN_POINT('Ctrl Pts',(12.,-19.8246986648127,-4.49254536893734));
#9802=CARTESIAN_POINT('Ctrl Pts',(11.5,-19.8246986648127,-4.49254536893734));
#9803=CARTESIAN_POINT('Ctrl Pts',(12.,-19.8599417266915,-4.41218479807672));
#9804=CARTESIAN_POINT('Ctrl Pts',(11.5,-19.8599417266915,-4.41218479807672));
#9805=CARTESIAN_POINT('Ctrl Pts',(12.,-19.8636525523697,-4.3244241513552));
#9806=CARTESIAN_POINT('Ctrl Pts',(11.5,-19.8636525523697,-4.3244241513552));
#9807=CARTESIAN_POINT('Ctrl Pts',(12.,-19.8655918351683,-4.27856031205317));
#9808=CARTESIAN_POINT('Ctrl Pts',(11.5,-19.8655918351683,-4.27856031205317));
#9809=CARTESIAN_POINT('',(11.5,-19.8078736774001,-4.53090939070841));
#9810=CARTESIAN_POINT('',(12.,-19.8078736774001,-4.53090939070841));
#9811=CARTESIAN_POINT('Ctrl Pts',(11.5,-19.8078736774001,-4.53090939070841));
#9812=CARTESIAN_POINT('Ctrl Pts',(11.5,-19.8246986648127,-4.49254536893734));
#9813=CARTESIAN_POINT('Ctrl Pts',(11.5,-19.8599417266915,-4.41218479807672));
#9814=CARTESIAN_POINT('Ctrl Pts',(11.5,-19.8636525523697,-4.3244241513552));
#9815=CARTESIAN_POINT('Ctrl Pts',(11.5,-19.8655918351683,-4.27856031205317));
#9816=CARTESIAN_POINT('Ctrl Pts',(12.,-19.6575382463011,-4.71077519800326));
#9817=CARTESIAN_POINT('Ctrl Pts',(11.5,-19.6575382463011,-4.71077519800326));
#9818=CARTESIAN_POINT('Ctrl Pts',(12.,-19.6870438054701,-4.68499671658495));
#9819=CARTESIAN_POINT('Ctrl Pts',(11.5,-19.6870438054701,-4.68499671658495));
#9820=CARTESIAN_POINT('Ctrl Pts',(12.,-19.746607400024,-4.63295706512051));
#9821=CARTESIAN_POINT('Ctrl Pts',(11.5,-19.746607400024,-4.63295706512051));
#9822=CARTESIAN_POINT('Ctrl Pts',(12.,-19.7873256921142,-4.56513497453817));
#9823=CARTESIAN_POINT('Ctrl Pts',(11.5,-19.7873256921142,-4.56513497453817));
#9824=CARTESIAN_POINT('Ctrl Pts',(12.,-19.8078736774001,-4.53090939070841));
#9825=CARTESIAN_POINT('Ctrl Pts',(11.5,-19.8078736774001,-4.53090939070841));
#9826=CARTESIAN_POINT('',(11.5,-19.6575382463011,-4.71077519800326));
#9827=CARTESIAN_POINT('',(12.,-19.6575382463011,-4.71077519800326));
#9828=CARTESIAN_POINT('Ctrl Pts',(11.5,-19.6575382463011,-4.71077519800326));
#9829=CARTESIAN_POINT('Ctrl Pts',(11.5,-19.6870438054701,-4.68499671658495));
#9830=CARTESIAN_POINT('Ctrl Pts',(11.5,-19.746607400024,-4.63295706512051));
#9831=CARTESIAN_POINT('Ctrl Pts',(11.5,-19.7873256921142,-4.56513497453817));
#9832=CARTESIAN_POINT('Ctrl Pts',(11.5,-19.8078736774001,-4.53090939070841));
#9833=CARTESIAN_POINT('Ctrl Pts',(12.,-19.4602230302367,-4.82621136452815));
#9834=CARTESIAN_POINT('Ctrl Pts',(11.5,-19.4602230302367,-4.82621136452815));
#9835=CARTESIAN_POINT('Ctrl Pts',(12.,-19.4947666607531,-4.81054740137452));
#9836=CARTESIAN_POINT('Ctrl Pts',(11.5,-19.4947666607531,-4.81054740137452));
#9837=CARTESIAN_POINT('Ctrl Pts',(12.,-19.5645349898548,-4.77891064171721));
#9838=CARTESIAN_POINT('Ctrl Pts',(11.5,-19.5645349898548,-4.77891064171721));
#9839=CARTESIAN_POINT('Ctrl Pts',(12.,-19.6263360631854,-4.73363433942123));
#9840=CARTESIAN_POINT('Ctrl Pts',(11.5,-19.6263360631854,-4.73363433942123));
#9841=CARTESIAN_POINT('Ctrl Pts',(12.,-19.6575382463011,-4.71077519800326));
#9842=CARTESIAN_POINT('Ctrl Pts',(11.5,-19.6575382463011,-4.71077519800326));
#9843=CARTESIAN_POINT('',(11.5,-19.4602230302367,-4.82621136452815));
#9844=CARTESIAN_POINT('',(12.,-19.4602230302367,-4.82621136452815));
#9845=CARTESIAN_POINT('Ctrl Pts',(11.5,-19.4602230302367,-4.82621136452815));
#9846=CARTESIAN_POINT('Ctrl Pts',(11.5,-19.4947666607531,-4.81054740137452));
#9847=CARTESIAN_POINT('Ctrl Pts',(11.5,-19.5645349898548,-4.77891064171721));
#9848=CARTESIAN_POINT('Ctrl Pts',(11.5,-19.6263360631854,-4.73363433942123));
#9849=CARTESIAN_POINT('Ctrl Pts',(11.5,-19.6575382463011,-4.71077519800326));
#9850=CARTESIAN_POINT('Origin',(12.,-19.2051890603575,-4.93359390046259));
#9851=CARTESIAN_POINT('',(11.5,-19.2051890603575,-4.93359390046259));
#9852=CARTESIAN_POINT('',(12.,-19.2051890603575,-4.93359390046259));
#9853=CARTESIAN_POINT('',(11.5,-19.2051890603575,-4.93359390046259));
#9854=CARTESIAN_POINT('Ctrl Pts',(12.,-19.0561959258589,-4.99802354123255));
#9855=CARTESIAN_POINT('Ctrl Pts',(11.5,-19.0561959258589,-4.99802354123255));
#9856=CARTESIAN_POINT('Ctrl Pts',(12.,-19.0790672854773,-4.98759581348828));
#9857=CARTESIAN_POINT('Ctrl Pts',(11.5,-19.0790672854773,-4.98759581348828));
#9858=CARTESIAN_POINT('Ctrl Pts',(12.,-19.1283092792642,-4.96514493547476));
#9859=CARTESIAN_POINT('Ctrl Pts',(11.5,-19.1283092792642,-4.96514493547476));
#9860=CARTESIAN_POINT('Ctrl Pts',(12.,-19.1783764942956,-4.94459762860223));
#9861=CARTESIAN_POINT('Ctrl Pts',(11.5,-19.1783764942956,-4.94459762860223));
#9862=CARTESIAN_POINT('Ctrl Pts',(12.,-19.2051890603575,-4.93359390046259));
#9863=CARTESIAN_POINT('Ctrl Pts',(11.5,-19.2051890603575,-4.93359390046259));
#9864=CARTESIAN_POINT('',(11.5,-19.0561959258589,-4.99802354123255));
#9865=CARTESIAN_POINT('',(12.,-19.0561959258589,-4.99802354123255));
#9866=CARTESIAN_POINT('Ctrl Pts',(11.5,-19.0561959258589,-4.99802354123255));
#9867=CARTESIAN_POINT('Ctrl Pts',(11.5,-19.0790672854773,-4.98759581348828));
#9868=CARTESIAN_POINT('Ctrl Pts',(11.5,-19.1283092792642,-4.96514493547476));
#9869=CARTESIAN_POINT('Ctrl Pts',(11.5,-19.1783764942956,-4.94459762860223));
#9870=CARTESIAN_POINT('Ctrl Pts',(11.5,-19.2051890603575,-4.93359390046259));
#9871=CARTESIAN_POINT('Ctrl Pts',(12.,-18.9582094661269,-5.06379547860285));
#9872=CARTESIAN_POINT('Ctrl Pts',(11.5,-18.9582094661269,-5.06379547860285));
#9873=CARTESIAN_POINT('Ctrl Pts',(12.,-18.971768071099,-5.05165345838731));
#9874=CARTESIAN_POINT('Ctrl Pts',(11.5,-18.971768071099,-5.05165345838731));
#9875=CARTESIAN_POINT('Ctrl Pts',(12.,-19.0013279963809,-5.02518191422173));
#9876=CARTESIAN_POINT('Ctrl Pts',(11.5,-19.0013279963809,-5.02518191422173));
#9877=CARTESIAN_POINT('Ctrl Pts',(12.,-19.0369260550968,-5.00756168751563));
#9878=CARTESIAN_POINT('Ctrl Pts',(11.5,-19.0369260550968,-5.00756168751563));
#9879=CARTESIAN_POINT('Ctrl Pts',(12.,-19.0561959258589,-4.99802354123255));
#9880=CARTESIAN_POINT('Ctrl Pts',(11.5,-19.0561959258589,-4.99802354123255));
#9881=CARTESIAN_POINT('',(11.5,-18.9582094661269,-5.06379547860285));
#9882=CARTESIAN_POINT('',(12.,-18.9582094661269,-5.06379547860285));
#9883=CARTESIAN_POINT('Ctrl Pts',(11.5,-18.9582094661269,-5.06379547860285));
#9884=CARTESIAN_POINT('Ctrl Pts',(11.5,-18.971768071099,-5.05165345838731));
#9885=CARTESIAN_POINT('Ctrl Pts',(11.5,-19.0013279963809,-5.02518191422173));
#9886=CARTESIAN_POINT('Ctrl Pts',(11.5,-19.0369260550968,-5.00756168751563));
#9887=CARTESIAN_POINT('Ctrl Pts',(11.5,-19.0561959258589,-4.99802354123255));
#9888=CARTESIAN_POINT('Ctrl Pts',(12.,-18.923309754518,-5.15909734513422));
#9889=CARTESIAN_POINT('Ctrl Pts',(11.5,-18.923309754518,-5.15909734513422));
#9890=CARTESIAN_POINT('Ctrl Pts',(12.,-18.9244859994996,-5.14066018412229));
#9891=CARTESIAN_POINT('Ctrl Pts',(11.5,-18.9244859994996,-5.14066018412229));
#9892=CARTESIAN_POINT('Ctrl Pts',(12.,-18.9267379433894,-5.10536188084745));
#9893=CARTESIAN_POINT('Ctrl Pts',(11.5,-18.9267379433894,-5.10536188084745));
#9894=CARTESIAN_POINT('Ctrl Pts',(12.,-18.9480359334784,-5.07723229746428));
#9895=CARTESIAN_POINT('Ctrl Pts',(11.5,-18.9480359334784,-5.07723229746428));
#9896=CARTESIAN_POINT('Ctrl Pts',(12.,-18.9582094661269,-5.06379547860285));
#9897=CARTESIAN_POINT('Ctrl Pts',(11.5,-18.9582094661269,-5.06379547860285));
#9898=CARTESIAN_POINT('',(11.5,-18.923309754518,-5.15909734513422));
#9899=CARTESIAN_POINT('',(12.,-18.923309754518,-5.15909734513422));
#9900=CARTESIAN_POINT('Ctrl Pts',(11.5,-18.923309754518,-5.15909734513422));
#9901=CARTESIAN_POINT('Ctrl Pts',(11.5,-18.9244859994996,-5.14066018412229));
#9902=CARTESIAN_POINT('Ctrl Pts',(11.5,-18.9267379433894,-5.10536188084745));
#9903=CARTESIAN_POINT('Ctrl Pts',(11.5,-18.9480359334784,-5.07723229746428));
#9904=CARTESIAN_POINT('Ctrl Pts',(11.5,-18.9582094661269,-5.06379547860285));
#9905=CARTESIAN_POINT('Ctrl Pts',(12.,-18.9863970986876,-5.28661403205058));
#9906=CARTESIAN_POINT('Ctrl Pts',(11.5,-18.9863970986876,-5.28661403205058));
#9907=CARTESIAN_POINT('Ctrl Pts',(12.,-18.9679969499213,-5.26946381854464));
#9908=CARTESIAN_POINT('Ctrl Pts',(11.5,-18.9679969499213,-5.26946381854464));
#9909=CARTESIAN_POINT('Ctrl Pts',(12.,-18.9309389627682,-5.23492320695247));
#9910=CARTESIAN_POINT('Ctrl Pts',(11.5,-18.9309389627682,-5.23492320695247));
#9911=CARTESIAN_POINT('Ctrl Pts',(12.,-18.92586458581,-5.18448953239222));
#9912=CARTESIAN_POINT('Ctrl Pts',(11.5,-18.92586458581,-5.18448953239222));
#9913=CARTESIAN_POINT('Ctrl Pts',(12.,-18.923309754518,-5.15909734513422));
#9914=CARTESIAN_POINT('Ctrl Pts',(11.5,-18.923309754518,-5.15909734513422));
#9915=CARTESIAN_POINT('',(11.5,-18.9863970986876,-5.28661403205058));
#9916=CARTESIAN_POINT('',(12.,-18.9863970986876,-5.28661403205058));
#9917=CARTESIAN_POINT('Ctrl Pts',(11.5,-18.9863970986876,-5.28661403205058));
#9918=CARTESIAN_POINT('Ctrl Pts',(11.5,-18.9679969499213,-5.26946381854464));
#9919=CARTESIAN_POINT('Ctrl Pts',(11.5,-18.9309389627682,-5.23492320695247));
#9920=CARTESIAN_POINT('Ctrl Pts',(11.5,-18.92586458581,-5.18448953239222));
#9921=CARTESIAN_POINT('Ctrl Pts',(11.5,-18.923309754518,-5.15909734513422));
#9922=CARTESIAN_POINT('Ctrl Pts',(12.,-19.1837129107985,-5.33359411503931));
#9923=CARTESIAN_POINT('Ctrl Pts',(11.5,-19.1837129107985,-5.33359411503931));
#9924=CARTESIAN_POINT('Ctrl Pts',(12.,-19.1440289865087,-5.33300534244178));
#9925=CARTESIAN_POINT('Ctrl Pts',(11.5,-19.1440289865087,-5.33300534244178));
#9926=CARTESIAN_POINT('Ctrl Pts',(12.,-19.0744330161556,-5.331972778224));
#9927=CARTESIAN_POINT('Ctrl Pts',(11.5,-19.0744330161556,-5.331972778224));
#9928=CARTESIAN_POINT('Ctrl Pts',(12.,-19.0128606391476,-5.30024884212691));
#9929=CARTESIAN_POINT('Ctrl Pts',(11.5,-19.0128606391476,-5.30024884212691));
#9930=CARTESIAN_POINT('Ctrl Pts',(12.,-18.9863970986876,-5.28661403205058));
#9931=CARTESIAN_POINT('Ctrl Pts',(11.5,-18.9863970986876,-5.28661403205058));
#9932=CARTESIAN_POINT('',(11.5,-19.1837129107985,-5.33359411503931));
#9933=CARTESIAN_POINT('',(12.,-19.1837129107985,-5.33359411503931));
#9934=CARTESIAN_POINT('Ctrl Pts',(11.5,-19.1837129107985,-5.33359411503931));
#9935=CARTESIAN_POINT('Ctrl Pts',(11.5,-19.1440289865087,-5.33300534244178));
#9936=CARTESIAN_POINT('Ctrl Pts',(11.5,-19.0744330161556,-5.331972778224));
#9937=CARTESIAN_POINT('Ctrl Pts',(11.5,-19.0128606391476,-5.30024884212691));
#9938=CARTESIAN_POINT('Ctrl Pts',(11.5,-18.9863970986876,-5.28661403205058));
#9939=CARTESIAN_POINT('Ctrl Pts',(12.,-19.4320348016295,-5.27721825387141));
#9940=CARTESIAN_POINT('Ctrl Pts',(11.5,-19.4320348016295,-5.27721825387141));
#9941=CARTESIAN_POINT('Ctrl Pts',(12.,-19.3901598735032,-5.29365017844928));
#9942=CARTESIAN_POINT('Ctrl Pts',(11.5,-19.3901598735032,-5.29365017844928));
#9943=CARTESIAN_POINT('Ctrl Pts',(12.,-19.3101805312814,-5.32503445964048));
#9944=CARTESIAN_POINT('Ctrl Pts',(11.5,-19.3101805312814,-5.32503445964048));
#9945=CARTESIAN_POINT('Ctrl Pts',(12.,-19.2245227116623,-5.33083200224748));
#9946=CARTESIAN_POINT('Ctrl Pts',(11.5,-19.2245227116623,-5.33083200224748));
#9947=CARTESIAN_POINT('Ctrl Pts',(12.,-19.1837129107985,-5.33359411503931));
#9948=CARTESIAN_POINT('Ctrl Pts',(11.5,-19.1837129107985,-5.33359411503931));
#9949=CARTESIAN_POINT('',(11.5,-19.4320348016295,-5.27721825387141));
#9950=CARTESIAN_POINT('',(12.,-19.4320348016295,-5.27721825387141));
#9951=CARTESIAN_POINT('Ctrl Pts',(11.5,-19.4320348016295,-5.27721825387141));
#9952=CARTESIAN_POINT('Ctrl Pts',(11.5,-19.3901598735032,-5.29365017844928));
#9953=CARTESIAN_POINT('Ctrl Pts',(11.5,-19.3101805312814,-5.32503445964048));
#9954=CARTESIAN_POINT('Ctrl Pts',(11.5,-19.2245227116623,-5.33083200224748));
#9955=CARTESIAN_POINT('Ctrl Pts',(11.5,-19.1837129107985,-5.33359411503931));
#9956=CARTESIAN_POINT('Ctrl Pts',(12.,-19.6669343225035,-5.12956711794993));
#9957=CARTESIAN_POINT('Ctrl Pts',(11.5,-19.6669343225035,-5.12956711794993));
#9958=CARTESIAN_POINT('Ctrl Pts',(12.,-19.630856165492,-5.15858822830291));
#9959=CARTESIAN_POINT('Ctrl Pts',(11.5,-19.630856165492,-5.15858822830291));
#9960=CARTESIAN_POINT('Ctrl Pts',(12.,-19.5583073816067,-5.21694615003478));
#9961=CARTESIAN_POINT('Ctrl Pts',(11.5,-19.5583073816067,-5.21694615003478));
#9962=CARTESIAN_POINT('Ctrl Pts',(12.,-19.4742771887115,-5.25705522607097));
#9963=CARTESIAN_POINT('Ctrl Pts',(11.5,-19.4742771887115,-5.25705522607097));
#9964=CARTESIAN_POINT('Ctrl Pts',(12.,-19.4320348016295,-5.27721825387141));
#9965=CARTESIAN_POINT('Ctrl Pts',(11.5,-19.4320348016295,-5.27721825387141));
#9966=CARTESIAN_POINT('',(11.5,-19.6669343225035,-5.12956711794993));
#9967=CARTESIAN_POINT('',(12.,-19.6669343225035,-5.12956711794993));
#9968=CARTESIAN_POINT('Ctrl Pts',(11.5,-19.6669343225035,-5.12956711794993));
#9969=CARTESIAN_POINT('Ctrl Pts',(11.5,-19.630856165492,-5.15858822830291));
#9970=CARTESIAN_POINT('Ctrl Pts',(11.5,-19.5583073816067,-5.21694615003478));
#9971=CARTESIAN_POINT('Ctrl Pts',(11.5,-19.4742771887115,-5.25705522607097));
#9972=CARTESIAN_POINT('Ctrl Pts',(11.5,-19.4320348016295,-5.27721825387141));
#9973=CARTESIAN_POINT('Origin',(12.,-19.940759848741,-5.45976850535532));
#9974=CARTESIAN_POINT('',(11.5,-19.940759848741,-5.45976850535532));
#9975=CARTESIAN_POINT('',(12.,-19.940759848741,-5.45976850535532));
#9976=CARTESIAN_POINT('',(11.5,-19.940759848741,-5.45976850535532));
#9977=CARTESIAN_POINT('Ctrl Pts',(12.,-19.5877394191298,-5.67453357722422));
#9978=CARTESIAN_POINT('Ctrl Pts',(11.5,-19.5877394191298,-5.67453357722422));
#9979=CARTESIAN_POINT('Ctrl Pts',(12.,-19.6518001597698,-5.64744366507473));
#9980=CARTESIAN_POINT('Ctrl Pts',(11.5,-19.6518001597698,-5.64744366507473));
#9981=CARTESIAN_POINT('Ctrl Pts',(12.,-19.780033540109,-5.59321652106546));
#9982=CARTESIAN_POINT('Ctrl Pts',(11.5,-19.780033540109,-5.59321652106546));
#9983=CARTESIAN_POINT('Ctrl Pts',(12.,-19.8871532542489,-5.50427704739074));
#9984=CARTESIAN_POINT('Ctrl Pts',(11.5,-19.8871532542489,-5.50427704739074));
#9985=CARTESIAN_POINT('Ctrl Pts',(12.,-19.940759848741,-5.45976850535532));
#9986=CARTESIAN_POINT('Ctrl Pts',(11.5,-19.940759848741,-5.45976850535532));
#9987=CARTESIAN_POINT('',(11.5,-19.5877394191298,-5.67453357722422));
#9988=CARTESIAN_POINT('',(12.,-19.5877394191298,-5.67453357722422));
#9989=CARTESIAN_POINT('Ctrl Pts',(11.5,-19.5877394191298,-5.67453357722422));
#9990=CARTESIAN_POINT('Ctrl Pts',(11.5,-19.6518001597698,-5.64744366507473));
#9991=CARTESIAN_POINT('Ctrl Pts',(11.5,-19.780033540109,-5.59321652106546));
#9992=CARTESIAN_POINT('Ctrl Pts',(11.5,-19.8871532542489,-5.50427704739074));
#9993=CARTESIAN_POINT('Ctrl Pts',(11.5,-19.940759848741,-5.45976850535532));
#9994=CARTESIAN_POINT('Ctrl Pts',(12.,-19.1944512836012,-5.74701699759623));
#9995=CARTESIAN_POINT('Ctrl Pts',(11.5,-19.1944512836012,-5.74701699759623));
#9996=CARTESIAN_POINT('Ctrl Pts',(12.,-19.2604005655821,-5.74378599479128));
#9997=CARTESIAN_POINT('Ctrl Pts',(11.5,-19.2604005655821,-5.74378599479128));
#9998=CARTESIAN_POINT('Ctrl Pts',(12.,-19.3947078727736,-5.73720597946393));
#9999=CARTESIAN_POINT('Ctrl Pts',(11.5,-19.3947078727736,-5.73720597946393));
#10000=CARTESIAN_POINT('Ctrl Pts',(12.,-19.5226308228254,-5.69567267191561));
#10001=CARTESIAN_POINT('Ctrl Pts',(11.5,-19.5226308228254,-5.69567267191561));
#10002=CARTESIAN_POINT('Ctrl Pts',(12.,-19.5877394191298,-5.67453357722422));
#10003=CARTESIAN_POINT('Ctrl Pts',(11.5,-19.5877394191298,-5.67453357722422));
#10004=CARTESIAN_POINT('',(11.5,-19.1944512836012,-5.74701699759623));
#10005=CARTESIAN_POINT('',(12.,-19.1944512836012,-5.74701699759623));
#10006=CARTESIAN_POINT('Ctrl Pts',(11.5,-19.1944512836012,-5.74701699759623));
#10007=CARTESIAN_POINT('Ctrl Pts',(11.5,-19.2604005655821,-5.74378599479128));
#10008=CARTESIAN_POINT('Ctrl Pts',(11.5,-19.3947078727736,-5.73720597946393));
#10009=CARTESIAN_POINT('Ctrl Pts',(11.5,-19.5226308228254,-5.69567267191561));
#10010=CARTESIAN_POINT('Ctrl Pts',(11.5,-19.5877394191298,-5.67453357722422));
#10011=CARTESIAN_POINT('Ctrl Pts',(12.,-18.7823703996214,-5.65976861264368));
#10012=CARTESIAN_POINT('Ctrl Pts',(11.5,-18.7823703996214,-5.65976861264368));
#10013=CARTESIAN_POINT('Ctrl Pts',(12.,-18.8443303775799,-5.68519115185944));
#10014=CARTESIAN_POINT('Ctrl Pts',(11.5,-18.8443303775799,-5.68519115185944));
#10015=CARTESIAN_POINT('Ctrl Pts',(12.,-18.9762037427039,-5.73929956033286));
#10016=CARTESIAN_POINT('Ctrl Pts',(11.5,-18.9762037427039,-5.73929956033286));
#10017=CARTESIAN_POINT('Ctrl Pts',(12.,-19.1188346999972,-5.74434312444451));
#10018=CARTESIAN_POINT('Ctrl Pts',(11.5,-19.1188346999972,-5.74434312444451));
#10019=CARTESIAN_POINT('Ctrl Pts',(12.,-19.1944512836012,-5.74701699759623));
#10020=CARTESIAN_POINT('Ctrl Pts',(11.5,-19.1944512836012,-5.74701699759623));
#10021=CARTESIAN_POINT('Ctrl Pts',(11.5,-18.7823703996214,-5.65976861264368));
#10022=CARTESIAN_POINT('Ctrl Pts',(11.5,-18.8443303775799,-5.68519115185944));
#10023=CARTESIAN_POINT('Ctrl Pts',(11.5,-18.9762037427039,-5.73929956033286));
#10024=CARTESIAN_POINT('Ctrl Pts',(11.5,-19.1188346999972,-5.74434312444451));
#10025=CARTESIAN_POINT('Ctrl Pts',(11.5,-19.1944512836012,-5.74701699759623));
#10026=CARTESIAN_POINT('Origin',(11.5,-22.1340482048068,-4.61278858925959));
#10027=CARTESIAN_POINT('Ctrl Pts',(12.,-21.1313638202223,-5.16446653153559));
#10028=CARTESIAN_POINT('Ctrl Pts',(11.5,-21.1313638202223,-5.16446653153559));
#10029=CARTESIAN_POINT('Ctrl Pts',(12.,-21.1214231383417,-5.19336575103254));
#10030=CARTESIAN_POINT('Ctrl Pts',(11.5,-21.1214231383417,-5.19336575103254));
#10031=CARTESIAN_POINT('Ctrl Pts',(12.,-21.1027325900983,-5.24770229078801));
#10032=CARTESIAN_POINT('Ctrl Pts',(11.5,-21.1027325900983,-5.24770229078801));
#10033=CARTESIAN_POINT('Ctrl Pts',(12.,-21.0637210465049,-5.28974890826305));
#10034=CARTESIAN_POINT('Ctrl Pts',(11.5,-21.0637210465049,-5.28974890826305));
#10035=CARTESIAN_POINT('Ctrl Pts',(12.,-21.0454580298934,-5.30943277623316));
#10036=CARTESIAN_POINT('Ctrl Pts',(11.5,-21.0454580298934,-5.30943277623316));
#10037=CARTESIAN_POINT('',(12.,-21.1313638202223,-5.16446653153559));
#10038=CARTESIAN_POINT('',(12.,-21.0454580298934,-5.30943277623316));
#10039=CARTESIAN_POINT('Ctrl Pts',(12.,-21.1313638202223,-5.16446653153559));
#10040=CARTESIAN_POINT('Ctrl Pts',(12.,-21.1214231383417,-5.19336575103254));
#10041=CARTESIAN_POINT('Ctrl Pts',(12.,-21.1027325900983,-5.24770229078801));
#10042=CARTESIAN_POINT('Ctrl Pts',(12.,-21.0637210465049,-5.28974890826305));
#10043=CARTESIAN_POINT('Ctrl Pts',(12.,-21.0454580298934,-5.30943277623316));
#10044=CARTESIAN_POINT('',(11.5,-21.1313638202223,-5.16446653153559));
#10045=CARTESIAN_POINT('',(12.,-21.1313638202223,-5.16446653153559));
#10046=CARTESIAN_POINT('',(11.5,-21.0454580298934,-5.30943277623316));
#10047=CARTESIAN_POINT('Ctrl Pts',(11.5,-21.1313638202223,-5.16446653153559));
#10048=CARTESIAN_POINT('Ctrl Pts',(11.5,-21.1214231383417,-5.19336575103254));
#10049=CARTESIAN_POINT('Ctrl Pts',(11.5,-21.1027325900983,-5.24770229078801));
#10050=CARTESIAN_POINT('Ctrl Pts',(11.5,-21.0637210465049,-5.28974890826305));
#10051=CARTESIAN_POINT('Ctrl Pts',(11.5,-21.0454580298934,-5.30943277623316));
#10052=CARTESIAN_POINT('',(12.,-21.0454580298934,-5.30943277623316));
#10053=CARTESIAN_POINT('Ctrl Pts',(12.,-21.1595520488295,-4.94433227326533));
#10054=CARTESIAN_POINT('Ctrl Pts',(11.5,-21.1595520488295,-4.94433227326533));
#10055=CARTESIAN_POINT('Ctrl Pts',(12.,-21.1587067300758,-4.98390550963877));
#10056=CARTESIAN_POINT('Ctrl Pts',(11.5,-21.1587067300758,-4.98390550963877));
#10057=CARTESIAN_POINT('Ctrl Pts',(12.,-21.1571171755033,-5.05831982796052));
#10058=CARTESIAN_POINT('Ctrl Pts',(11.5,-21.1571171755033,-5.05831982796052));
#10059=CARTESIAN_POINT('Ctrl Pts',(12.,-21.1395764555664,-5.13061679972682));
#10060=CARTESIAN_POINT('Ctrl Pts',(11.5,-21.1395764555664,-5.13061679972682));
#10061=CARTESIAN_POINT('Ctrl Pts',(12.,-21.1313638202223,-5.16446653153559));
#10062=CARTESIAN_POINT('Ctrl Pts',(11.5,-21.1313638202223,-5.16446653153559));
#10063=CARTESIAN_POINT('',(12.,-21.1595520488295,-4.94433227326533));
#10064=CARTESIAN_POINT('Ctrl Pts',(12.,-21.1595520488295,-4.94433227326533));
#10065=CARTESIAN_POINT('Ctrl Pts',(12.,-21.1587067300758,-4.98390550963877));
#10066=CARTESIAN_POINT('Ctrl Pts',(12.,-21.1571171755033,-5.05831982796052));
#10067=CARTESIAN_POINT('Ctrl Pts',(12.,-21.1395764555664,-5.13061679972682));
#10068=CARTESIAN_POINT('Ctrl Pts',(12.,-21.1313638202223,-5.16446653153559));
#10069=CARTESIAN_POINT('',(11.5,-21.1595520488295,-4.94433227326533));
#10070=CARTESIAN_POINT('',(12.,-21.1595520488295,-4.94433227326533));
#10071=CARTESIAN_POINT('Ctrl Pts',(11.5,-21.1595520488295,-4.94433227326533));
#10072=CARTESIAN_POINT('Ctrl Pts',(11.5,-21.1587067300758,-4.98390550963877));
#10073=CARTESIAN_POINT('Ctrl Pts',(11.5,-21.1571171755033,-5.05831982796052));
#10074=CARTESIAN_POINT('Ctrl Pts',(11.5,-21.1395764555664,-5.13061679972682));
#10075=CARTESIAN_POINT('Ctrl Pts',(11.5,-21.1313638202223,-5.16446653153559));
#10076=CARTESIAN_POINT('Ctrl Pts',(12.,-21.1313638202223,-4.72554031159541));
#10077=CARTESIAN_POINT('Ctrl Pts',(11.5,-21.1313638202223,-4.72554031159541));
#10078=CARTESIAN_POINT('Ctrl Pts',(12.,-21.1395755295195,-4.75905336831152));
#10079=CARTESIAN_POINT('Ctrl Pts',(11.5,-21.1395755295195,-4.75905336831152));
#10080=CARTESIAN_POINT('Ctrl Pts',(12.,-21.1571766693272,-4.83088591562805));
#10081=CARTESIAN_POINT('Ctrl Pts',(11.5,-21.1571766693272,-4.83088591562805));
#10082=CARTESIAN_POINT('Ctrl Pts',(12.,-21.1587257061287,-4.90486676071248));
#10083=CARTESIAN_POINT('Ctrl Pts',(11.5,-21.1587257061287,-4.90486676071248));
#10084=CARTESIAN_POINT('Ctrl Pts',(12.,-21.1595520488295,-4.94433227326533));
#10085=CARTESIAN_POINT('Ctrl Pts',(11.5,-21.1595520488295,-4.94433227326533));
#10086=CARTESIAN_POINT('',(12.,-21.1313638202223,-4.72554031159541));
#10087=CARTESIAN_POINT('Ctrl Pts',(12.,-21.1313638202223,-4.72554031159541));
#10088=CARTESIAN_POINT('Ctrl Pts',(12.,-21.1395755295195,-4.75905336831152));
#10089=CARTESIAN_POINT('Ctrl Pts',(12.,-21.1571766693272,-4.83088591562805));
#10090=CARTESIAN_POINT('Ctrl Pts',(12.,-21.1587257061287,-4.90486676071248));
#10091=CARTESIAN_POINT('Ctrl Pts',(12.,-21.1595520488295,-4.94433227326533));
#10092=CARTESIAN_POINT('',(11.5,-21.1313638202223,-4.72554031159541));
#10093=CARTESIAN_POINT('',(12.,-21.1313638202223,-4.72554031159541));
#10094=CARTESIAN_POINT('Ctrl Pts',(11.5,-21.1313638202223,-4.72554031159541));
#10095=CARTESIAN_POINT('Ctrl Pts',(11.5,-21.1395755295195,-4.75905336831152));
#10096=CARTESIAN_POINT('Ctrl Pts',(11.5,-21.1571766693272,-4.83088591562805));
#10097=CARTESIAN_POINT('Ctrl Pts',(11.5,-21.1587257061287,-4.90486676071248));
#10098=CARTESIAN_POINT('Ctrl Pts',(11.5,-21.1595520488295,-4.94433227326533));
#10099=CARTESIAN_POINT('Ctrl Pts',(12.,-21.0454580298934,-4.58191606547495));
#10100=CARTESIAN_POINT('Ctrl Pts',(11.5,-21.0454580298934,-4.58191606547495));
#10101=CARTESIAN_POINT('Ctrl Pts',(12.,-21.0637093531157,-4.60148795505027));
#10102=CARTESIAN_POINT('Ctrl Pts',(11.5,-21.0637093531157,-4.60148795505027));
#10103=CARTESIAN_POINT('Ctrl Pts',(12.,-21.1025513100449,-4.64314030445233));
#10104=CARTESIAN_POINT('Ctrl Pts',(11.5,-21.1025513100449,-4.64314030445233));
#10105=CARTESIAN_POINT('Ctrl Pts',(12.,-21.1213816229651,-4.69699253425023));
#10106=CARTESIAN_POINT('Ctrl Pts',(11.5,-21.1213816229651,-4.69699253425023));
#10107=CARTESIAN_POINT('Ctrl Pts',(12.,-21.1313638202223,-4.72554031159541));
#10108=CARTESIAN_POINT('Ctrl Pts',(11.5,-21.1313638202223,-4.72554031159541));
#10109=CARTESIAN_POINT('',(12.,-21.0454580298934,-4.58191606547495));
#10110=CARTESIAN_POINT('Ctrl Pts',(12.,-21.0454580298934,-4.58191606547495));
#10111=CARTESIAN_POINT('Ctrl Pts',(12.,-21.0637093531157,-4.60148795505027));
#10112=CARTESIAN_POINT('Ctrl Pts',(12.,-21.1025513100449,-4.64314030445233));
#10113=CARTESIAN_POINT('Ctrl Pts',(12.,-21.1213816229651,-4.69699253425023));
#10114=CARTESIAN_POINT('Ctrl Pts',(12.,-21.1313638202223,-4.72554031159541));
#10115=CARTESIAN_POINT('',(11.5,-21.0454580298934,-4.58191606547495));
#10116=CARTESIAN_POINT('',(12.,-21.0454580298934,-4.58191606547495));
#10117=CARTESIAN_POINT('Ctrl Pts',(11.5,-21.0454580298934,-4.58191606547495));
#10118=CARTESIAN_POINT('Ctrl Pts',(11.5,-21.0637093531157,-4.60148795505027));
#10119=CARTESIAN_POINT('Ctrl Pts',(11.5,-21.1025513100449,-4.64314030445233));
#10120=CARTESIAN_POINT('Ctrl Pts',(11.5,-21.1213816229651,-4.69699253425023));
#10121=CARTESIAN_POINT('Ctrl Pts',(11.5,-21.1313638202223,-4.72554031159541));
#10122=CARTESIAN_POINT('Ctrl Pts',(12.,-20.8991494885954,-4.53090939070841));
#10123=CARTESIAN_POINT('Ctrl Pts',(11.5,-20.8991494885954,-4.53090939070841));
#10124=CARTESIAN_POINT('Ctrl Pts',(12.,-20.9269892245144,-4.53268754761908));
#10125=CARTESIAN_POINT('Ctrl Pts',(11.5,-20.9269892245144,-4.53268754761908));
#10126=CARTESIAN_POINT('Ctrl Pts',(12.,-20.9806031723853,-4.53611193397792));
#10127=CARTESIAN_POINT('Ctrl Pts',(11.5,-20.9806031723853,-4.53611193397792));
#10128=CARTESIAN_POINT('Ctrl Pts',(12.,-21.0244022093875,-4.56704526615032));
#10129=CARTESIAN_POINT('Ctrl Pts',(11.5,-21.0244022093875,-4.56704526615032));
#10130=CARTESIAN_POINT('Ctrl Pts',(12.,-21.0454580298934,-4.58191606547495));
#10131=CARTESIAN_POINT('Ctrl Pts',(11.5,-21.0454580298934,-4.58191606547495));
#10132=CARTESIAN_POINT('',(12.,-20.8991494885954,-4.53090939070841));
#10133=CARTESIAN_POINT('Ctrl Pts',(12.,-20.8991494885954,-4.53090939070841));
#10134=CARTESIAN_POINT('Ctrl Pts',(12.,-20.9269892245144,-4.53268754761908));
#10135=CARTESIAN_POINT('Ctrl Pts',(12.,-20.9806031723853,-4.53611193397792));
#10136=CARTESIAN_POINT('Ctrl Pts',(12.,-21.0244022093875,-4.56704526615032));
#10137=CARTESIAN_POINT('Ctrl Pts',(12.,-21.0454580298934,-4.58191606547495));
#10138=CARTESIAN_POINT('',(11.5,-20.8991494885954,-4.53090939070841));
#10139=CARTESIAN_POINT('',(12.,-20.8991494885954,-4.53090939070841));
#10140=CARTESIAN_POINT('Ctrl Pts',(11.5,-20.8991494885954,-4.53090939070841));
#10141=CARTESIAN_POINT('Ctrl Pts',(11.5,-20.9269892245144,-4.53268754761908));
#10142=CARTESIAN_POINT('Ctrl Pts',(11.5,-20.9806031723853,-4.53611193397792));
#10143=CARTESIAN_POINT('Ctrl Pts',(11.5,-21.0244022093875,-4.56704526615032));
#10144=CARTESIAN_POINT('Ctrl Pts',(11.5,-21.0454580298934,-4.58191606547495));
#10145=CARTESIAN_POINT('Ctrl Pts',(12.,-20.7528403512511,-4.58191606547495));
#10146=CARTESIAN_POINT('Ctrl Pts',(11.5,-20.7528403512511,-4.58191606547495));
#10147=CARTESIAN_POINT('Ctrl Pts',(12.,-20.7738963584983,-4.56704511938052));
#10148=CARTESIAN_POINT('Ctrl Pts',(11.5,-20.7738963584983,-4.56704511938052));
#10149=CARTESIAN_POINT('Ctrl Pts',(12.,-20.8176955715265,-4.53611163193084));
#10150=CARTESIAN_POINT('Ctrl Pts',(11.5,-20.8176955715265,-4.53611163193084));
#10151=CARTESIAN_POINT('Ctrl Pts',(12.,-20.8713097552235,-4.53268743912867));
#10152=CARTESIAN_POINT('Ctrl Pts',(11.5,-20.8713097552235,-4.53268743912867));
#10153=CARTESIAN_POINT('Ctrl Pts',(12.,-20.8991494885954,-4.53090939070841));
#10154=CARTESIAN_POINT('Ctrl Pts',(11.5,-20.8991494885954,-4.53090939070841));
#10155=CARTESIAN_POINT('',(12.,-20.7528403512511,-4.58191606547495));
#10156=CARTESIAN_POINT('Ctrl Pts',(12.,-20.7528403512511,-4.58191606547495));
#10157=CARTESIAN_POINT('Ctrl Pts',(12.,-20.7738963584983,-4.56704511938052));
#10158=CARTESIAN_POINT('Ctrl Pts',(12.,-20.8176955715265,-4.53611163193084));
#10159=CARTESIAN_POINT('Ctrl Pts',(12.,-20.8713097552235,-4.53268743912867));
#10160=CARTESIAN_POINT('Ctrl Pts',(12.,-20.8991494885954,-4.53090939070841));
#10161=CARTESIAN_POINT('',(11.5,-20.7528403512511,-4.58191606547495));
#10162=CARTESIAN_POINT('',(12.,-20.7528403512511,-4.58191606547495));
#10163=CARTESIAN_POINT('Ctrl Pts',(11.5,-20.7528403512511,-4.58191606547495));
#10164=CARTESIAN_POINT('Ctrl Pts',(11.5,-20.7738963584983,-4.56704511938052));
#10165=CARTESIAN_POINT('Ctrl Pts',(11.5,-20.8176955715265,-4.53611163193084));
#10166=CARTESIAN_POINT('Ctrl Pts',(11.5,-20.8713097552235,-4.53268743912867));
#10167=CARTESIAN_POINT('Ctrl Pts',(11.5,-20.8991494885954,-4.53090939070841));
#10168=CARTESIAN_POINT('Ctrl Pts',(12.,-20.6682768575225,-4.72554031159541));
#10169=CARTESIAN_POINT('Ctrl Pts',(11.5,-20.6682768575225,-4.72554031159541));
#10170=CARTESIAN_POINT('Ctrl Pts',(12.,-20.677878244796,-4.69698288885437));
#10171=CARTESIAN_POINT('Ctrl Pts',(11.5,-20.677878244796,-4.69698288885437));
#10172=CARTESIAN_POINT('Ctrl Pts',(12.,-20.696005060942,-4.64306826830213));
#10173=CARTESIAN_POINT('Ctrl Pts',(11.5,-20.696005060942,-4.64306826830213));
#10174=CARTESIAN_POINT('Ctrl Pts',(12.,-20.7346600732055,-4.60147722271459));
#10175=CARTESIAN_POINT('Ctrl Pts',(11.5,-20.7346600732055,-4.60147722271459));
#10176=CARTESIAN_POINT('Ctrl Pts',(12.,-20.7528403512511,-4.58191606547495));
#10177=CARTESIAN_POINT('Ctrl Pts',(11.5,-20.7528403512511,-4.58191606547495));
#10178=CARTESIAN_POINT('',(12.,-20.6682768575225,-4.72554031159541));
#10179=CARTESIAN_POINT('Ctrl Pts',(12.,-20.6682768575225,-4.72554031159541));
#10180=CARTESIAN_POINT('Ctrl Pts',(12.,-20.677878244796,-4.69698288885437));
#10181=CARTESIAN_POINT('Ctrl Pts',(12.,-20.696005060942,-4.64306826830213));
#10182=CARTESIAN_POINT('Ctrl Pts',(12.,-20.7346600732055,-4.60147722271459));
#10183=CARTESIAN_POINT('Ctrl Pts',(12.,-20.7528403512511,-4.58191606547495));
#10184=CARTESIAN_POINT('',(11.5,-20.6682768575225,-4.72554031159541));
#10185=CARTESIAN_POINT('',(12.,-20.6682768575225,-4.72554031159541));
#10186=CARTESIAN_POINT('Ctrl Pts',(11.5,-20.6682768575225,-4.72554031159541));
#10187=CARTESIAN_POINT('Ctrl Pts',(11.5,-20.677878244796,-4.69698288885437));
#10188=CARTESIAN_POINT('Ctrl Pts',(11.5,-20.696005060942,-4.64306826830213));
#10189=CARTESIAN_POINT('Ctrl Pts',(11.5,-20.7346600732055,-4.60147722271459));
#10190=CARTESIAN_POINT('Ctrl Pts',(11.5,-20.7528403512511,-4.58191606547495));
#10191=CARTESIAN_POINT('Ctrl Pts',(12.,-20.6414309255156,-4.94433227326533));
#10192=CARTESIAN_POINT('Ctrl Pts',(11.5,-20.6414309255156,-4.94433227326533));
#10193=CARTESIAN_POINT('Ctrl Pts',(12.,-20.6422130401651,-4.90488499218884));
#10194=CARTESIAN_POINT('Ctrl Pts',(11.5,-20.6422130401651,-4.90488499218884));
#10195=CARTESIAN_POINT('Ctrl Pts',(12.,-20.6436779458338,-4.83099998606113));
#10196=CARTESIAN_POINT('Ctrl Pts',(11.5,-20.6436779458338,-4.83099998606113));
#10197=CARTESIAN_POINT('Ctrl Pts',(12.,-20.660456425485,-4.75906781993752));
#10198=CARTESIAN_POINT('Ctrl Pts',(11.5,-20.660456425485,-4.75906781993752));
#10199=CARTESIAN_POINT('Ctrl Pts',(12.,-20.6682768575225,-4.72554031159541));
#10200=CARTESIAN_POINT('Ctrl Pts',(11.5,-20.6682768575225,-4.72554031159541));
#10201=CARTESIAN_POINT('',(12.,-20.6414309255156,-4.94433227326533));
#10202=CARTESIAN_POINT('Ctrl Pts',(12.,-20.6414309255156,-4.94433227326533));
#10203=CARTESIAN_POINT('Ctrl Pts',(12.,-20.6422130401651,-4.90488499218884));
#10204=CARTESIAN_POINT('Ctrl Pts',(12.,-20.6436779458338,-4.83099998606113));
#10205=CARTESIAN_POINT('Ctrl Pts',(12.,-20.660456425485,-4.75906781993752));
#10206=CARTESIAN_POINT('Ctrl Pts',(12.,-20.6682768575225,-4.72554031159541));
#10207=CARTESIAN_POINT('',(11.5,-20.6414309255156,-4.94433227326533));
#10208=CARTESIAN_POINT('',(12.,-20.6414309255156,-4.94433227326533));
#10209=CARTESIAN_POINT('Ctrl Pts',(11.5,-20.6414309255156,-4.94433227326533));
#10210=CARTESIAN_POINT('Ctrl Pts',(11.5,-20.6422130401651,-4.90488499218884));
#10211=CARTESIAN_POINT('Ctrl Pts',(11.5,-20.6436779458338,-4.83099998606113));
#10212=CARTESIAN_POINT('Ctrl Pts',(11.5,-20.660456425485,-4.75906781993752));
#10213=CARTESIAN_POINT('Ctrl Pts',(11.5,-20.6682768575225,-4.72554031159541));
#10214=CARTESIAN_POINT('Ctrl Pts',(12.,-20.6682768575225,-5.16446653153559));
#10215=CARTESIAN_POINT('Ctrl Pts',(11.5,-20.6682768575225,-5.16446653153559));
#10216=CARTESIAN_POINT('Ctrl Pts',(12.,-20.6604555280083,-5.13060245505062));
#10217=CARTESIAN_POINT('Ctrl Pts',(11.5,-20.6604555280083,-5.13060245505062));
#10218=CARTESIAN_POINT('Ctrl Pts',(12.,-20.643734980478,-5.05820735912608));
#10219=CARTESIAN_POINT('Ctrl Pts',(11.5,-20.643734980478,-5.05820735912608));
#10220=CARTESIAN_POINT('Ctrl Pts',(12.,-20.6422312563147,-4.98388763975933));
#10221=CARTESIAN_POINT('Ctrl Pts',(11.5,-20.6422312563147,-4.98388763975933));
#10222=CARTESIAN_POINT('Ctrl Pts',(12.,-20.6414309255156,-4.94433227326533));
#10223=CARTESIAN_POINT('Ctrl Pts',(11.5,-20.6414309255156,-4.94433227326533));
#10224=CARTESIAN_POINT('',(12.,-20.6682768575225,-5.16446653153559));
#10225=CARTESIAN_POINT('Ctrl Pts',(12.,-20.6682768575225,-5.16446653153559));
#10226=CARTESIAN_POINT('Ctrl Pts',(12.,-20.6604555280083,-5.13060245505062));
#10227=CARTESIAN_POINT('Ctrl Pts',(12.,-20.643734980478,-5.05820735912608));
#10228=CARTESIAN_POINT('Ctrl Pts',(12.,-20.6422312563147,-4.98388763975933));
#10229=CARTESIAN_POINT('Ctrl Pts',(12.,-20.6414309255156,-4.94433227326533));
#10230=CARTESIAN_POINT('',(11.5,-20.6682768575225,-5.16446653153559));
#10231=CARTESIAN_POINT('',(12.,-20.6682768575225,-5.16446653153559));
#10232=CARTESIAN_POINT('Ctrl Pts',(11.5,-20.6682768575225,-5.16446653153559));
#10233=CARTESIAN_POINT('Ctrl Pts',(11.5,-20.6604555280083,-5.13060245505062));
#10234=CARTESIAN_POINT('Ctrl Pts',(11.5,-20.643734980478,-5.05820735912608));
#10235=CARTESIAN_POINT('Ctrl Pts',(11.5,-20.6422312563147,-4.98388763975933));
#10236=CARTESIAN_POINT('Ctrl Pts',(11.5,-20.6414309255156,-4.94433227326533));
#10237=CARTESIAN_POINT('Ctrl Pts',(12.,-20.7528403512511,-5.30943277623316));
#10238=CARTESIAN_POINT('Ctrl Pts',(11.5,-20.7528403512511,-5.30943277623316));
#10239=CARTESIAN_POINT('Ctrl Pts',(12.,-20.7346488487448,-5.28975925911909));
#10240=CARTESIAN_POINT('Ctrl Pts',(11.5,-20.7346488487448,-5.28975925911909));
#10241=CARTESIAN_POINT('Ctrl Pts',(12.,-20.6958245256854,-5.24777201898383));
#10242=CARTESIAN_POINT('Ctrl Pts',(11.5,-20.6958245256854,-5.24777201898383));
#10243=CARTESIAN_POINT('Ctrl Pts',(12.,-20.6778364505222,-5.19337520540013));
#10244=CARTESIAN_POINT('Ctrl Pts',(11.5,-20.6778364505222,-5.19337520540013));
#10245=CARTESIAN_POINT('Ctrl Pts',(12.,-20.6682768575225,-5.16446653153559));
#10246=CARTESIAN_POINT('Ctrl Pts',(11.5,-20.6682768575225,-5.16446653153559));
#10247=CARTESIAN_POINT('',(12.,-20.7528403512511,-5.30943277623316));
#10248=CARTESIAN_POINT('Ctrl Pts',(12.,-20.7528403512511,-5.30943277623316));
#10249=CARTESIAN_POINT('Ctrl Pts',(12.,-20.7346488487448,-5.28975925911909));
#10250=CARTESIAN_POINT('Ctrl Pts',(12.,-20.6958245256854,-5.24777201898383));
#10251=CARTESIAN_POINT('Ctrl Pts',(12.,-20.6778364505222,-5.19337520540013));
#10252=CARTESIAN_POINT('Ctrl Pts',(12.,-20.6682768575225,-5.16446653153559));
#10253=CARTESIAN_POINT('',(11.5,-20.7528403512511,-5.30943277623316));
#10254=CARTESIAN_POINT('',(12.,-20.7528403512511,-5.30943277623316));
#10255=CARTESIAN_POINT('Ctrl Pts',(11.5,-20.7528403512511,-5.30943277623316));
#10256=CARTESIAN_POINT('Ctrl Pts',(11.5,-20.7346488487448,-5.28975925911909));
#10257=CARTESIAN_POINT('Ctrl Pts',(11.5,-20.6958245256854,-5.24777201898383));
#10258=CARTESIAN_POINT('Ctrl Pts',(11.5,-20.6778364505222,-5.19337520540013));
#10259=CARTESIAN_POINT('Ctrl Pts',(11.5,-20.6682768575225,-5.16446653153559));
#10260=CARTESIAN_POINT('Ctrl Pts',(12.,-20.8991494885954,-5.36043974902293));
#10261=CARTESIAN_POINT('Ctrl Pts',(11.5,-20.8991494885954,-5.36043974902293));
#10262=CARTESIAN_POINT('Ctrl Pts',(12.,-20.8713097584511,-5.35866157817095));
#10263=CARTESIAN_POINT('Ctrl Pts',(11.5,-20.8713097584511,-5.35866157817095));
#10264=CARTESIAN_POINT('Ctrl Pts',(12.,-20.8176955955826,-5.35523715052128));
#10265=CARTESIAN_POINT('Ctrl Pts',(11.5,-20.8176955955826,-5.35523715052128));
#10266=CARTESIAN_POINT('Ctrl Pts',(12.,-20.7738963621221,-5.32430370013284));
#10267=CARTESIAN_POINT('Ctrl Pts',(11.5,-20.7738963621221,-5.32430370013284));
#10268=CARTESIAN_POINT('Ctrl Pts',(12.,-20.7528403512511,-5.30943277623316));
#10269=CARTESIAN_POINT('Ctrl Pts',(11.5,-20.7528403512511,-5.30943277623316));
#10270=CARTESIAN_POINT('',(12.,-20.8991494885954,-5.36043974902293));
#10271=CARTESIAN_POINT('Ctrl Pts',(12.,-20.8991494885954,-5.36043974902293));
#10272=CARTESIAN_POINT('Ctrl Pts',(12.,-20.8713097584511,-5.35866157817095));
#10273=CARTESIAN_POINT('Ctrl Pts',(12.,-20.8176955955826,-5.35523715052128));
#10274=CARTESIAN_POINT('Ctrl Pts',(12.,-20.7738963621221,-5.32430370013284));
#10275=CARTESIAN_POINT('Ctrl Pts',(12.,-20.7528403512511,-5.30943277623316));
#10276=CARTESIAN_POINT('',(11.5,-20.8991494885954,-5.36043974902293));
#10277=CARTESIAN_POINT('',(12.,-20.8991494885954,-5.36043974902293));
#10278=CARTESIAN_POINT('Ctrl Pts',(11.5,-20.8991494885954,-5.36043974902293));
#10279=CARTESIAN_POINT('Ctrl Pts',(11.5,-20.8713097584511,-5.35866157817095));
#10280=CARTESIAN_POINT('Ctrl Pts',(11.5,-20.8176955955826,-5.35523715052128));
#10281=CARTESIAN_POINT('Ctrl Pts',(11.5,-20.7738963621221,-5.32430370013284));
#10282=CARTESIAN_POINT('Ctrl Pts',(11.5,-20.7528403512511,-5.30943277623316));
#10283=CARTESIAN_POINT('Ctrl Pts',(12.,-21.0454580298934,-5.30943277623316));
#10284=CARTESIAN_POINT('Ctrl Pts',(11.5,-21.0454580298934,-5.30943277623316));
#10285=CARTESIAN_POINT('Ctrl Pts',(12.,-21.0244022220709,-5.32430369908396));
#10286=CARTESIAN_POINT('Ctrl Pts',(11.5,-21.0244022220709,-5.32430369908396));
#10287=CARTESIAN_POINT('Ctrl Pts',(12.,-20.9806032565835,-5.35523725633342));
#10288=CARTESIAN_POINT('Ctrl Pts',(11.5,-20.9806032565835,-5.35523725633342));
#10289=CARTESIAN_POINT('Ctrl Pts',(12.,-20.9269892358112,-5.35866161051632));
#10290=CARTESIAN_POINT('Ctrl Pts',(11.5,-20.9269892358112,-5.35866161051632));
#10291=CARTESIAN_POINT('Ctrl Pts',(12.,-20.8991494885954,-5.36043974902293));
#10292=CARTESIAN_POINT('Ctrl Pts',(11.5,-20.8991494885954,-5.36043974902293));
#10293=CARTESIAN_POINT('Ctrl Pts',(12.,-21.0454580298934,-5.30943277623316));
#10294=CARTESIAN_POINT('Ctrl Pts',(12.,-21.0244022220709,-5.32430369908396));
#10295=CARTESIAN_POINT('Ctrl Pts',(12.,-20.9806032565835,-5.35523725633342));
#10296=CARTESIAN_POINT('Ctrl Pts',(12.,-20.9269892358112,-5.35866161051632));
#10297=CARTESIAN_POINT('Ctrl Pts',(12.,-20.8991494885954,-5.36043974902293));
#10298=CARTESIAN_POINT('Ctrl Pts',(11.5,-21.0454580298934,-5.30943277623316));
#10299=CARTESIAN_POINT('Ctrl Pts',(11.5,-21.0244022220709,-5.32430369908396));
#10300=CARTESIAN_POINT('Ctrl Pts',(11.5,-20.9806032565835,-5.35523725633342));
#10301=CARTESIAN_POINT('Ctrl Pts',(11.5,-20.9269892358112,-5.35866161051632));
#10302=CARTESIAN_POINT('Ctrl Pts',(11.5,-20.8991494885954,-5.36043974902293));
#10303=CARTESIAN_POINT('Ctrl Pts',(12.,-20.2588805667433,-5.3765470102038));
#10304=CARTESIAN_POINT('Ctrl Pts',(11.5,-20.2588805667433,-5.3765470102038));
#10305=CARTESIAN_POINT('Ctrl Pts',(12.,-20.2963957334785,-5.43268698515909));
#10306=CARTESIAN_POINT('Ctrl Pts',(11.5,-20.2963957334785,-5.43268698515909));
#10307=CARTESIAN_POINT('Ctrl Pts',(12.,-20.370128481392,-5.54302514920015));
#10308=CARTESIAN_POINT('Ctrl Pts',(11.5,-20.370128481392,-5.54302514920015));
#10309=CARTESIAN_POINT('Ctrl Pts',(12.,-20.4809534019358,-5.61591250775263));
#10310=CARTESIAN_POINT('Ctrl Pts',(11.5,-20.4809534019358,-5.61591250775263));
#10311=CARTESIAN_POINT('Ctrl Pts',(12.,-20.5353906861815,-5.65171483304163));
#10312=CARTESIAN_POINT('Ctrl Pts',(11.5,-20.5353906861815,-5.65171483304163));
#10313=CARTESIAN_POINT('',(11.5,-20.2588805667433,-5.3765470102038));
#10314=CARTESIAN_POINT('',(12.,-20.2588805667433,-5.3765470102038));
#10315=CARTESIAN_POINT('',(11.5,-20.5353906861815,-5.65171483304163));
#10316=CARTESIAN_POINT('Ctrl Pts',(11.5,-20.2588805667433,-5.3765470102038));
#10317=CARTESIAN_POINT('Ctrl Pts',(11.5,-20.2963957334785,-5.43268698515909));
#10318=CARTESIAN_POINT('Ctrl Pts',(11.5,-20.370128481392,-5.54302514920015));
#10319=CARTESIAN_POINT('Ctrl Pts',(11.5,-20.4809534019358,-5.61591250775263));
#10320=CARTESIAN_POINT('Ctrl Pts',(11.5,-20.5353906861815,-5.65171483304163));
#10321=CARTESIAN_POINT('',(12.,-20.5353906861815,-5.65171483304163));
#10322=CARTESIAN_POINT('Ctrl Pts',(12.,-20.1528403274092,-4.94433227326533));
#10323=CARTESIAN_POINT('Ctrl Pts',(11.5,-20.1528403274092,-4.94433227326533));
#10324=CARTESIAN_POINT('Ctrl Pts',(12.,-20.1563093538407,-5.02376372753203));
#10325=CARTESIAN_POINT('Ctrl Pts',(11.5,-20.1563093538407,-5.02376372753203));
#10326=CARTESIAN_POINT('Ctrl Pts',(12.,-20.1629183321007,-5.17509170521702));
#10327=CARTESIAN_POINT('Ctrl Pts',(11.5,-20.1629183321007,-5.17509170521702));
#10328=CARTESIAN_POINT('Ctrl Pts',(12.,-20.2279728885263,-5.31166194614886));
#10329=CARTESIAN_POINT('Ctrl Pts',(11.5,-20.2279728885263,-5.31166194614886));
#10330=CARTESIAN_POINT('Ctrl Pts',(12.,-20.2588805667433,-5.3765470102038));
#10331=CARTESIAN_POINT('Ctrl Pts',(11.5,-20.2588805667433,-5.3765470102038));
#10332=CARTESIAN_POINT('',(11.5,-20.1528403274092,-4.94433227326533));
#10333=CARTESIAN_POINT('',(12.,-20.1528403274092,-4.94433227326533));
#10334=CARTESIAN_POINT('Ctrl Pts',(11.5,-20.1528403274092,-4.94433227326533));
#10335=CARTESIAN_POINT('Ctrl Pts',(11.5,-20.1563093538407,-5.02376372753203));
#10336=CARTESIAN_POINT('Ctrl Pts',(11.5,-20.1629183321007,-5.17509170521702));
#10337=CARTESIAN_POINT('Ctrl Pts',(11.5,-20.2279728885263,-5.31166194614886));
#10338=CARTESIAN_POINT('Ctrl Pts',(11.5,-20.2588805667433,-5.3765470102038));
#10339=CARTESIAN_POINT('Ctrl Pts',(12.,-20.2145853749785,-4.60607710625788));
#10340=CARTESIAN_POINT('Ctrl Pts',(11.5,-20.2145853749785,-4.60607710625788));
#10341=CARTESIAN_POINT('Ctrl Pts',(12.,-20.1965863921955,-4.65839388848924));
#10342=CARTESIAN_POINT('Ctrl Pts',(11.5,-20.1965863921955,-4.65839388848924));
#10343=CARTESIAN_POINT('Ctrl Pts',(12.,-20.1588970848769,-4.76794359511477));
#10344=CARTESIAN_POINT('Ctrl Pts',(11.5,-20.1588970848769,-4.76794359511477));
#10345=CARTESIAN_POINT('Ctrl Pts',(12.,-20.1549187569202,-4.88380294944511));
#10346=CARTESIAN_POINT('Ctrl Pts',(11.5,-20.1549187569202,-4.88380294944511));
#10347=CARTESIAN_POINT('Ctrl Pts',(12.,-20.1528403274092,-4.94433227326533));
#10348=CARTESIAN_POINT('Ctrl Pts',(11.5,-20.1528403274092,-4.94433227326533));
#10349=CARTESIAN_POINT('',(11.5,-20.2145853749785,-4.60607710625788));
#10350=CARTESIAN_POINT('',(12.,-20.2145853749785,-4.60607710625788));
#10351=CARTESIAN_POINT('Ctrl Pts',(11.5,-20.2145853749785,-4.60607710625788));
#10352=CARTESIAN_POINT('Ctrl Pts',(11.5,-20.1965863921955,-4.65839388848924));
#10353=CARTESIAN_POINT('Ctrl Pts',(11.5,-20.1588970848769,-4.76794359511477));
#10354=CARTESIAN_POINT('Ctrl Pts',(11.5,-20.1549187569202,-4.88380294944511));
#10355=CARTESIAN_POINT('Ctrl Pts',(11.5,-20.1528403274092,-4.94433227326533));
#10356=CARTESIAN_POINT('Ctrl Pts',(12.,-20.3810283652815,-4.35507032420298));
#10357=CARTESIAN_POINT('Ctrl Pts',(11.5,-20.3810283652815,-4.35507032420298));
#10358=CARTESIAN_POINT('Ctrl Pts',(12.,-20.3477067268966,-4.39188001077139));
#10359=CARTESIAN_POINT('Ctrl Pts',(11.5,-20.3477067268966,-4.39188001077139));
#10360=CARTESIAN_POINT('Ctrl Pts',(12.,-20.2795879750606,-4.46712930900651));
#10361=CARTESIAN_POINT('Ctrl Pts',(11.5,-20.2795879750606,-4.46712930900651));
#10362=CARTESIAN_POINT('Ctrl Pts',(12.,-20.2365635495132,-4.55909715568136));
#10363=CARTESIAN_POINT('Ctrl Pts',(11.5,-20.2365635495132,-4.55909715568136));
#10364=CARTESIAN_POINT('Ctrl Pts',(12.,-20.2145853749785,-4.60607710625788));
#10365=CARTESIAN_POINT('Ctrl Pts',(11.5,-20.2145853749785,-4.60607710625788));
#10366=CARTESIAN_POINT('',(11.5,-20.3810283652815,-4.35507032420298));
#10367=CARTESIAN_POINT('',(12.,-20.3810283652815,-4.35507032420298));
#10368=CARTESIAN_POINT('Ctrl Pts',(11.5,-20.3810283652815,-4.35507032420298));
#10369=CARTESIAN_POINT('Ctrl Pts',(11.5,-20.3477067268966,-4.39188001077139));
#10370=CARTESIAN_POINT('Ctrl Pts',(11.5,-20.2795879750606,-4.46712930900651));
#10371=CARTESIAN_POINT('Ctrl Pts',(11.5,-20.2365635495132,-4.55909715568136));
#10372=CARTESIAN_POINT('Ctrl Pts',(11.5,-20.2145853749785,-4.60607710625788));
#10373=CARTESIAN_POINT('Ctrl Pts',(12.,-20.6199547759566,-4.19802341010233));
#10374=CARTESIAN_POINT('Ctrl Pts',(11.5,-20.6199547759566,-4.19802341010233));
#10375=CARTESIAN_POINT('Ctrl Pts',(12.,-20.5763645512342,-4.21806689810368));
#10376=CARTESIAN_POINT('Ctrl Pts',(11.5,-20.5763645512342,-4.21806689810368));
#10377=CARTESIAN_POINT('Ctrl Pts',(12.,-20.4887896549332,-4.25833524712928));
#10378=CARTESIAN_POINT('Ctrl Pts',(11.5,-20.4887896549332,-4.25833524712928));
#10379=CARTESIAN_POINT('Ctrl Pts',(12.,-20.4170564931525,-4.3227286202601));
#10380=CARTESIAN_POINT('Ctrl Pts',(11.5,-20.4170564931525,-4.3227286202601));
#10381=CARTESIAN_POINT('Ctrl Pts',(12.,-20.3810283652815,-4.35507032420298));
#10382=CARTESIAN_POINT('Ctrl Pts',(11.5,-20.3810283652815,-4.35507032420298));
#10383=CARTESIAN_POINT('',(11.5,-20.6199547759566,-4.19802341010233));
#10384=CARTESIAN_POINT('',(12.,-20.6199547759566,-4.19802341010233));
#10385=CARTESIAN_POINT('Ctrl Pts',(11.5,-20.6199547759566,-4.19802341010233));
#10386=CARTESIAN_POINT('Ctrl Pts',(11.5,-20.5763645512342,-4.21806689810368));
#10387=CARTESIAN_POINT('Ctrl Pts',(11.5,-20.4887896549332,-4.25833524712928));
#10388=CARTESIAN_POINT('Ctrl Pts',(11.5,-20.4170564931525,-4.3227286202601));
#10389=CARTESIAN_POINT('Ctrl Pts',(11.5,-20.3810283652815,-4.35507032420298));
#10390=CARTESIAN_POINT('Ctrl Pts',(12.,-20.8991494885954,-4.14433214213511));
#10391=CARTESIAN_POINT('Ctrl Pts',(11.5,-20.8991494885954,-4.14433214213511));
#10392=CARTESIAN_POINT('Ctrl Pts',(12.,-20.8512906809128,-4.14656296392607));
#10393=CARTESIAN_POINT('Ctrl Pts',(11.5,-20.8512906809128,-4.14656296392607));
#10394=CARTESIAN_POINT('Ctrl Pts',(12.,-20.7556404879917,-4.15102146477491));
#10395=CARTESIAN_POINT('Ctrl Pts',(11.5,-20.7556404879917,-4.15102146477491));
#10396=CARTESIAN_POINT('Ctrl Pts',(12.,-20.6651620876609,-4.18236345916676));
#10397=CARTESIAN_POINT('Ctrl Pts',(11.5,-20.6651620876609,-4.18236345916676));
#10398=CARTESIAN_POINT('Ctrl Pts',(12.,-20.6199547759566,-4.19802341010233));
#10399=CARTESIAN_POINT('Ctrl Pts',(11.5,-20.6199547759566,-4.19802341010233));
#10400=CARTESIAN_POINT('',(11.5,-20.8991494885954,-4.14433214213511));
#10401=CARTESIAN_POINT('',(12.,-20.8991494885954,-4.14433214213511));
#10402=CARTESIAN_POINT('Ctrl Pts',(11.5,-20.8991494885954,-4.14433214213511));
#10403=CARTESIAN_POINT('Ctrl Pts',(11.5,-20.8512906809128,-4.14656296392607));
#10404=CARTESIAN_POINT('Ctrl Pts',(11.5,-20.7556404879917,-4.15102146477491));
#10405=CARTESIAN_POINT('Ctrl Pts',(11.5,-20.6651620876609,-4.18236345916676));
#10406=CARTESIAN_POINT('Ctrl Pts',(11.5,-20.6199547759566,-4.19802341010233));
#10407=CARTESIAN_POINT('Ctrl Pts',(12.,-21.2642499915633,-4.23963415767809));
#10408=CARTESIAN_POINT('Ctrl Pts',(11.5,-21.2642499915633,-4.23963415767809));
#10409=CARTESIAN_POINT('Ctrl Pts',(12.,-21.2062236741032,-4.21183786451365));
#10410=CARTESIAN_POINT('Ctrl Pts',(11.5,-21.2062236741032,-4.21183786451365));
#10411=CARTESIAN_POINT('Ctrl Pts',(12.,-21.0906666498528,-4.15648269010536));
#10412=CARTESIAN_POINT('Ctrl Pts',(11.5,-21.0906666498528,-4.15648269010536));
#10413=CARTESIAN_POINT('Ctrl Pts',(12.,-20.9628057488246,-4.14837072770334));
#10414=CARTESIAN_POINT('Ctrl Pts',(11.5,-20.9628057488246,-4.14837072770334));
#10415=CARTESIAN_POINT('Ctrl Pts',(12.,-20.8991494885954,-4.14433214213511));
#10416=CARTESIAN_POINT('Ctrl Pts',(11.5,-20.8991494885954,-4.14433214213511));
#10417=CARTESIAN_POINT('',(11.5,-21.2642499915633,-4.23963415767809));
#10418=CARTESIAN_POINT('',(12.,-21.2642499915633,-4.23963415767809));
#10419=CARTESIAN_POINT('Ctrl Pts',(11.5,-21.2642499915633,-4.23963415767809));
#10420=CARTESIAN_POINT('Ctrl Pts',(11.5,-21.2062236741032,-4.21183786451365));
#10421=CARTESIAN_POINT('Ctrl Pts',(11.5,-21.0906666498528,-4.15648269010536));
#10422=CARTESIAN_POINT('Ctrl Pts',(11.5,-20.9628057488246,-4.14837072770334));
#10423=CARTESIAN_POINT('Ctrl Pts',(11.5,-20.8991494885954,-4.14433214213511));
#10424=CARTESIAN_POINT('Ctrl Pts',(12.,-21.5421024076018,-4.51345968391558));
#10425=CARTESIAN_POINT('Ctrl Pts',(11.5,-21.5421024076018,-4.51345968391558));
#10426=CARTESIAN_POINT('Ctrl Pts',(12.,-21.504443480278,-4.45765904956004));
#10427=CARTESIAN_POINT('Ctrl Pts',(11.5,-21.504443480278,-4.45765904956004));
#10428=CARTESIAN_POINT('Ctrl Pts',(12.,-21.4302065609354,-4.34765944292497));
#10429=CARTESIAN_POINT('Ctrl Pts',(11.5,-21.4302065609354,-4.34765944292497));
#10430=CARTESIAN_POINT('Ctrl Pts',(12.,-21.3190292446023,-4.27529134472128));
#10431=CARTESIAN_POINT('Ctrl Pts',(11.5,-21.3190292446023,-4.27529134472128));
#10432=CARTESIAN_POINT('Ctrl Pts',(12.,-21.2642499915633,-4.23963415767809));
#10433=CARTESIAN_POINT('Ctrl Pts',(11.5,-21.2642499915633,-4.23963415767809));
#10434=CARTESIAN_POINT('',(11.5,-21.5421024076018,-4.51345968391558));
#10435=CARTESIAN_POINT('',(12.,-21.5421024076018,-4.51345968391558));
#10436=CARTESIAN_POINT('Ctrl Pts',(11.5,-21.5421024076018,-4.51345968391558));
#10437=CARTESIAN_POINT('Ctrl Pts',(11.5,-21.504443480278,-4.45765904956004));
#10438=CARTESIAN_POINT('Ctrl Pts',(11.5,-21.4302065609354,-4.34765944292497));
#10439=CARTESIAN_POINT('Ctrl Pts',(11.5,-21.3190292446023,-4.27529134472128));
#10440=CARTESIAN_POINT('Ctrl Pts',(11.5,-21.2642499915633,-4.23963415767809));
#10441=CARTESIAN_POINT('Ctrl Pts',(12.,-21.6481426469359,-4.94433227326533));
#10442=CARTESIAN_POINT('Ctrl Pts',(11.5,-21.6481426469359,-4.94433227326533));
#10443=CARTESIAN_POINT('Ctrl Pts',(12.,-21.6447040782298,-4.86499950391584));
#10444=CARTESIAN_POINT('Ctrl Pts',(11.5,-21.6447040782298,-4.86499950391584));
#10445=CARTESIAN_POINT('Ctrl Pts',(12.,-21.6381623528119,-4.71407240659931));
#10446=CARTESIAN_POINT('Ctrl Pts',(11.5,-21.6381623528119,-4.71407240659931));
#10447=CARTESIAN_POINT('Ctrl Pts',(12.,-21.5730088572306,-4.57800507788776));
#10448=CARTESIAN_POINT('Ctrl Pts',(11.5,-21.5730088572306,-4.57800507788776));
#10449=CARTESIAN_POINT('Ctrl Pts',(12.,-21.5421024076018,-4.51345968391558));
#10450=CARTESIAN_POINT('Ctrl Pts',(11.5,-21.5421024076018,-4.51345968391558));
#10451=CARTESIAN_POINT('',(11.5,-21.6481426469359,-4.94433227326533));
#10452=CARTESIAN_POINT('',(12.,-21.6481426469359,-4.94433227326533));
#10453=CARTESIAN_POINT('Ctrl Pts',(11.5,-21.6481426469359,-4.94433227326533));
#10454=CARTESIAN_POINT('Ctrl Pts',(11.5,-21.6447040782298,-4.86499950391584));
#10455=CARTESIAN_POINT('Ctrl Pts',(11.5,-21.6381623528119,-4.71407240659931));
#10456=CARTESIAN_POINT('Ctrl Pts',(11.5,-21.5730088572306,-4.57800507788776));
#10457=CARTESIAN_POINT('Ctrl Pts',(11.5,-21.5421024076018,-4.51345968391558));
#10458=CARTESIAN_POINT('Ctrl Pts',(12.,-21.5421024076018,-5.3765470102038));
#10459=CARTESIAN_POINT('Ctrl Pts',(11.5,-21.5421024076018,-5.3765470102038));
#10460=CARTESIAN_POINT('Ctrl Pts',(12.,-21.5730100858188,-5.31166194614886));
#10461=CARTESIAN_POINT('Ctrl Pts',(11.5,-21.5730100858188,-5.31166194614886));
#10462=CARTESIAN_POINT('Ctrl Pts',(12.,-21.6380646422444,-5.17509170521702));
#10463=CARTESIAN_POINT('Ctrl Pts',(11.5,-21.6380646422444,-5.17509170521702));
#10464=CARTESIAN_POINT('Ctrl Pts',(12.,-21.6446736205044,-5.02376372753203));
#10465=CARTESIAN_POINT('Ctrl Pts',(11.5,-21.6446736205044,-5.02376372753203));
#10466=CARTESIAN_POINT('Ctrl Pts',(12.,-21.6481426469359,-4.94433227326533));
#10467=CARTESIAN_POINT('Ctrl Pts',(11.5,-21.6481426469359,-4.94433227326533));
#10468=CARTESIAN_POINT('',(11.5,-21.5421024076018,-5.3765470102038));
#10469=CARTESIAN_POINT('',(12.,-21.5421024076018,-5.3765470102038));
#10470=CARTESIAN_POINT('Ctrl Pts',(11.5,-21.5421024076018,-5.3765470102038));
#10471=CARTESIAN_POINT('Ctrl Pts',(11.5,-21.5730100858188,-5.31166194614886));
#10472=CARTESIAN_POINT('Ctrl Pts',(11.5,-21.6380646422444,-5.17509170521702));
#10473=CARTESIAN_POINT('Ctrl Pts',(11.5,-21.6446736205044,-5.02376372753203));
#10474=CARTESIAN_POINT('Ctrl Pts',(11.5,-21.6481426469359,-4.94433227326533));
#10475=CARTESIAN_POINT('Ctrl Pts',(12.,-21.2642499915633,-5.65171483304163));
#10476=CARTESIAN_POINT('Ctrl Pts',(11.5,-21.2642499915633,-5.65171483304163));
#10477=CARTESIAN_POINT('Ctrl Pts',(12.,-21.3190534439472,-5.61595676343878));
#10478=CARTESIAN_POINT('Ctrl Pts',(11.5,-21.3190534439472,-5.61595676343878));
#10479=CARTESIAN_POINT('Ctrl Pts',(12.,-21.4304461399597,-5.54327543399688));
#10480=CARTESIAN_POINT('Ctrl Pts',(11.5,-21.4304461399597,-5.54327543399688));
#10481=CARTESIAN_POINT('Ctrl Pts',(12.,-21.5044879846123,-5.43271397323567));
#10482=CARTESIAN_POINT('Ctrl Pts',(11.5,-21.5044879846123,-5.43271397323567));
#10483=CARTESIAN_POINT('Ctrl Pts',(12.,-21.5421024076018,-5.3765470102038));
#10484=CARTESIAN_POINT('Ctrl Pts',(11.5,-21.5421024076018,-5.3765470102038));
#10485=CARTESIAN_POINT('',(11.5,-21.2642499915633,-5.65171483304163));
#10486=CARTESIAN_POINT('',(12.,-21.2642499915633,-5.65171483304163));
#10487=CARTESIAN_POINT('Ctrl Pts',(11.5,-21.2642499915633,-5.65171483304163));
#10488=CARTESIAN_POINT('Ctrl Pts',(11.5,-21.3190534439472,-5.61595676343878));
#10489=CARTESIAN_POINT('Ctrl Pts',(11.5,-21.4304461399597,-5.54327543399688));
#10490=CARTESIAN_POINT('Ctrl Pts',(11.5,-21.5044879846123,-5.43271397323567));
#10491=CARTESIAN_POINT('Ctrl Pts',(11.5,-21.5421024076018,-5.3765470102038));
#10492=CARTESIAN_POINT('Ctrl Pts',(12.,-20.8991494885954,-5.74701699759623));
#10493=CARTESIAN_POINT('Ctrl Pts',(11.5,-20.8991494885954,-5.74701699759623));
#10494=CARTESIAN_POINT('Ctrl Pts',(12.,-20.9628057529288,-5.74297842199911));
#10495=CARTESIAN_POINT('Ctrl Pts',(11.5,-20.9628057529288,-5.74297842199911));
#10496=CARTESIAN_POINT('Ctrl Pts',(12.,-21.0906666809348,-5.73486647843665));
#10497=CARTESIAN_POINT('Ctrl Pts',(11.5,-21.0906666809348,-5.73486647843665));
#10498=CARTESIAN_POINT('Ctrl Pts',(12.,-21.2062236788819,-5.67951118833751));
#10499=CARTESIAN_POINT('Ctrl Pts',(11.5,-21.2062236788819,-5.67951118833751));
#10500=CARTESIAN_POINT('Ctrl Pts',(12.,-21.2642499915633,-5.65171483304163));
#10501=CARTESIAN_POINT('Ctrl Pts',(11.5,-21.2642499915633,-5.65171483304163));
#10502=CARTESIAN_POINT('',(11.5,-20.8991494885954,-5.74701699759623));
#10503=CARTESIAN_POINT('',(12.,-20.8991494885954,-5.74701699759623));
#10504=CARTESIAN_POINT('Ctrl Pts',(11.5,-20.8991494885954,-5.74701699759623));
#10505=CARTESIAN_POINT('Ctrl Pts',(11.5,-20.9628057529288,-5.74297842199911));
#10506=CARTESIAN_POINT('Ctrl Pts',(11.5,-21.0906666809348,-5.73486647843665));
#10507=CARTESIAN_POINT('Ctrl Pts',(11.5,-21.2062236788819,-5.67951118833751));
#10508=CARTESIAN_POINT('Ctrl Pts',(11.5,-21.2642499915633,-5.65171483304163));
#10509=CARTESIAN_POINT('Ctrl Pts',(12.,-20.5353906861815,-5.65171483304163));
#10510=CARTESIAN_POINT('Ctrl Pts',(11.5,-20.5353906861815,-5.65171483304163));
#10511=CARTESIAN_POINT('Ctrl Pts',(12.,-20.5930767281836,-5.67951127616458));
#10512=CARTESIAN_POINT('Ctrl Pts',(11.5,-20.5930767281836,-5.67951127616458));
#10513=CARTESIAN_POINT('Ctrl Pts',(12.,-20.7081360043024,-5.73495343363293));
#10514=CARTESIAN_POINT('Ctrl Pts',(11.5,-20.7081360043024,-5.73495343363293));
#10515=CARTESIAN_POINT('Ctrl Pts',(12.,-20.8355938323052,-5.74300310440055));
#10516=CARTESIAN_POINT('Ctrl Pts',(11.5,-20.8355938323052,-5.74300310440055));
#10517=CARTESIAN_POINT('Ctrl Pts',(12.,-20.8991494885954,-5.74701699759623));
#10518=CARTESIAN_POINT('Ctrl Pts',(11.5,-20.8991494885954,-5.74701699759623));
#10519=CARTESIAN_POINT('Ctrl Pts',(11.5,-20.5353906861815,-5.65171483304163));
#10520=CARTESIAN_POINT('Ctrl Pts',(11.5,-20.5930767281836,-5.67951127616458));
#10521=CARTESIAN_POINT('Ctrl Pts',(11.5,-20.7081360043024,-5.73495343363293));
#10522=CARTESIAN_POINT('Ctrl Pts',(11.5,-20.8355938323052,-5.74300310440055));
#10523=CARTESIAN_POINT('Ctrl Pts',(11.5,-20.8991494885954,-5.74701699759623));
#10524=CARTESIAN_POINT('Origin',(11.5,-22.1340482048068,-4.61278858925959));
#10525=CARTESIAN_POINT('Origin',(12.,-17.5541809312377,-4.09332546736857));
#10526=CARTESIAN_POINT('',(12.,-17.5541809312377,-4.09332546736857));
#10527=CARTESIAN_POINT('',(12.,-17.6186111680541,-4.09332546736857));
#10528=CARTESIAN_POINT('',(12.,-29.2270904656188,-4.09332546736857));
#10529=CARTESIAN_POINT('',(11.5,-17.5541809312377,-4.09332546736857));
#10530=CARTESIAN_POINT('',(12.,-17.5541809312377,-4.09332546736857));
#10531=CARTESIAN_POINT('',(11.5,-17.6186111680541,-4.09332546736857));
#10532=CARTESIAN_POINT('',(11.5,-17.5541809312377,-4.09332546736857));
#10533=CARTESIAN_POINT('',(12.,-17.6186111680541,-4.09332546736857));
#10534=CARTESIAN_POINT('Ctrl Pts',(12.,-17.2682765237364,-4.14567443873545));
#10535=CARTESIAN_POINT('Ctrl Pts',(11.5,-17.2682765237364,-4.14567443873545));
#10536=CARTESIAN_POINT('Ctrl Pts',(12.,-17.3124989998046,-4.13041431936295));
#10537=CARTESIAN_POINT('Ctrl Pts',(11.5,-17.3124989998046,-4.13041431936295));
#10538=CARTESIAN_POINT('Ctrl Pts',(12.,-17.4050789998895,-4.09846717441735));
#10539=CARTESIAN_POINT('Ctrl Pts',(11.5,-17.4050789998895,-4.09846717441735));
#10540=CARTESIAN_POINT('Ctrl Pts',(12.,-17.5030220913753,-4.09508965489552));
#10541=CARTESIAN_POINT('Ctrl Pts',(11.5,-17.5030220913753,-4.09508965489552));
#10542=CARTESIAN_POINT('Ctrl Pts',(12.,-17.5541809312377,-4.09332546736857));
#10543=CARTESIAN_POINT('Ctrl Pts',(11.5,-17.5541809312377,-4.09332546736857));
#10544=CARTESIAN_POINT('',(12.,-17.2682765237364,-4.14567443873545));
#10545=CARTESIAN_POINT('Ctrl Pts',(12.,-17.2682765237364,-4.14567443873545));
#10546=CARTESIAN_POINT('Ctrl Pts',(12.,-17.3124989998046,-4.13041431936295));
#10547=CARTESIAN_POINT('Ctrl Pts',(12.,-17.4050789998895,-4.09846717441735));
#10548=CARTESIAN_POINT('Ctrl Pts',(12.,-17.5030220913753,-4.09508965489552));
#10549=CARTESIAN_POINT('Ctrl Pts',(12.,-17.5541809312377,-4.09332546736857));
#10550=CARTESIAN_POINT('',(11.5,-17.2682765237364,-4.14567443873545));
#10551=CARTESIAN_POINT('',(12.,-17.2682765237364,-4.14567443873545));
#10552=CARTESIAN_POINT('Ctrl Pts',(11.5,-17.2682765237364,-4.14567443873545));
#10553=CARTESIAN_POINT('Ctrl Pts',(11.5,-17.3124989998046,-4.13041431936295));
#10554=CARTESIAN_POINT('Ctrl Pts',(11.5,-17.4050789998895,-4.09846717441735));
#10555=CARTESIAN_POINT('Ctrl Pts',(11.5,-17.5030220913753,-4.09508965489552));
#10556=CARTESIAN_POINT('Ctrl Pts',(11.5,-17.5541809312377,-4.09332546736857));
#10557=CARTESIAN_POINT('Ctrl Pts',(12.,-17.0736459008727,-4.32956698681971));
#10558=CARTESIAN_POINT('Ctrl Pts',(11.5,-17.0736459008727,-4.32956698681971));
#10559=CARTESIAN_POINT('Ctrl Pts',(12.,-17.0986373598398,-4.28926273944223));
#10560=CARTESIAN_POINT('Ctrl Pts',(11.5,-17.0986373598398,-4.28926273944223));
#10561=CARTESIAN_POINT('Ctrl Pts',(12.,-17.1473520562157,-4.21069953205885));
#10562=CARTESIAN_POINT('Ctrl Pts',(11.5,-17.1473520562157,-4.21069953205885));
#10563=CARTESIAN_POINT('Ctrl Pts',(12.,-17.2286740709657,-4.16696998991753));
#10564=CARTESIAN_POINT('Ctrl Pts',(11.5,-17.2286740709657,-4.16696998991753));
#10565=CARTESIAN_POINT('Ctrl Pts',(12.,-17.2682765237364,-4.14567443873545));
#10566=CARTESIAN_POINT('Ctrl Pts',(11.5,-17.2682765237364,-4.14567443873545));
#10567=CARTESIAN_POINT('',(12.,-17.0736459008727,-4.32956698681971));
#10568=CARTESIAN_POINT('Ctrl Pts',(12.,-17.0736459008727,-4.32956698681971));
#10569=CARTESIAN_POINT('Ctrl Pts',(12.,-17.0986373598398,-4.28926273944223));
#10570=CARTESIAN_POINT('Ctrl Pts',(12.,-17.1473520562157,-4.21069953205885));
#10571=CARTESIAN_POINT('Ctrl Pts',(12.,-17.2286740709657,-4.16696998991753));
#10572=CARTESIAN_POINT('Ctrl Pts',(12.,-17.2682765237364,-4.14567443873545));
#10573=CARTESIAN_POINT('',(11.5,-17.0736459008727,-4.32956698681971));
#10574=CARTESIAN_POINT('',(12.,-17.0736459008727,-4.32956698681971));
#10575=CARTESIAN_POINT('Ctrl Pts',(11.5,-17.0736459008727,-4.32956698681971));
#10576=CARTESIAN_POINT('Ctrl Pts',(11.5,-17.0986373598398,-4.28926273944223));
#10577=CARTESIAN_POINT('Ctrl Pts',(11.5,-17.1473520562157,-4.21069953205885));
#10578=CARTESIAN_POINT('Ctrl Pts',(11.5,-17.2286740709657,-4.16696998991753));
#10579=CARTESIAN_POINT('Ctrl Pts',(11.5,-17.2682765237364,-4.14567443873545));
#10580=CARTESIAN_POINT('Ctrl Pts',(12.,-17.0038464776549,-4.70003697421214));
#10581=CARTESIAN_POINT('Ctrl Pts',(11.5,-17.0038464776549,-4.70003697421214));
#10582=CARTESIAN_POINT('Ctrl Pts',(12.,-17.0050544015741,-4.62840607533921));
#10583=CARTESIAN_POINT('Ctrl Pts',(11.5,-17.0050544015741,-4.62840607533921));
#10584=CARTESIAN_POINT('Ctrl Pts',(12.,-17.0072092423909,-4.50062221232193));
#10585=CARTESIAN_POINT('Ctrl Pts',(11.5,-17.0072092423909,-4.50062221232193));
#10586=CARTESIAN_POINT('Ctrl Pts',(12.,-17.0533638542637,-4.3817874045172));
#10587=CARTESIAN_POINT('Ctrl Pts',(11.5,-17.0533638542637,-4.3817874045172));
#10588=CARTESIAN_POINT('Ctrl Pts',(12.,-17.0736459008727,-4.32956698681971));
#10589=CARTESIAN_POINT('Ctrl Pts',(11.5,-17.0736459008727,-4.32956698681971));
#10590=CARTESIAN_POINT('',(12.,-17.0038464776549,-4.70003697421214));
#10591=CARTESIAN_POINT('Ctrl Pts',(12.,-17.0038464776549,-4.70003697421214));
#10592=CARTESIAN_POINT('Ctrl Pts',(12.,-17.0050544015741,-4.62840607533921));
#10593=CARTESIAN_POINT('Ctrl Pts',(12.,-17.0072092423909,-4.50062221232193));
#10594=CARTESIAN_POINT('Ctrl Pts',(12.,-17.0533638542637,-4.3817874045172));
#10595=CARTESIAN_POINT('Ctrl Pts',(12.,-17.0736459008727,-4.32956698681971));
#10596=CARTESIAN_POINT('',(11.5,-17.0038464776549,-4.70003697421214));
#10597=CARTESIAN_POINT('',(12.,-17.0038464776549,-4.70003697421214));
#10598=CARTESIAN_POINT('Ctrl Pts',(11.5,-17.0038464776549,-4.70003697421214));
#10599=CARTESIAN_POINT('Ctrl Pts',(11.5,-17.0050544015741,-4.62840607533921));
#10600=CARTESIAN_POINT('Ctrl Pts',(11.5,-17.0072092423909,-4.50062221232193));
#10601=CARTESIAN_POINT('Ctrl Pts',(11.5,-17.0533638542637,-4.3817874045172));
#10602=CARTESIAN_POINT('Ctrl Pts',(11.5,-17.0736459008727,-4.32956698681971));
#10603=CARTESIAN_POINT('Ctrl Pts',(12.,-17.0736459008727,-5.07319125678202));
#10604=CARTESIAN_POINT('Ctrl Pts',(11.5,-17.0736459008727,-5.07319125678202));
#10605=CARTESIAN_POINT('Ctrl Pts',(12.,-17.0533513945161,-5.01984605748892));
#10606=CARTESIAN_POINT('Ctrl Pts',(11.5,-17.0533513945161,-5.01984605748892));
#10607=CARTESIAN_POINT('Ctrl Pts',(12.,-17.0077339676439,-4.89993820237885));
#10608=CARTESIAN_POINT('Ctrl Pts',(11.5,-17.0077339676439,-4.89993820237885));
#10609=CARTESIAN_POINT('Ctrl Pts',(12.,-17.0052341590467,-4.7713938690997));
#10610=CARTESIAN_POINT('Ctrl Pts',(11.5,-17.0052341590467,-4.7713938690997));
#10611=CARTESIAN_POINT('Ctrl Pts',(12.,-17.0038464776549,-4.70003697421214));
#10612=CARTESIAN_POINT('Ctrl Pts',(11.5,-17.0038464776549,-4.70003697421214));
#10613=CARTESIAN_POINT('',(12.,-17.0736459008727,-5.07319125678202));
#10614=CARTESIAN_POINT('Ctrl Pts',(12.,-17.0736459008727,-5.07319125678202));
#10615=CARTESIAN_POINT('Ctrl Pts',(12.,-17.0533513945161,-5.01984605748892));
#10616=CARTESIAN_POINT('Ctrl Pts',(12.,-17.0077339676439,-4.89993820237885));
#10617=CARTESIAN_POINT('Ctrl Pts',(12.,-17.0052341590467,-4.7713938690997));
#10618=CARTESIAN_POINT('Ctrl Pts',(12.,-17.0038464776549,-4.70003697421214));
#10619=CARTESIAN_POINT('',(11.5,-17.0736459008727,-5.07319125678202));
#10620=CARTESIAN_POINT('',(12.,-17.0736459008727,-5.07319125678202));
#10621=CARTESIAN_POINT('Ctrl Pts',(11.5,-17.0736459008727,-5.07319125678202));
#10622=CARTESIAN_POINT('Ctrl Pts',(11.5,-17.0533513945161,-5.01984605748892));
#10623=CARTESIAN_POINT('Ctrl Pts',(11.5,-17.0077339676439,-4.89993820237885));
#10624=CARTESIAN_POINT('Ctrl Pts',(11.5,-17.0052341590467,-4.7713938690997));
#10625=CARTESIAN_POINT('Ctrl Pts',(11.5,-17.0038464776549,-4.70003697421214));
#10626=CARTESIAN_POINT('Ctrl Pts',(12.,-17.2682765237364,-5.26647988106867));
#10627=CARTESIAN_POINT('Ctrl Pts',(11.5,-17.2682765237364,-5.26647988106867));
#10628=CARTESIAN_POINT('Ctrl Pts',(12.,-17.2286208142981,-5.24365489738233));
#10629=CARTESIAN_POINT('Ctrl Pts',(11.5,-17.2286208142981,-5.24365489738233));
#10630=CARTESIAN_POINT('Ctrl Pts',(12.,-17.1467462742661,-5.19652965193791));
#10631=CARTESIAN_POINT('Ctrl Pts',(11.5,-17.1467462742661,-5.19652965193791));
#10632=CARTESIAN_POINT('Ctrl Pts',(12.,-17.0985159826915,-5.11515323093521));
#10633=CARTESIAN_POINT('Ctrl Pts',(11.5,-17.0985159826915,-5.11515323093521));
#10634=CARTESIAN_POINT('Ctrl Pts',(12.,-17.0736459008727,-5.07319125678202));
#10635=CARTESIAN_POINT('Ctrl Pts',(11.5,-17.0736459008727,-5.07319125678202));
#10636=CARTESIAN_POINT('',(12.,-17.2682765237364,-5.26647988106867));
#10637=CARTESIAN_POINT('Ctrl Pts',(12.,-17.2682765237364,-5.26647988106867));
#10638=CARTESIAN_POINT('Ctrl Pts',(12.,-17.2286208142981,-5.24365489738233));
#10639=CARTESIAN_POINT('Ctrl Pts',(12.,-17.1467462742661,-5.19652965193791));
#10640=CARTESIAN_POINT('Ctrl Pts',(12.,-17.0985159826915,-5.11515323093521));
#10641=CARTESIAN_POINT('Ctrl Pts',(12.,-17.0736459008727,-5.07319125678202));
#10642=CARTESIAN_POINT('',(11.5,-17.2682765237364,-5.26647988106867));
#10643=CARTESIAN_POINT('',(12.,-17.2682765237364,-5.26647988106867));
#10644=CARTESIAN_POINT('Ctrl Pts',(11.5,-17.2682765237364,-5.26647988106867));
#10645=CARTESIAN_POINT('Ctrl Pts',(11.5,-17.2286208142981,-5.24365489738233));
#10646=CARTESIAN_POINT('Ctrl Pts',(11.5,-17.1467462742661,-5.19652965193791));
#10647=CARTESIAN_POINT('Ctrl Pts',(11.5,-17.0985159826915,-5.11515323093521));
#10648=CARTESIAN_POINT('Ctrl Pts',(11.5,-17.0736459008727,-5.07319125678202));
#10649=CARTESIAN_POINT('Ctrl Pts',(12.,-17.5541809312377,-5.32285574223658));
#10650=CARTESIAN_POINT('Ctrl Pts',(11.5,-17.5541809312377,-5.32285574223658));
#10651=CARTESIAN_POINT('Ctrl Pts',(12.,-17.5029512022944,-5.32092534815598));
#10652=CARTESIAN_POINT('Ctrl Pts',(11.5,-17.5029512022944,-5.32092534815598));
#10653=CARTESIAN_POINT('Ctrl Pts',(12.,-17.4046047068204,-5.31721954106649));
#10654=CARTESIAN_POINT('Ctrl Pts',(11.5,-17.4046047068204,-5.31721954106649));
#10655=CARTESIAN_POINT('Ctrl Pts',(12.,-17.3124343618421,-5.28291488108875));
#10656=CARTESIAN_POINT('Ctrl Pts',(11.5,-17.3124343618421,-5.28291488108875));
#10657=CARTESIAN_POINT('Ctrl Pts',(12.,-17.2682765237364,-5.26647988106867));
#10658=CARTESIAN_POINT('Ctrl Pts',(11.5,-17.2682765237364,-5.26647988106867));
#10659=CARTESIAN_POINT('',(12.,-17.5541809312377,-5.32285574223658));
#10660=CARTESIAN_POINT('Ctrl Pts',(12.,-17.5541809312377,-5.32285574223658));
#10661=CARTESIAN_POINT('Ctrl Pts',(12.,-17.5029512022944,-5.32092534815598));
#10662=CARTESIAN_POINT('Ctrl Pts',(12.,-17.4046047068204,-5.31721954106649));
#10663=CARTESIAN_POINT('Ctrl Pts',(12.,-17.3124343618421,-5.28291488108875));
#10664=CARTESIAN_POINT('Ctrl Pts',(12.,-17.2682765237364,-5.26647988106867));
#10665=CARTESIAN_POINT('',(11.5,-17.5541809312377,-5.32285574223658));
#10666=CARTESIAN_POINT('',(12.,-17.5541809312377,-5.32285574223658));
#10667=CARTESIAN_POINT('Ctrl Pts',(11.5,-17.5541809312377,-5.32285574223658));
#10668=CARTESIAN_POINT('Ctrl Pts',(11.5,-17.5029512022944,-5.32092534815598));
#10669=CARTESIAN_POINT('Ctrl Pts',(11.5,-17.4046047068204,-5.31721954106649));
#10670=CARTESIAN_POINT('Ctrl Pts',(11.5,-17.3124343618421,-5.28291488108875));
#10671=CARTESIAN_POINT('Ctrl Pts',(11.5,-17.2682765237364,-5.26647988106867));
#10672=CARTESIAN_POINT('Origin',(12.,-17.6186111680541,-5.32285574223658));
#10673=CARTESIAN_POINT('',(12.,-17.6186111680541,-5.32285574223658));
#10674=CARTESIAN_POINT('',(12.,-29.259305584027,-5.32285574223658));
#10675=CARTESIAN_POINT('',(11.5,-17.6186111680541,-5.32285574223658));
#10676=CARTESIAN_POINT('',(12.,-17.6186111680541,-5.32285574223658));
#10677=CARTESIAN_POINT('',(11.5,-17.6186111680541,-5.32285574223658));
#10678=CARTESIAN_POINT('Origin',(12.,-17.6186111680541,-4.09332546736857));
#10679=CARTESIAN_POINT('',(12.,-17.6186111680541,-2.04666273368428));
#10680=CARTESIAN_POINT('',(11.5,-17.6186111680541,-4.09332546736857));
#10681=CARTESIAN_POINT('Ctrl Pts',(12.,-16.9837120286498,-5.60205045487544));
#10682=CARTESIAN_POINT('Ctrl Pts',(11.5,-16.9837120286498,-5.60205045487544));
#10683=CARTESIAN_POINT('Ctrl Pts',(12.,-17.0625114231229,-5.63335316302232));
#10684=CARTESIAN_POINT('Ctrl Pts',(11.5,-17.0625114231229,-5.63335316302232));
#10685=CARTESIAN_POINT('Ctrl Pts',(12.,-17.2275036639316,-5.69889559510652));
#10686=CARTESIAN_POINT('Ctrl Pts',(11.5,-17.2275036639316,-5.69889559510652));
#10687=CARTESIAN_POINT('Ctrl Pts',(12.,-17.4050537335979,-5.70581713869477));
#10688=CARTESIAN_POINT('Ctrl Pts',(11.5,-17.4050537335979,-5.70581713869477));
#10689=CARTESIAN_POINT('Ctrl Pts',(12.,-17.4978068582091,-5.70943299080988));
#10690=CARTESIAN_POINT('Ctrl Pts',(11.5,-17.4978068582091,-5.70943299080988));
#10691=CARTESIAN_POINT('',(11.5,-16.9837120286498,-5.60205045487544));
#10692=CARTESIAN_POINT('',(12.,-16.9837120286498,-5.60205045487544));
#10693=CARTESIAN_POINT('',(11.5,-17.4978068582091,-5.70943299080988));
#10694=CARTESIAN_POINT('Ctrl Pts',(11.5,-16.9837120286498,-5.60205045487544));
#10695=CARTESIAN_POINT('Ctrl Pts',(11.5,-17.0625114231229,-5.63335316302232));
#10696=CARTESIAN_POINT('Ctrl Pts',(11.5,-17.2275036639316,-5.69889559510652));
#10697=CARTESIAN_POINT('Ctrl Pts',(11.5,-17.4050537335979,-5.70581713869477));
#10698=CARTESIAN_POINT('Ctrl Pts',(11.5,-17.4978068582091,-5.70943299080988));
#10699=CARTESIAN_POINT('',(12.,-17.4978068582091,-5.70943299080988));
#10700=CARTESIAN_POINT('Ctrl Pts',(12.,-16.6374042741332,-5.2705067708697));
#10701=CARTESIAN_POINT('Ctrl Pts',(11.5,-16.6374042741332,-5.2705067708697));
#10702=CARTESIAN_POINT('Ctrl Pts',(12.,-16.6826221196252,-5.34015630005071));
#10703=CARTESIAN_POINT('Ctrl Pts',(11.5,-16.6826221196252,-5.34015630005071));
#10704=CARTESIAN_POINT('Ctrl Pts',(12.,-16.7720614981894,-5.47792072777705));
#10705=CARTESIAN_POINT('Ctrl Pts',(11.5,-16.7720614981894,-5.47792072777705));
#10706=CARTESIAN_POINT('Ctrl Pts',(12.,-16.9136877349509,-5.56098230140475));
#10707=CARTESIAN_POINT('Ctrl Pts',(11.5,-16.9136877349509,-5.56098230140475));
#10708=CARTESIAN_POINT('Ctrl Pts',(12.,-16.9837120286498,-5.60205045487544));
#10709=CARTESIAN_POINT('Ctrl Pts',(11.5,-16.9837120286498,-5.60205045487544));
#10710=CARTESIAN_POINT('',(11.5,-16.6374042741332,-5.2705067708697));
#10711=CARTESIAN_POINT('',(12.,-16.6374042741332,-5.2705067708697));
#10712=CARTESIAN_POINT('Ctrl Pts',(11.5,-16.6374042741332,-5.2705067708697));
#10713=CARTESIAN_POINT('Ctrl Pts',(11.5,-16.6826221196252,-5.34015630005071));
#10714=CARTESIAN_POINT('Ctrl Pts',(11.5,-16.7720614981894,-5.47792072777705));
#10715=CARTESIAN_POINT('Ctrl Pts',(11.5,-16.9136877349509,-5.56098230140475));
#10716=CARTESIAN_POINT('Ctrl Pts',(11.5,-16.9837120286498,-5.60205045487544));
#10717=CARTESIAN_POINT('Ctrl Pts',(12.,-16.5125706903014,-4.70003697421214));
#10718=CARTESIAN_POINT('Ctrl Pts',(11.5,-16.5125706903014,-4.70003697421214));
#10719=CARTESIAN_POINT('Ctrl Pts',(12.,-16.5159421423417,-4.80690646512335));
#10720=CARTESIAN_POINT('Ctrl Pts',(11.5,-16.5159421423417,-4.80690646512335));
#10721=CARTESIAN_POINT('Ctrl Pts',(12.,-16.5221968266706,-5.00516968288448));
#10722=CARTESIAN_POINT('Ctrl Pts',(11.5,-16.5221968266706,-5.00516968288448));
#10723=CARTESIAN_POINT('Ctrl Pts',(12.,-16.6010535558771,-5.18678654322235));
#10724=CARTESIAN_POINT('Ctrl Pts',(11.5,-16.6010535558771,-5.18678654322235));
#10725=CARTESIAN_POINT('Ctrl Pts',(12.,-16.6374042741332,-5.2705067708697));
#10726=CARTESIAN_POINT('Ctrl Pts',(11.5,-16.6374042741332,-5.2705067708697));
#10727=CARTESIAN_POINT('',(11.5,-16.5125706903014,-4.70003697421214));
#10728=CARTESIAN_POINT('',(12.,-16.5125706903014,-4.70003697421214));
#10729=CARTESIAN_POINT('Ctrl Pts',(11.5,-16.5125706903014,-4.70003697421214));
#10730=CARTESIAN_POINT('Ctrl Pts',(11.5,-16.5159421423417,-4.80690646512335));
#10731=CARTESIAN_POINT('Ctrl Pts',(11.5,-16.5221968266706,-5.00516968288448));
#10732=CARTESIAN_POINT('Ctrl Pts',(11.5,-16.6010535558771,-5.18678654322235));
#10733=CARTESIAN_POINT('Ctrl Pts',(11.5,-16.6374042741332,-5.2705067708697));
#10734=CARTESIAN_POINT('Ctrl Pts',(12.,-16.6387465707335,-4.13359391834399));
#10735=CARTESIAN_POINT('Ctrl Pts',(11.5,-16.6387465707335,-4.13359391834399));
#10736=CARTESIAN_POINT('Ctrl Pts',(12.,-16.6020161081641,-4.21582230207811));
#10737=CARTESIAN_POINT('Ctrl Pts',(11.5,-16.6020161081641,-4.21582230207811));
#10738=CARTESIAN_POINT('Ctrl Pts',(12.,-16.5216856454063,-4.39565788418388));
#10739=CARTESIAN_POINT('Ctrl Pts',(11.5,-16.5216856454063,-4.39565788418388));
#10740=CARTESIAN_POINT('Ctrl Pts',(12.,-16.5157774244234,-4.59295330755682));
#10741=CARTESIAN_POINT('Ctrl Pts',(11.5,-16.5157774244234,-4.59295330755682));
#10742=CARTESIAN_POINT('Ctrl Pts',(12.,-16.5125706903014,-4.70003697421214));
#10743=CARTESIAN_POINT('Ctrl Pts',(11.5,-16.5125706903014,-4.70003697421214));
#10744=CARTESIAN_POINT('',(11.5,-16.6387465707335,-4.13359391834399));
#10745=CARTESIAN_POINT('',(12.,-16.6387465707335,-4.13359391834399));
#10746=CARTESIAN_POINT('Ctrl Pts',(11.5,-16.6387465707335,-4.13359391834399));
#10747=CARTESIAN_POINT('Ctrl Pts',(11.5,-16.6020161081641,-4.21582230207811));
#10748=CARTESIAN_POINT('Ctrl Pts',(11.5,-16.5216856454063,-4.39565788418388));
#10749=CARTESIAN_POINT('Ctrl Pts',(11.5,-16.5157774244234,-4.59295330755682));
#10750=CARTESIAN_POINT('Ctrl Pts',(11.5,-16.5125706903014,-4.70003697421214));
#10751=CARTESIAN_POINT('Ctrl Pts',(12.,-16.9917658082518,-3.81278845812937));
#10752=CARTESIAN_POINT('Ctrl Pts',(11.5,-16.9917658082518,-3.81278845812937));
#10753=CARTESIAN_POINT('Ctrl Pts',(12.,-16.9202973438304,-3.8520763980339));
#10754=CARTESIAN_POINT('Ctrl Pts',(11.5,-16.9202973438304,-3.8520763980339));
#10755=CARTESIAN_POINT('Ctrl Pts',(12.,-16.7770343791038,-3.93083150763761));
#10756=CARTESIAN_POINT('Ctrl Pts',(11.5,-16.7770343791038,-3.93083150763761));
#10757=CARTESIAN_POINT('Ctrl Pts',(12.,-16.6849123901752,-4.06590398274851));
#10758=CARTESIAN_POINT('Ctrl Pts',(11.5,-16.6849123901752,-4.06590398274851));
#10759=CARTESIAN_POINT('Ctrl Pts',(12.,-16.6387465707335,-4.13359391834399));
#10760=CARTESIAN_POINT('Ctrl Pts',(11.5,-16.6387465707335,-4.13359391834399));
#10761=CARTESIAN_POINT('',(11.5,-16.9917658082518,-3.81278845812937));
#10762=CARTESIAN_POINT('',(12.,-16.9917658082518,-3.81278845812937));
#10763=CARTESIAN_POINT('Ctrl Pts',(11.5,-16.9917658082518,-3.81278845812937));
#10764=CARTESIAN_POINT('Ctrl Pts',(11.5,-16.9202973438304,-3.8520763980339));
#10765=CARTESIAN_POINT('Ctrl Pts',(11.5,-16.7770343791038,-3.93083150763761));
#10766=CARTESIAN_POINT('Ctrl Pts',(11.5,-16.6849123901752,-4.06590398274851));
#10767=CARTESIAN_POINT('Ctrl Pts',(11.5,-16.6387465707335,-4.13359391834399));
#10768=CARTESIAN_POINT('Ctrl Pts',(12.,-17.5246527902159,-3.70943281199595));
#10769=CARTESIAN_POINT('Ctrl Pts',(11.5,-17.5246527902159,-3.70943281199595));
#10770=CARTESIAN_POINT('Ctrl Pts',(12.,-17.4281804439777,-3.71275214603379));
#10771=CARTESIAN_POINT('Ctrl Pts',(11.5,-17.4281804439777,-3.71275214603379));
#10772=CARTESIAN_POINT('Ctrl Pts',(12.,-17.2449258564093,-3.71905740566337));
#10773=CARTESIAN_POINT('Ctrl Pts',(11.5,-17.2449258564093,-3.71905740566337));
#10774=CARTESIAN_POINT('Ctrl Pts',(12.,-17.0731243269545,-3.78266593429285));
#10775=CARTESIAN_POINT('Ctrl Pts',(11.5,-17.0731243269545,-3.78266593429285));
#10776=CARTESIAN_POINT('Ctrl Pts',(12.,-16.9917658082518,-3.81278845812937));
#10777=CARTESIAN_POINT('Ctrl Pts',(11.5,-16.9917658082518,-3.81278845812937));
#10778=CARTESIAN_POINT('',(11.5,-17.5246527902159,-3.70943281199595));
#10779=CARTESIAN_POINT('',(12.,-17.5246527902159,-3.70943281199595));
#10780=CARTESIAN_POINT('Ctrl Pts',(11.5,-17.5246527902159,-3.70943281199595));
#10781=CARTESIAN_POINT('Ctrl Pts',(11.5,-17.4281804439777,-3.71275214603379));
#10782=CARTESIAN_POINT('Ctrl Pts',(11.5,-17.2449258564093,-3.71905740566337));
#10783=CARTESIAN_POINT('Ctrl Pts',(11.5,-17.0731243269545,-3.78266593429285));
#10784=CARTESIAN_POINT('Ctrl Pts',(11.5,-16.9917658082518,-3.81278845812937));
#10785=CARTESIAN_POINT('Origin',(12.,-18.0991485826048,-3.70943281199595));
#10786=CARTESIAN_POINT('',(11.5,-18.0991485826048,-3.70943281199595));
#10787=CARTESIAN_POINT('',(12.,-18.0991485826048,-3.70943281199595));
#10788=CARTESIAN_POINT('',(11.5,-18.0991485826048,-3.70943281199595));
#10789=CARTESIAN_POINT('Origin',(12.,-18.0991485826048,-5.70943299080988));
#10790=CARTESIAN_POINT('',(11.5,-18.0991485826048,-5.70943299080988));
#10791=CARTESIAN_POINT('',(12.,-18.0991485826048,-5.70943299080988));
#10792=CARTESIAN_POINT('',(11.5,-18.0991485826048,-5.70943299080988));
#10793=CARTESIAN_POINT('Origin',(12.,-17.4978068582091,-5.70943299080988));
#10794=CARTESIAN_POINT('',(11.5,-17.4978068582091,-5.70943299080988));
#10795=CARTESIAN_POINT('Origin',(11.5,-22.1340482048068,-4.61278858925959));
#10796=CARTESIAN_POINT('Ctrl Pts',(12.,-24.6065318695578,-3.72285562898776));
#10797=CARTESIAN_POINT('Ctrl Pts',(11.5,-24.6065318695578,-3.72285562898776));
#10798=CARTESIAN_POINT('Ctrl Pts',(12.,-24.6091565891643,-3.758115889837));
#10799=CARTESIAN_POINT('Ctrl Pts',(11.5,-24.6091565891643,-3.758115889837));
#10800=CARTESIAN_POINT('Ctrl Pts',(12.,-24.6142295168162,-3.82626517017558));
#10801=CARTESIAN_POINT('Ctrl Pts',(11.5,-24.6142295168162,-3.82626517017558));
#10802=CARTESIAN_POINT('Ctrl Pts',(12.,-24.6588322107339,-3.87783402442598));
#10803=CARTESIAN_POINT('Ctrl Pts',(11.5,-24.6588322107339,-3.87783402442598));
#10804=CARTESIAN_POINT('Ctrl Pts',(12.,-24.6803575865302,-3.90272128727099));
#10805=CARTESIAN_POINT('Ctrl Pts',(11.5,-24.6803575865302,-3.90272128727099));
#10806=CARTESIAN_POINT('',(11.5,-24.6065318695578,-3.72285562898776));
#10807=CARTESIAN_POINT('',(12.,-24.6065318695578,-3.72285562898776));
#10808=CARTESIAN_POINT('',(11.5,-24.6803575865302,-3.90272128727099));
#10809=CARTESIAN_POINT('Ctrl Pts',(11.5,-24.6065318695578,-3.72285562898776));
#10810=CARTESIAN_POINT('Ctrl Pts',(11.5,-24.6091565891643,-3.758115889837));
#10811=CARTESIAN_POINT('Ctrl Pts',(11.5,-24.6142295168162,-3.82626517017558));
#10812=CARTESIAN_POINT('Ctrl Pts',(11.5,-24.6588322107339,-3.87783402442598));
#10813=CARTESIAN_POINT('Ctrl Pts',(11.5,-24.6803575865302,-3.90272128727099));
#10814=CARTESIAN_POINT('',(12.,-24.6803575865302,-3.90272128727099));
#10815=CARTESIAN_POINT('Ctrl Pts',(12.,-24.6803575865302,-3.54567426588198));
#10816=CARTESIAN_POINT('Ctrl Pts',(11.5,-24.6803575865302,-3.54567426588198));
#10817=CARTESIAN_POINT('Ctrl Pts',(12.,-24.6588298362111,-3.57032304474208));
#10818=CARTESIAN_POINT('Ctrl Pts',(11.5,-24.6588298362111,-3.57032304474208));
#10819=CARTESIAN_POINT('Ctrl Pts',(12.,-24.6145360674334,-3.62103839099507));
#10820=CARTESIAN_POINT('Ctrl Pts',(11.5,-24.6145360674334,-3.62103839099507));
#10821=CARTESIAN_POINT('Ctrl Pts',(12.,-24.6092492017191,-3.68828985991699));
#10822=CARTESIAN_POINT('Ctrl Pts',(11.5,-24.6092492017191,-3.68828985991699));
#10823=CARTESIAN_POINT('Ctrl Pts',(12.,-24.6065318695578,-3.72285562898776));
#10824=CARTESIAN_POINT('Ctrl Pts',(11.5,-24.6065318695578,-3.72285562898776));
#10825=CARTESIAN_POINT('',(11.5,-24.6803575865302,-3.54567426588198));
#10826=CARTESIAN_POINT('',(12.,-24.6803575865302,-3.54567426588198));
#10827=CARTESIAN_POINT('Ctrl Pts',(11.5,-24.6803575865302,-3.54567426588198));
#10828=CARTESIAN_POINT('Ctrl Pts',(11.5,-24.6588298362111,-3.57032304474208));
#10829=CARTESIAN_POINT('Ctrl Pts',(11.5,-24.6145360674334,-3.62103839099507));
#10830=CARTESIAN_POINT('Ctrl Pts',(11.5,-24.6092492017191,-3.68828985991699));
#10831=CARTESIAN_POINT('Ctrl Pts',(11.5,-24.6065318695578,-3.72285562898776));
#10832=CARTESIAN_POINT('Ctrl Pts',(12.,-24.8723039142165,-3.47856018092295));
#10833=CARTESIAN_POINT('Ctrl Pts',(11.5,-24.8723039142165,-3.47856018092295));
#10834=CARTESIAN_POINT('Ctrl Pts',(12.,-24.8354142259009,-3.48079678723429));
#10835=CARTESIAN_POINT('Ctrl Pts',(11.5,-24.8354142259009,-3.48079678723429));
#10836=CARTESIAN_POINT('Ctrl Pts',(12.,-24.7649217907431,-3.48507071397574));
#10837=CARTESIAN_POINT('Ctrl Pts',(11.5,-24.7649217907431,-3.48507071397574));
#10838=CARTESIAN_POINT('Ctrl Pts',(12.,-24.7076555794967,-3.52611096070954));
#10839=CARTESIAN_POINT('Ctrl Pts',(11.5,-24.7076555794967,-3.52611096070954));
#10840=CARTESIAN_POINT('Ctrl Pts',(12.,-24.6803575865302,-3.54567426588198));
#10841=CARTESIAN_POINT('Ctrl Pts',(11.5,-24.6803575865302,-3.54567426588198));
#10842=CARTESIAN_POINT('',(11.5,-24.8723039142165,-3.47856018092295));
#10843=CARTESIAN_POINT('',(12.,-24.8723039142165,-3.47856018092295));
#10844=CARTESIAN_POINT('Ctrl Pts',(11.5,-24.8723039142165,-3.47856018092295));
#10845=CARTESIAN_POINT('Ctrl Pts',(11.5,-24.8354142259009,-3.48079678723429));
#10846=CARTESIAN_POINT('Ctrl Pts',(11.5,-24.7649217907431,-3.48507071397574));
#10847=CARTESIAN_POINT('Ctrl Pts',(11.5,-24.7076555794967,-3.52611096070954));
#10848=CARTESIAN_POINT('Ctrl Pts',(11.5,-24.6803575865302,-3.54567426588198));
#10849=CARTESIAN_POINT('Ctrl Pts',(12.,-25.0655925385031,-3.54567426588198));
#10850=CARTESIAN_POINT('Ctrl Pts',(11.5,-25.0655925385031,-3.54567426588198));
#10851=CARTESIAN_POINT('Ctrl Pts',(12.,-25.0384037050433,-3.52611572006599));
#10852=CARTESIAN_POINT('Ctrl Pts',(11.5,-25.0384037050433,-3.52611572006599));
#10853=CARTESIAN_POINT('Ctrl Pts',(12.,-24.9808209471971,-3.48469301580736));
#10854=CARTESIAN_POINT('Ctrl Pts',(11.5,-24.9808209471971,-3.48469301580736));
#10855=CARTESIAN_POINT('Ctrl Pts',(12.,-24.9097940583245,-3.48067893460882));
#10856=CARTESIAN_POINT('Ctrl Pts',(11.5,-24.9097940583245,-3.48067893460882));
#10857=CARTESIAN_POINT('Ctrl Pts',(12.,-24.8723039142165,-3.47856018092295));
#10858=CARTESIAN_POINT('Ctrl Pts',(11.5,-24.8723039142165,-3.47856018092295));
#10859=CARTESIAN_POINT('',(11.5,-25.0655925385031,-3.54567426588198));
#10860=CARTESIAN_POINT('',(12.,-25.0655925385031,-3.54567426588198));
#10861=CARTESIAN_POINT('Ctrl Pts',(11.5,-25.0655925385031,-3.54567426588198));
#10862=CARTESIAN_POINT('Ctrl Pts',(11.5,-25.0384037050433,-3.52611572006599));
#10863=CARTESIAN_POINT('Ctrl Pts',(11.5,-24.9808209471971,-3.48469301580736));
#10864=CARTESIAN_POINT('Ctrl Pts',(11.5,-24.9097940583245,-3.48067893460882));
#10865=CARTESIAN_POINT('Ctrl Pts',(11.5,-24.8723039142165,-3.47856018092295));
#10866=CARTESIAN_POINT('Ctrl Pts',(12.,-25.1380756608519,-3.72285562898776));
#10867=CARTESIAN_POINT('Ctrl Pts',(11.5,-25.1380756608519,-3.72285562898776));
#10868=CARTESIAN_POINT('Ctrl Pts',(12.,-25.1354440179078,-3.68832488292923));
#10869=CARTESIAN_POINT('Ctrl Pts',(11.5,-25.1354440179078,-3.68832488292923));
#10870=CARTESIAN_POINT('Ctrl Pts',(12.,-25.130337486184,-3.62132021932526));
#10871=CARTESIAN_POINT('Ctrl Pts',(11.5,-25.130337486184,-3.62132021932526));
#10872=CARTESIAN_POINT('Ctrl Pts',(12.,-25.086727963518,-3.57036822941041));
#10873=CARTESIAN_POINT('Ctrl Pts',(11.5,-25.086727963518,-3.57036822941041));
#10874=CARTESIAN_POINT('Ctrl Pts',(12.,-25.0655925385031,-3.54567426588198));
#10875=CARTESIAN_POINT('Ctrl Pts',(11.5,-25.0655925385031,-3.54567426588198));
#10876=CARTESIAN_POINT('',(11.5,-25.1380756608519,-3.72285562898776));
#10877=CARTESIAN_POINT('',(12.,-25.1380756608519,-3.72285562898776));
#10878=CARTESIAN_POINT('Ctrl Pts',(11.5,-25.1380756608519,-3.72285562898776));
#10879=CARTESIAN_POINT('Ctrl Pts',(11.5,-25.1354440179078,-3.68832488292923));
#10880=CARTESIAN_POINT('Ctrl Pts',(11.5,-25.130337486184,-3.62132021932526));
#10881=CARTESIAN_POINT('Ctrl Pts',(11.5,-25.086727963518,-3.57036822941041));
#10882=CARTESIAN_POINT('Ctrl Pts',(11.5,-25.0655925385031,-3.54567426588198));
#10883=CARTESIAN_POINT('Ctrl Pts',(12.,-25.0655925385031,-3.90272128727099));
#10884=CARTESIAN_POINT('Ctrl Pts',(11.5,-25.0655925385031,-3.90272128727099));
#10885=CARTESIAN_POINT('Ctrl Pts',(12.,-25.0867252931208,-3.87778924992234));
#10886=CARTESIAN_POINT('Ctrl Pts',(11.5,-25.0867252931208,-3.87778924992234));
#10887=CARTESIAN_POINT('Ctrl Pts',(12.,-25.1306380768102,-3.82598175095511));
#10888=CARTESIAN_POINT('Ctrl Pts',(11.5,-25.1306380768102,-3.82598175095511));
#10889=CARTESIAN_POINT('Ctrl Pts',(12.,-25.1355352314761,-3.75808005511728));
#10890=CARTESIAN_POINT('Ctrl Pts',(11.5,-25.1355352314761,-3.75808005511728));
#10891=CARTESIAN_POINT('Ctrl Pts',(12.,-25.1380756608519,-3.72285562898776));
#10892=CARTESIAN_POINT('Ctrl Pts',(11.5,-25.1380756608519,-3.72285562898776));
#10893=CARTESIAN_POINT('',(11.5,-25.0655925385031,-3.90272128727099));
#10894=CARTESIAN_POINT('',(12.,-25.0655925385031,-3.90272128727099));
#10895=CARTESIAN_POINT('Ctrl Pts',(11.5,-25.0655925385031,-3.90272128727099));
#10896=CARTESIAN_POINT('Ctrl Pts',(11.5,-25.0867252931208,-3.87778924992234));
#10897=CARTESIAN_POINT('Ctrl Pts',(11.5,-25.1306380768102,-3.82598175095511));
#10898=CARTESIAN_POINT('Ctrl Pts',(11.5,-25.1355352314761,-3.75808005511728));
#10899=CARTESIAN_POINT('Ctrl Pts',(11.5,-25.1380756608519,-3.72285562898776));
#10900=CARTESIAN_POINT('Ctrl Pts',(12.,-24.8723039142165,-3.96983552124163));
#10901=CARTESIAN_POINT('Ctrl Pts',(11.5,-24.8723039142165,-3.96983552124163));
#10902=CARTESIAN_POINT('Ctrl Pts',(12.,-24.9097940605184,-3.9677167416218));
#10903=CARTESIAN_POINT('Ctrl Pts',(11.5,-24.9097940605184,-3.9677167416218));
#10904=CARTESIAN_POINT('Ctrl Pts',(12.,-24.9808209630703,-3.96370261075193));
#10905=CARTESIAN_POINT('Ctrl Pts',(11.5,-24.9808209630703,-3.96370261075193));
#10906=CARTESIAN_POINT('Ctrl Pts',(12.,-25.0384037073663,-3.92227985862181));
#10907=CARTESIAN_POINT('Ctrl Pts',(11.5,-25.0384037073663,-3.92227985862181));
#10908=CARTESIAN_POINT('Ctrl Pts',(12.,-25.0655925385031,-3.90272128727099));
#10909=CARTESIAN_POINT('Ctrl Pts',(11.5,-25.0655925385031,-3.90272128727099));
#10910=CARTESIAN_POINT('',(11.5,-24.8723039142165,-3.96983552124163));
#10911=CARTESIAN_POINT('',(12.,-24.8723039142165,-3.96983552124163));
#10912=CARTESIAN_POINT('Ctrl Pts',(11.5,-24.8723039142165,-3.96983552124163));
#10913=CARTESIAN_POINT('Ctrl Pts',(11.5,-24.9097940605184,-3.9677167416218));
#10914=CARTESIAN_POINT('Ctrl Pts',(11.5,-24.9808209630703,-3.96370261075193));
#10915=CARTESIAN_POINT('Ctrl Pts',(11.5,-25.0384037073663,-3.92227985862181));
#10916=CARTESIAN_POINT('Ctrl Pts',(11.5,-25.0655925385031,-3.90272128727099));
#10917=CARTESIAN_POINT('Ctrl Pts',(12.,-24.6803575865302,-3.90272128727099));
#10918=CARTESIAN_POINT('Ctrl Pts',(11.5,-24.6803575865302,-3.90272128727099));
#10919=CARTESIAN_POINT('Ctrl Pts',(12.,-24.7076555731283,-3.92228465413976));
#10920=CARTESIAN_POINT('Ctrl Pts',(11.5,-24.7076555731283,-3.92228465413976));
#10921=CARTESIAN_POINT('Ctrl Pts',(12.,-24.7649217479407,-3.96332501376484));
#10922=CARTESIAN_POINT('Ctrl Pts',(11.5,-24.7649217479407,-3.96332501376484));
#10923=CARTESIAN_POINT('Ctrl Pts',(12.,-24.835414220085,-3.96759892425547));
#10924=CARTESIAN_POINT('Ctrl Pts',(11.5,-24.835414220085,-3.96759892425547));
#10925=CARTESIAN_POINT('Ctrl Pts',(12.,-24.8723039142165,-3.96983552124163));
#10926=CARTESIAN_POINT('Ctrl Pts',(11.5,-24.8723039142165,-3.96983552124163));
#10927=CARTESIAN_POINT('Ctrl Pts',(11.5,-24.6803575865302,-3.90272128727099));
#10928=CARTESIAN_POINT('Ctrl Pts',(11.5,-24.7076555731283,-3.92228465413976));
#10929=CARTESIAN_POINT('Ctrl Pts',(11.5,-24.7649217479407,-3.96332501376484));
#10930=CARTESIAN_POINT('Ctrl Pts',(11.5,-24.835414220085,-3.96759892425547));
#10931=CARTESIAN_POINT('Ctrl Pts',(11.5,-24.8723039142165,-3.96983552124163));
#10932=CARTESIAN_POINT('Origin',(11.5,-22.1340482048068,-4.61278858925959));
#10933=CARTESIAN_POINT('Origin',(12.,-27.2776733449969,-4.6892986014094));
#10934=CARTESIAN_POINT('',(11.5,-27.2776733449969,-4.6892986014094));
#10935=CARTESIAN_POINT('',(12.,-27.2776733449969,-4.6892986014094));
#10936=CARTESIAN_POINT('',(11.5,-27.2776733449969,-5.70943299080988));
#10937=CARTESIAN_POINT('',(11.5,-27.2776733449969,-4.6892986014094));
#10938=CARTESIAN_POINT('',(12.,-27.2776733449969,-5.70943299080988));
#10939=CARTESIAN_POINT('Ctrl Pts',(12.,-27.1488142124686,-4.58594295527598));
#10940=CARTESIAN_POINT('Ctrl Pts',(11.5,-27.1488142124686,-4.58594295527598));
#10941=CARTESIAN_POINT('Ctrl Pts',(12.,-27.170391387091,-4.5994568747978));
#10942=CARTESIAN_POINT('Ctrl Pts',(11.5,-27.170391387091,-4.5994568747978));
#10943=CARTESIAN_POINT('Ctrl Pts',(12.,-27.2173416217346,-4.62886210062594));
#10944=CARTESIAN_POINT('Ctrl Pts',(11.5,-27.2173416217346,-4.62886210062594));
#10945=CARTESIAN_POINT('Ctrl Pts',(12.,-27.2565072678344,-4.66809576532515));
#10946=CARTESIAN_POINT('Ctrl Pts',(11.5,-27.2565072678344,-4.66809576532515));
#10947=CARTESIAN_POINT('Ctrl Pts',(12.,-27.2776733449969,-4.6892986014094));
#10948=CARTESIAN_POINT('Ctrl Pts',(11.5,-27.2776733449969,-4.6892986014094));
#10949=CARTESIAN_POINT('',(11.5,-27.1488142124686,-4.58594295527598));
#10950=CARTESIAN_POINT('',(12.,-27.1488142124686,-4.58594295527598));
#10951=CARTESIAN_POINT('Ctrl Pts',(11.5,-27.1488142124686,-4.58594295527598));
#10952=CARTESIAN_POINT('Ctrl Pts',(11.5,-27.170391387091,-4.5994568747978));
#10953=CARTESIAN_POINT('Ctrl Pts',(11.5,-27.2173416217346,-4.62886210062594));
#10954=CARTESIAN_POINT('Ctrl Pts',(11.5,-27.2565072678344,-4.66809576532515));
#10955=CARTESIAN_POINT('Ctrl Pts',(11.5,-27.2776733449969,-4.6892986014094));
#10956=CARTESIAN_POINT('Ctrl Pts',(12.,-27.0360624901328,-4.55238583829066));
#10957=CARTESIAN_POINT('Ctrl Pts',(11.5,-27.0360624901328,-4.55238583829066));
#10958=CARTESIAN_POINT('Ctrl Pts',(12.,-27.0542421548874,-4.55419557554995));
#10959=CARTESIAN_POINT('Ctrl Pts',(11.5,-27.0542421548874,-4.55419557554995));
#10960=CARTESIAN_POINT('Ctrl Pts',(12.,-27.0938988783395,-4.55814329686283));
#10961=CARTESIAN_POINT('Ctrl Pts',(11.5,-27.0938988783395,-4.55814329686283));
#10962=CARTESIAN_POINT('Ctrl Pts',(12.,-27.1295217719715,-4.57617658920937));
#10963=CARTESIAN_POINT('Ctrl Pts',(11.5,-27.1295217719715,-4.57617658920937));
#10964=CARTESIAN_POINT('Ctrl Pts',(12.,-27.1488142124686,-4.58594295527598));
#10965=CARTESIAN_POINT('Ctrl Pts',(11.5,-27.1488142124686,-4.58594295527598));
#10966=CARTESIAN_POINT('',(11.5,-27.0360624901328,-4.55238583829066));
#10967=CARTESIAN_POINT('',(12.,-27.0360624901328,-4.55238583829066));
#10968=CARTESIAN_POINT('Ctrl Pts',(11.5,-27.0360624901328,-4.55238583829066));
#10969=CARTESIAN_POINT('Ctrl Pts',(11.5,-27.0542421548874,-4.55419557554995));
#10970=CARTESIAN_POINT('Ctrl Pts',(11.5,-27.0938988783395,-4.55814329686283));
#10971=CARTESIAN_POINT('Ctrl Pts',(11.5,-27.1295217719715,-4.57617658920937));
#10972=CARTESIAN_POINT('Ctrl Pts',(11.5,-27.1488142124686,-4.58594295527598));
#10973=CARTESIAN_POINT('Ctrl Pts',(12.,-26.9018343202147,-4.60876169945857));
#10974=CARTESIAN_POINT('Ctrl Pts',(11.5,-26.9018343202147,-4.60876169945857));
#10975=CARTESIAN_POINT('Ctrl Pts',(12.,-26.9191526577506,-4.59234248606946));
#10976=CARTESIAN_POINT('Ctrl Pts',(11.5,-26.9191526577506,-4.59234248606946));
#10977=CARTESIAN_POINT('Ctrl Pts',(12.,-26.9565438434855,-4.55689255583331));
#10978=CARTESIAN_POINT('Ctrl Pts',(11.5,-26.9565438434855,-4.55689255583331));
#10979=CARTESIAN_POINT('Ctrl Pts',(12.,-27.0082857119661,-4.55396008657983));
#10980=CARTESIAN_POINT('Ctrl Pts',(11.5,-27.0082857119661,-4.55396008657983));
#10981=CARTESIAN_POINT('Ctrl Pts',(12.,-27.0360624901328,-4.55238583829066));
#10982=CARTESIAN_POINT('Ctrl Pts',(11.5,-27.0360624901328,-4.55238583829066));
#10983=CARTESIAN_POINT('',(11.5,-26.9018343202147,-4.60876169945857));
#10984=CARTESIAN_POINT('',(12.,-26.9018343202147,-4.60876169945857));
#10985=CARTESIAN_POINT('Ctrl Pts',(11.5,-26.9018343202147,-4.60876169945857));
#10986=CARTESIAN_POINT('Ctrl Pts',(11.5,-26.9191526577506,-4.59234248606946));
#10987=CARTESIAN_POINT('Ctrl Pts',(11.5,-26.9565438434855,-4.55689255583331));
#10988=CARTESIAN_POINT('Ctrl Pts',(11.5,-27.0082857119661,-4.55396008657983));
#10989=CARTESIAN_POINT('Ctrl Pts',(11.5,-27.0360624901328,-4.55238583829066));
#10990=CARTESIAN_POINT('Ctrl Pts',(12.,-26.8588812760386,-4.82352677132746));
#10991=CARTESIAN_POINT('Ctrl Pts',(11.5,-26.8588812760386,-4.82352677132746));
#10992=CARTESIAN_POINT('Ctrl Pts',(12.,-26.8586380414547,-4.77834555403741));
#10993=CARTESIAN_POINT('Ctrl Pts',(11.5,-26.8586380414547,-4.77834555403741));
#10994=CARTESIAN_POINT('Ctrl Pts',(12.,-26.8582342755833,-4.70334539050366));
#10995=CARTESIAN_POINT('Ctrl Pts',(11.5,-26.8582342755833,-4.70334539050366));
#10996=CARTESIAN_POINT('Ctrl Pts',(12.,-26.8894309770662,-4.63566887320572));
#10997=CARTESIAN_POINT('Ctrl Pts',(11.5,-26.8894309770662,-4.63566887320572));
#10998=CARTESIAN_POINT('Ctrl Pts',(12.,-26.9018343202147,-4.60876169945857));
#10999=CARTESIAN_POINT('Ctrl Pts',(11.5,-26.9018343202147,-4.60876169945857));
#11000=CARTESIAN_POINT('',(11.5,-26.8588812760386,-4.82352677132746));
#11001=CARTESIAN_POINT('',(12.,-26.8588812760386,-4.82352677132746));
#11002=CARTESIAN_POINT('Ctrl Pts',(11.5,-26.8588812760386,-4.82352677132746));
#11003=CARTESIAN_POINT('Ctrl Pts',(11.5,-26.8586380414547,-4.77834555403741));
#11004=CARTESIAN_POINT('Ctrl Pts',(11.5,-26.8582342755833,-4.70334539050366));
#11005=CARTESIAN_POINT('Ctrl Pts',(11.5,-26.8894309770662,-4.63566887320572));
#11006=CARTESIAN_POINT('Ctrl Pts',(11.5,-26.9018343202147,-4.60876169945857));
#11007=CARTESIAN_POINT('Origin',(12.,-26.8588812760386,-5.70943299080988));
#11008=CARTESIAN_POINT('',(11.5,-26.8588812760386,-5.70943299080988));
#11009=CARTESIAN_POINT('',(12.,-26.8588812760386,-5.70943299080988));
#11010=CARTESIAN_POINT('',(11.5,-26.8588812760386,-5.70943299080988));
#11011=CARTESIAN_POINT('Origin',(12.,-26.3810289017233,-5.70943299080988));
#11012=CARTESIAN_POINT('',(11.5,-26.3810289017233,-5.70943299080988));
#11013=CARTESIAN_POINT('',(12.,-26.3810289017233,-5.70943299080988));
#11014=CARTESIAN_POINT('',(11.5,-26.3810289017233,-5.70943299080988));
#11015=CARTESIAN_POINT('Origin',(12.,-26.3810289017233,-4.6892986014094));
#11016=CARTESIAN_POINT('',(11.5,-26.3810289017233,-4.6892986014094));
#11017=CARTESIAN_POINT('',(12.,-26.3810289017233,-4.6892986014094));
#11018=CARTESIAN_POINT('',(11.5,-26.3810289017233,-4.6892986014094));
#11019=CARTESIAN_POINT('Ctrl Pts',(12.,-26.249485325006,-4.58594295527598));
#11020=CARTESIAN_POINT('Ctrl Pts',(11.5,-26.249485325006,-4.58594295527598));
#11021=CARTESIAN_POINT('Ctrl Pts',(12.,-26.2712444238455,-4.59949640098245));
#11022=CARTESIAN_POINT('Ctrl Pts',(11.5,-26.2712444238455,-4.59949640098245));
#11023=CARTESIAN_POINT('Ctrl Pts',(12.,-26.3188272180091,-4.62913507407346));
#11024=CARTESIAN_POINT('Ctrl Pts',(11.5,-26.3188272180091,-4.62913507407346));
#11025=CARTESIAN_POINT('Ctrl Pts',(12.,-26.35914694905,-4.66813365250107));
#11026=CARTESIAN_POINT('Ctrl Pts',(11.5,-26.35914694905,-4.66813365250107));
#11027=CARTESIAN_POINT('Ctrl Pts',(12.,-26.3810289017233,-4.6892986014094));
#11028=CARTESIAN_POINT('Ctrl Pts',(11.5,-26.3810289017233,-4.6892986014094));
#11029=CARTESIAN_POINT('',(11.5,-26.249485325006,-4.58594295527598));
#11030=CARTESIAN_POINT('',(12.,-26.249485325006,-4.58594295527598));
#11031=CARTESIAN_POINT('Ctrl Pts',(11.5,-26.249485325006,-4.58594295527598));
#11032=CARTESIAN_POINT('Ctrl Pts',(11.5,-26.2712444238455,-4.59949640098245));
#11033=CARTESIAN_POINT('Ctrl Pts',(11.5,-26.3188272180091,-4.62913507407346));
#11034=CARTESIAN_POINT('Ctrl Pts',(11.5,-26.35914694905,-4.66813365250107));
#11035=CARTESIAN_POINT('Ctrl Pts',(11.5,-26.3810289017233,-4.6892986014094));
#11036=CARTESIAN_POINT('Ctrl Pts',(12.,-26.1367336026702,-4.55238583829066));
#11037=CARTESIAN_POINT('Ctrl Pts',(11.5,-26.1367336026702,-4.55238583829066));
#11038=CARTESIAN_POINT('Ctrl Pts',(12.,-26.1549132674248,-4.55419557554995));
#11039=CARTESIAN_POINT('Ctrl Pts',(11.5,-26.1549132674248,-4.55419557554995));
#11040=CARTESIAN_POINT('Ctrl Pts',(12.,-26.1945699908769,-4.55814329686283));
#11041=CARTESIAN_POINT('Ctrl Pts',(11.5,-26.1945699908769,-4.55814329686283));
#11042=CARTESIAN_POINT('Ctrl Pts',(12.,-26.2301928845089,-4.57617658920937));
#11043=CARTESIAN_POINT('Ctrl Pts',(11.5,-26.2301928845089,-4.57617658920937));
#11044=CARTESIAN_POINT('Ctrl Pts',(12.,-26.249485325006,-4.58594295527598));
#11045=CARTESIAN_POINT('Ctrl Pts',(11.5,-26.249485325006,-4.58594295527598));
#11046=CARTESIAN_POINT('',(11.5,-26.1367336026702,-4.55238583829066));
#11047=CARTESIAN_POINT('',(12.,-26.1367336026702,-4.55238583829066));
#11048=CARTESIAN_POINT('Ctrl Pts',(11.5,-26.1367336026702,-4.55238583829066));
#11049=CARTESIAN_POINT('Ctrl Pts',(11.5,-26.1549132674248,-4.55419557554995));
#11050=CARTESIAN_POINT('Ctrl Pts',(11.5,-26.1945699908769,-4.55814329686283));
#11051=CARTESIAN_POINT('Ctrl Pts',(11.5,-26.2301928845089,-4.57617658920937));
#11052=CARTESIAN_POINT('Ctrl Pts',(11.5,-26.249485325006,-4.58594295527598));
#11053=CARTESIAN_POINT('Ctrl Pts',(12.,-26.0038474313292,-4.60876169945857));
#11054=CARTESIAN_POINT('Ctrl Pts',(11.5,-26.0038474313292,-4.60876169945857));
#11055=CARTESIAN_POINT('Ctrl Pts',(12.,-26.0208177782004,-4.59234483342053));
#11056=CARTESIAN_POINT('Ctrl Pts',(11.5,-26.0208177782004,-4.59234483342053));
#11057=CARTESIAN_POINT('Ctrl Pts',(12.,-26.0576040831269,-4.55675829859012));
#11058=CARTESIAN_POINT('Ctrl Pts',(11.5,-26.0576040831269,-4.55675829859012));
#11059=CARTESIAN_POINT('Ctrl Pts',(12.,-26.1090310487862,-4.55391659846399));
#11060=CARTESIAN_POINT('Ctrl Pts',(11.5,-26.1090310487862,-4.55391659846399));
#11061=CARTESIAN_POINT('Ctrl Pts',(12.,-26.1367336026702,-4.55238583829066));
#11062=CARTESIAN_POINT('Ctrl Pts',(11.5,-26.1367336026702,-4.55238583829066));
#11063=CARTESIAN_POINT('',(11.5,-26.0038474313292,-4.60876169945857));
#11064=CARTESIAN_POINT('',(12.,-26.0038474313292,-4.60876169945857));
#11065=CARTESIAN_POINT('Ctrl Pts',(11.5,-26.0038474313292,-4.60876169945857));
#11066=CARTESIAN_POINT('Ctrl Pts',(11.5,-26.0208177782004,-4.59234483342053));
#11067=CARTESIAN_POINT('Ctrl Pts',(11.5,-26.0576040831269,-4.55675829859012));
#11068=CARTESIAN_POINT('Ctrl Pts',(11.5,-26.1090310487862,-4.55391659846399));
#11069=CARTESIAN_POINT('Ctrl Pts',(11.5,-26.1367336026702,-4.55238583829066));
#11070=CARTESIAN_POINT('Ctrl Pts',(12.,-25.9622368327651,-4.82352677132746));
#11071=CARTESIAN_POINT('Ctrl Pts',(11.5,-25.9622368327651,-4.82352677132746));
#11072=CARTESIAN_POINT('Ctrl Pts',(12.,-25.9619767236312,-4.77839344650384));
#11073=CARTESIAN_POINT('Ctrl Pts',(11.5,-25.9619767236312,-4.77839344650384));
#11074=CARTESIAN_POINT('Ctrl Pts',(12.,-25.9615456216967,-4.70358998475167));
#11075=CARTESIAN_POINT('Ctrl Pts',(11.5,-25.9615456216967,-4.70358998475167));
#11076=CARTESIAN_POINT('Ctrl Pts',(12.,-25.9918338652228,-4.63569260109185));
#11077=CARTESIAN_POINT('Ctrl Pts',(11.5,-25.9918338652228,-4.63569260109185));
#11078=CARTESIAN_POINT('Ctrl Pts',(12.,-26.0038474313292,-4.60876169945857));
#11079=CARTESIAN_POINT('Ctrl Pts',(11.5,-26.0038474313292,-4.60876169945857));
#11080=CARTESIAN_POINT('',(11.5,-25.9622368327651,-4.82352677132746));
#11081=CARTESIAN_POINT('',(12.,-25.9622368327651,-4.82352677132746));
#11082=CARTESIAN_POINT('Ctrl Pts',(11.5,-25.9622368327651,-4.82352677132746));
#11083=CARTESIAN_POINT('Ctrl Pts',(11.5,-25.9619767236312,-4.77839344650384));
#11084=CARTESIAN_POINT('Ctrl Pts',(11.5,-25.9615456216967,-4.70358998475167));
#11085=CARTESIAN_POINT('Ctrl Pts',(11.5,-25.9918338652228,-4.63569260109185));
#11086=CARTESIAN_POINT('Ctrl Pts',(11.5,-26.0038474313292,-4.60876169945857));
#11087=CARTESIAN_POINT('Origin',(12.,-25.9622368327651,-5.70943299080988));
#11088=CARTESIAN_POINT('',(11.5,-25.9622368327651,-5.70943299080988));
#11089=CARTESIAN_POINT('',(12.,-25.9622368327651,-5.70943299080988));
#11090=CARTESIAN_POINT('',(11.5,-25.9622368327651,-5.70943299080988));
#11091=CARTESIAN_POINT('Origin',(12.,-25.4843846074614,-5.70943299080988));
#11092=CARTESIAN_POINT('',(11.5,-25.4843846074614,-5.70943299080988));
#11093=CARTESIAN_POINT('',(12.,-25.4843846074614,-5.70943299080988));
#11094=CARTESIAN_POINT('',(11.5,-25.4843846074614,-5.70943299080988));
#11095=CARTESIAN_POINT('Origin',(12.,-25.4843846074614,-4.76446646597048));
#11096=CARTESIAN_POINT('',(11.5,-25.4843846074614,-4.76446646597048));
#11097=CARTESIAN_POINT('',(12.,-25.4843846074614,-4.76446646597048));
#11098=CARTESIAN_POINT('',(11.5,-25.4843846074614,-4.76446646597048));
#11099=CARTESIAN_POINT('Ctrl Pts',(12.,-25.5984786263976,-4.31077513243815));
#11100=CARTESIAN_POINT('Ctrl Pts',(11.5,-25.5984786263976,-4.31077513243815));
#11101=CARTESIAN_POINT('Ctrl Pts',(12.,-25.565277005795,-4.3750763867216));
#11102=CARTESIAN_POINT('Ctrl Pts',(11.5,-25.565277005795,-4.3750763867216));
#11103=CARTESIAN_POINT('Ctrl Pts',(12.,-25.492035636525,-4.51692223111188));
#11104=CARTESIAN_POINT('Ctrl Pts',(11.5,-25.492035636525,-4.51692223111188));
#11105=CARTESIAN_POINT('Ctrl Pts',(12.,-25.487088899989,-4.67697078153274));
#11106=CARTESIAN_POINT('Ctrl Pts',(11.5,-25.487088899989,-4.67697078153274));
#11107=CARTESIAN_POINT('Ctrl Pts',(12.,-25.4843846074614,-4.76446646597048));
#11108=CARTESIAN_POINT('Ctrl Pts',(11.5,-25.4843846074614,-4.76446646597048));
#11109=CARTESIAN_POINT('',(11.5,-25.5984786263976,-4.31077513243815));
#11110=CARTESIAN_POINT('',(12.,-25.5984786263976,-4.31077513243815));
#11111=CARTESIAN_POINT('Ctrl Pts',(11.5,-25.5984786263976,-4.31077513243815));
#11112=CARTESIAN_POINT('Ctrl Pts',(11.5,-25.565277005795,-4.3750763867216));
#11113=CARTESIAN_POINT('Ctrl Pts',(11.5,-25.492035636525,-4.51692223111188));
#11114=CARTESIAN_POINT('Ctrl Pts',(11.5,-25.487088899989,-4.67697078153274));
#11115=CARTESIAN_POINT('Ctrl Pts',(11.5,-25.4843846074614,-4.76446646597048));
#11116=CARTESIAN_POINT('Ctrl Pts',(12.,-25.9622368327651,-4.14433214213511));
#11117=CARTESIAN_POINT('Ctrl Pts',(11.5,-25.9622368327651,-4.14433214213511));
#11118=CARTESIAN_POINT('Ctrl Pts',(12.,-25.8860773619028,-4.14933518531958));
#11119=CARTESIAN_POINT('Ctrl Pts',(11.5,-25.8860773619028,-4.14933518531958));
#11120=CARTESIAN_POINT('Ctrl Pts',(12.,-25.7428186320011,-4.15874609120084));
#11121=CARTESIAN_POINT('Ctrl Pts',(11.5,-25.7428186320011,-4.15874609120084));
#11122=CARTESIAN_POINT('Ctrl Pts',(12.,-25.6445196989259,-4.26228143808955));
#11123=CARTESIAN_POINT('Ctrl Pts',(11.5,-25.6445196989259,-4.26228143808955));
#11124=CARTESIAN_POINT('Ctrl Pts',(12.,-25.5984786263976,-4.31077513243815));
#11125=CARTESIAN_POINT('Ctrl Pts',(11.5,-25.5984786263976,-4.31077513243815));
#11126=CARTESIAN_POINT('',(11.5,-25.9622368327651,-4.14433214213511));
#11127=CARTESIAN_POINT('',(12.,-25.9622368327651,-4.14433214213511));
#11128=CARTESIAN_POINT('Ctrl Pts',(11.5,-25.9622368327651,-4.14433214213511));
#11129=CARTESIAN_POINT('Ctrl Pts',(11.5,-25.8860773619028,-4.14933518531958));
#11130=CARTESIAN_POINT('Ctrl Pts',(11.5,-25.7428186320011,-4.15874609120084));
#11131=CARTESIAN_POINT('Ctrl Pts',(11.5,-25.6445196989259,-4.26228143808955));
#11132=CARTESIAN_POINT('Ctrl Pts',(11.5,-25.5984786263976,-4.31077513243815));
#11133=CARTESIAN_POINT('Ctrl Pts',(12.,-26.2280087284121,-4.21949985768458));
#11134=CARTESIAN_POINT('Ctrl Pts',(11.5,-26.2280087284121,-4.21949985768458));
#11135=CARTESIAN_POINT('Ctrl Pts',(12.,-26.1879696667809,-4.19758226428417));
#11136=CARTESIAN_POINT('Ctrl Pts',(11.5,-26.1879696667809,-4.19758226428417));
#11137=CARTESIAN_POINT('Ctrl Pts',(12.,-26.1052121680508,-4.15228037322816));
#11138=CARTESIAN_POINT('Ctrl Pts',(11.5,-26.1052121680508,-4.15228037322816));
#11139=CARTESIAN_POINT('Ctrl Pts',(12.,-26.0109129619905,-4.14703812721307));
#11140=CARTESIAN_POINT('Ctrl Pts',(11.5,-26.0109129619905,-4.14703812721307));
#11141=CARTESIAN_POINT('Ctrl Pts',(12.,-25.9622368327651,-4.14433214213511));
#11142=CARTESIAN_POINT('Ctrl Pts',(11.5,-25.9622368327651,-4.14433214213511));
#11143=CARTESIAN_POINT('',(11.5,-26.2280087284121,-4.21949985768458));
#11144=CARTESIAN_POINT('',(12.,-26.2280087284121,-4.21949985768458));
#11145=CARTESIAN_POINT('Ctrl Pts',(11.5,-26.2280087284121,-4.21949985768458));
#11146=CARTESIAN_POINT('Ctrl Pts',(11.5,-26.1879696667809,-4.19758226428417));
#11147=CARTESIAN_POINT('Ctrl Pts',(11.5,-26.1052121680508,-4.15228037322816));
#11148=CARTESIAN_POINT('Ctrl Pts',(11.5,-26.0109129619905,-4.14703812721307));
#11149=CARTESIAN_POINT('Ctrl Pts',(11.5,-25.9622368327651,-4.14433214213511));
#11150=CARTESIAN_POINT('Ctrl Pts',(12.,-26.4400893560919,-4.39668122079035));
#11151=CARTESIAN_POINT('Ctrl Pts',(11.5,-26.4400893560919,-4.39668122079035));
#11152=CARTESIAN_POINT('Ctrl Pts',(12.,-26.4066604813411,-4.36395576366006));
#11153=CARTESIAN_POINT('Ctrl Pts',(11.5,-26.4066604813411,-4.36395576366006));
#11154=CARTESIAN_POINT('Ctrl Pts',(12.,-26.3406261317206,-4.29931092312211));
#11155=CARTESIAN_POINT('Ctrl Pts',(11.5,-26.3406261317206,-4.29931092312211));
#11156=CARTESIAN_POINT('Ctrl Pts',(12.,-26.2652345034217,-4.24588147080984));
#11157=CARTESIAN_POINT('Ctrl Pts',(11.5,-26.2652345034217,-4.24588147080984));
#11158=CARTESIAN_POINT('Ctrl Pts',(12.,-26.2280087284121,-4.21949985768458));
#11159=CARTESIAN_POINT('Ctrl Pts',(11.5,-26.2280087284121,-4.21949985768458));
#11160=CARTESIAN_POINT('',(11.5,-26.4400893560919,-4.39668122079035));
#11161=CARTESIAN_POINT('',(12.,-26.4400893560919,-4.39668122079035));
#11162=CARTESIAN_POINT('Ctrl Pts',(11.5,-26.4400893560919,-4.39668122079035));
#11163=CARTESIAN_POINT('Ctrl Pts',(11.5,-26.4066604813411,-4.36395576366006));
#11164=CARTESIAN_POINT('Ctrl Pts',(11.5,-26.3406261317206,-4.29931092312211));
#11165=CARTESIAN_POINT('Ctrl Pts',(11.5,-26.2652345034217,-4.24588147080984));
#11166=CARTESIAN_POINT('Ctrl Pts',(11.5,-26.2280087284121,-4.21949985768458));
#11167=CARTESIAN_POINT('Ctrl Pts',(12.,-26.5998208633933,-4.20876163389346));
#11168=CARTESIAN_POINT('Ctrl Pts',(11.5,-26.5998208633933,-4.20876163389346));
#11169=CARTESIAN_POINT('Ctrl Pts',(12.,-26.5676732001385,-4.23339227483355));
#11170=CARTESIAN_POINT('Ctrl Pts',(11.5,-26.5676732001385,-4.23339227483355));
#11171=CARTESIAN_POINT('Ctrl Pts',(12.,-26.5009855891045,-4.28448645824315));
#11172=CARTESIAN_POINT('Ctrl Pts',(11.5,-26.5009855891045,-4.28448645824315));
#11173=CARTESIAN_POINT('Ctrl Pts',(12.,-26.4608678153659,-4.35839914341031));
#11174=CARTESIAN_POINT('Ctrl Pts',(11.5,-26.4608678153659,-4.35839914341031));
#11175=CARTESIAN_POINT('Ctrl Pts',(12.,-26.4400893560919,-4.39668122079035));
#11176=CARTESIAN_POINT('Ctrl Pts',(11.5,-26.4400893560919,-4.39668122079035));
#11177=CARTESIAN_POINT('',(11.5,-26.5998208633933,-4.20876163389346));
#11178=CARTESIAN_POINT('',(12.,-26.5998208633933,-4.20876163389346));
#11179=CARTESIAN_POINT('Ctrl Pts',(11.5,-26.5998208633933,-4.20876163389346));
#11180=CARTESIAN_POINT('Ctrl Pts',(11.5,-26.5676732001385,-4.23339227483355));
#11181=CARTESIAN_POINT('Ctrl Pts',(11.5,-26.5009855891045,-4.28448645824315));
#11182=CARTESIAN_POINT('Ctrl Pts',(11.5,-26.4608678153659,-4.35839914341031));
#11183=CARTESIAN_POINT('Ctrl Pts',(11.5,-26.4400893560919,-4.39668122079035));
#11184=CARTESIAN_POINT('Ctrl Pts',(12.,-26.8588812760386,-4.14433214213511));
#11185=CARTESIAN_POINT('Ctrl Pts',(11.5,-26.8588812760386,-4.14433214213511));
#11186=CARTESIAN_POINT('Ctrl Pts',(12.,-26.8099641634031,-4.14612344857974));
#11187=CARTESIAN_POINT('Ctrl Pts',(11.5,-26.8099641634031,-4.14612344857974));
#11188=CARTESIAN_POINT('Ctrl Pts',(12.,-26.7188922774531,-4.14945842988664));
#11189=CARTESIAN_POINT('Ctrl Pts',(11.5,-26.7188922774531,-4.14945842988664));
#11190=CARTESIAN_POINT('Ctrl Pts',(12.,-26.6374967196794,-4.18999727294998));
#11191=CARTESIAN_POINT('Ctrl Pts',(11.5,-26.6374967196794,-4.18999727294998));
#11192=CARTESIAN_POINT('Ctrl Pts',(12.,-26.5998208633933,-4.20876163389346));
#11193=CARTESIAN_POINT('Ctrl Pts',(11.5,-26.5998208633933,-4.20876163389346));
#11194=CARTESIAN_POINT('',(11.5,-26.8588812760386,-4.14433214213511));
#11195=CARTESIAN_POINT('',(12.,-26.8588812760386,-4.14433214213511));
#11196=CARTESIAN_POINT('Ctrl Pts',(11.5,-26.8588812760386,-4.14433214213511));
#11197=CARTESIAN_POINT('Ctrl Pts',(11.5,-26.8099641634031,-4.14612344857974));
#11198=CARTESIAN_POINT('Ctrl Pts',(11.5,-26.7188922774531,-4.14945842988664));
#11199=CARTESIAN_POINT('Ctrl Pts',(11.5,-26.6374967196794,-4.18999727294998));
#11200=CARTESIAN_POINT('Ctrl Pts',(11.5,-26.5998208633933,-4.20876163389346));
#11201=CARTESIAN_POINT('Ctrl Pts',(12.,-27.121968578485,-4.21278852369448));
#11202=CARTESIAN_POINT('Ctrl Pts',(11.5,-27.121968578485,-4.21278852369448));
#11203=CARTESIAN_POINT('Ctrl Pts',(12.,-27.0829091243556,-4.1928373535294));
#11204=CARTESIAN_POINT('Ctrl Pts',(11.5,-27.0829091243556,-4.1928373535294));
#11205=CARTESIAN_POINT('Ctrl Pts',(12.,-27.000401027722,-4.15069306061424));
#11206=CARTESIAN_POINT('Ctrl Pts',(11.5,-27.000401027722,-4.15069306061424));
#11207=CARTESIAN_POINT('Ctrl Pts',(12.,-26.9076983630819,-4.14652633416397));
#11208=CARTESIAN_POINT('Ctrl Pts',(11.5,-26.9076983630819,-4.14652633416397));
#11209=CARTESIAN_POINT('Ctrl Pts',(12.,-26.8588812760386,-4.14433214213511));
#11210=CARTESIAN_POINT('Ctrl Pts',(11.5,-26.8588812760386,-4.14433214213511));
#11211=CARTESIAN_POINT('',(11.5,-27.121968578485,-4.21278852369448));
#11212=CARTESIAN_POINT('',(12.,-27.121968578485,-4.21278852369448));
#11213=CARTESIAN_POINT('Ctrl Pts',(11.5,-27.121968578485,-4.21278852369448));
#11214=CARTESIAN_POINT('Ctrl Pts',(11.5,-27.0829091243556,-4.1928373535294));
#11215=CARTESIAN_POINT('Ctrl Pts',(11.5,-27.000401027722,-4.15069306061424));
#11216=CARTESIAN_POINT('Ctrl Pts',(11.5,-26.9076983630819,-4.14652633416397));
#11217=CARTESIAN_POINT('Ctrl Pts',(11.5,-26.8588812760386,-4.14433214213511));
#11218=CARTESIAN_POINT('Ctrl Pts',(12.,-27.3233109823737,-4.3752046241965));
#11219=CARTESIAN_POINT('Ctrl Pts',(11.5,-27.3233109823737,-4.3752046241965));
#11220=CARTESIAN_POINT('Ctrl Pts',(12.,-27.2916276939391,-4.34507258858606));
#11221=CARTESIAN_POINT('Ctrl Pts',(11.5,-27.2916276939391,-4.34507258858606));
#11222=CARTESIAN_POINT('Ctrl Pts',(12.,-27.2289335281159,-4.2854480063381));
#11223=CARTESIAN_POINT('Ctrl Pts',(11.5,-27.2289335281159,-4.2854480063381));
#11224=CARTESIAN_POINT('Ctrl Pts',(12.,-27.1573677077548,-4.23683455398433));
#11225=CARTESIAN_POINT('Ctrl Pts',(11.5,-27.1573677077548,-4.23683455398433));
#11226=CARTESIAN_POINT('Ctrl Pts',(12.,-27.121968578485,-4.21278852369448));
#11227=CARTESIAN_POINT('Ctrl Pts',(11.5,-27.121968578485,-4.21278852369448));
#11228=CARTESIAN_POINT('',(11.5,-27.3233109823737,-4.3752046241965));
#11229=CARTESIAN_POINT('',(12.,-27.3233109823737,-4.3752046241965));
#11230=CARTESIAN_POINT('Ctrl Pts',(11.5,-27.3233109823737,-4.3752046241965));
#11231=CARTESIAN_POINT('Ctrl Pts',(11.5,-27.2916276939391,-4.34507258858606));
#11232=CARTESIAN_POINT('Ctrl Pts',(11.5,-27.2289335281159,-4.2854480063381));
#11233=CARTESIAN_POINT('Ctrl Pts',(11.5,-27.1573677077548,-4.23683455398433));
#11234=CARTESIAN_POINT('Ctrl Pts',(11.5,-27.121968578485,-4.21278852369448));
#11235=CARTESIAN_POINT('Origin',(12.,-27.3313646129641,-4.3752046241965));
#11236=CARTESIAN_POINT('',(11.5,-27.3313646129641,-4.3752046241965));
#11237=CARTESIAN_POINT('',(12.,-27.3313646129641,-4.3752046241965));
#11238=CARTESIAN_POINT('',(11.5,-27.3313646129641,-4.3752046241965));
#11239=CARTESIAN_POINT('Origin',(12.,-27.3662638775382,-4.18191599990984));
#11240=CARTESIAN_POINT('',(11.5,-27.3662638775382,-4.18191599990984));
#11241=CARTESIAN_POINT('',(12.,-27.3662638775382,-4.18191599990984));
#11242=CARTESIAN_POINT('',(11.5,-27.3662638775382,-4.18191599990984));
#11243=CARTESIAN_POINT('Origin',(12.,-27.7555257193122,-4.18191599990984));
#11244=CARTESIAN_POINT('',(11.5,-27.7555257193122,-4.18191599990984));
#11245=CARTESIAN_POINT('',(12.,-27.7555257193122,-4.18191599990984));
#11246=CARTESIAN_POINT('',(11.5,-27.7555257193122,-4.18191599990984));
#11247=CARTESIAN_POINT('Origin',(12.,-27.7555257193122,-5.70943299080988));
#11248=CARTESIAN_POINT('',(11.5,-27.7555257193122,-5.70943299080988));
#11249=CARTESIAN_POINT('',(12.,-27.7555257193122,-5.70943299080988));
#11250=CARTESIAN_POINT('',(11.5,-27.7555257193122,-5.70943299080988));
#11251=CARTESIAN_POINT('Origin',(12.,-27.2776733449969,-5.70943299080988));
#11252=CARTESIAN_POINT('',(11.5,-27.2776733449969,-5.70943299080988));
#11253=CARTESIAN_POINT('Origin',(11.5,-22.1340482048068,-4.61278858925959));
#11254=CARTESIAN_POINT('Origin',(12.,-40.9,0.));
#11255=CARTESIAN_POINT('Origin',(12.,-40.9,0.));
#11256=CARTESIAN_POINT('Ctrl Pts',(12.,-3.19043460301063,-4.53425901114079));
#11257=CARTESIAN_POINT('Ctrl Pts',(11.5,-3.19043460301063,-4.53425901114079));
#11258=CARTESIAN_POINT('Ctrl Pts',(12.,-3.17253289340716,-4.57820281663755));
#11259=CARTESIAN_POINT('Ctrl Pts',(11.5,-3.17253289340716,-4.57820281663755));
#11260=CARTESIAN_POINT('Ctrl Pts',(12.,-3.13856705828357,-4.66157966081985));
#11261=CARTESIAN_POINT('Ctrl Pts',(11.5,-3.13856705828357,-4.66157966081985));
#11262=CARTESIAN_POINT('Ctrl Pts',(12.,-3.07444992927191,-4.72459153537393));
#11263=CARTESIAN_POINT('Ctrl Pts',(11.5,-3.07444992927191,-4.72459153537393));
#11264=CARTESIAN_POINT('Ctrl Pts',(12.,-3.04412576368949,-4.75439297138783));
#11265=CARTESIAN_POINT('Ctrl Pts',(11.5,-3.04412576368949,-4.75439297138783));
#11266=CARTESIAN_POINT('',(12.,-3.19043460301063,-4.53425901114079));
#11267=CARTESIAN_POINT('',(12.,-3.04412576368949,-4.75439297138783));
#11268=CARTESIAN_POINT('Ctrl Pts',(12.,-3.19043460301063,-4.53425901114079));
#11269=CARTESIAN_POINT('Ctrl Pts',(12.,-3.17253289340716,-4.57820281663755));
#11270=CARTESIAN_POINT('Ctrl Pts',(12.,-3.13856705828357,-4.66157966081985));
#11271=CARTESIAN_POINT('Ctrl Pts',(12.,-3.07444992927191,-4.72459153537393));
#11272=CARTESIAN_POINT('Ctrl Pts',(12.,-3.04412576368949,-4.75439297138783));
#11273=CARTESIAN_POINT('',(11.5,-3.19043460301063,-4.53425901114079));
#11274=CARTESIAN_POINT('',(12.,-3.19043460301063,-4.53425901114079));
#11275=CARTESIAN_POINT('',(11.5,-3.04412576368949,-4.75439297138783));
#11276=CARTESIAN_POINT('Ctrl Pts',(11.5,-3.19043460301063,-4.53425901114079));
#11277=CARTESIAN_POINT('Ctrl Pts',(11.5,-3.17253289340716,-4.57820281663755));
#11278=CARTESIAN_POINT('Ctrl Pts',(11.5,-3.13856705828357,-4.66157966081985));
#11279=CARTESIAN_POINT('Ctrl Pts',(11.5,-3.07444992927191,-4.72459153537393));
#11280=CARTESIAN_POINT('Ctrl Pts',(11.5,-3.04412576368949,-4.75439297138783));
#11281=CARTESIAN_POINT('',(12.,-3.04412576368949,-4.75439297138783));
#11282=CARTESIAN_POINT('Ctrl Pts',(12.,-3.24144127777717,-4.19868843733403));
#11283=CARTESIAN_POINT('Ctrl Pts',(11.5,-3.24144127777717,-4.19868843733403));
#11284=CARTESIAN_POINT('Ctrl Pts',(12.,-3.23990087310302,-4.25929431591423));
#11285=CARTESIAN_POINT('Ctrl Pts',(11.5,-3.23990087310302,-4.25929431591423));
#11286=CARTESIAN_POINT('Ctrl Pts',(12.,-3.23700137938095,-4.37337236787823));
#11287=CARTESIAN_POINT('Ctrl Pts',(11.5,-3.23700137938095,-4.37337236787823));
#11288=CARTESIAN_POINT('Ctrl Pts',(12.,-3.20529597806894,-4.48291346107773));
#11289=CARTESIAN_POINT('Ctrl Pts',(11.5,-3.20529597806894,-4.48291346107773));
#11290=CARTESIAN_POINT('Ctrl Pts',(12.,-3.19043460301063,-4.53425901114079));
#11291=CARTESIAN_POINT('Ctrl Pts',(11.5,-3.19043460301063,-4.53425901114079));
#11292=CARTESIAN_POINT('',(12.,-3.24144127777717,-4.19868843733403));
#11293=CARTESIAN_POINT('Ctrl Pts',(12.,-3.24144127777717,-4.19868843733403));
#11294=CARTESIAN_POINT('Ctrl Pts',(12.,-3.23990087310302,-4.25929431591423));
#11295=CARTESIAN_POINT('Ctrl Pts',(12.,-3.23700137938095,-4.37337236787823));
#11296=CARTESIAN_POINT('Ctrl Pts',(12.,-3.20529597806894,-4.48291346107773));
#11297=CARTESIAN_POINT('Ctrl Pts',(12.,-3.19043460301063,-4.53425901114079));
#11298=CARTESIAN_POINT('',(11.5,-3.24144127777717,-4.19868843733403));
#11299=CARTESIAN_POINT('',(12.,-3.24144127777717,-4.19868843733403));
#11300=CARTESIAN_POINT('Ctrl Pts',(11.5,-3.24144127777717,-4.19868843733403));
#11301=CARTESIAN_POINT('Ctrl Pts',(11.5,-3.23990087310302,-4.25929431591423));
#11302=CARTESIAN_POINT('Ctrl Pts',(11.5,-3.23700137938095,-4.37337236787823));
#11303=CARTESIAN_POINT('Ctrl Pts',(11.5,-3.20529597806894,-4.48291346107773));
#11304=CARTESIAN_POINT('Ctrl Pts',(11.5,-3.19043460301063,-4.53425901114079));
#11305=CARTESIAN_POINT('Ctrl Pts',(12.,-3.19043460301063,-3.86714460431668));
#11306=CARTESIAN_POINT('Ctrl Pts',(11.5,-3.19043460301063,-3.86714460431668));
#11307=CARTESIAN_POINT('Ctrl Pts',(12.,-3.20529255595053,-3.91747859612382));
#11308=CARTESIAN_POINT('Ctrl Pts',(11.5,-3.20529255595053,-3.91747859612382));
#11309=CARTESIAN_POINT('Ctrl Pts',(12.,-3.23721029824585,-4.02560569719169));
#11310=CARTESIAN_POINT('Ctrl Pts',(11.5,-3.23721029824585,-4.02560569719169));
#11311=CARTESIAN_POINT('Ctrl Pts',(12.,-3.23996754855606,-4.13840048511663));
#11312=CARTESIAN_POINT('Ctrl Pts',(11.5,-3.23996754855606,-4.13840048511663));
#11313=CARTESIAN_POINT('Ctrl Pts',(12.,-3.24144127777717,-4.19868843733403));
#11314=CARTESIAN_POINT('Ctrl Pts',(11.5,-3.24144127777717,-4.19868843733403));
#11315=CARTESIAN_POINT('',(12.,-3.19043460301063,-3.86714460431668));
#11316=CARTESIAN_POINT('Ctrl Pts',(12.,-3.19043460301063,-3.86714460431668));
#11317=CARTESIAN_POINT('Ctrl Pts',(12.,-3.20529255595053,-3.91747859612382));
#11318=CARTESIAN_POINT('Ctrl Pts',(12.,-3.23721029824585,-4.02560569719169));
#11319=CARTESIAN_POINT('Ctrl Pts',(12.,-3.23996754855606,-4.13840048511663));
#11320=CARTESIAN_POINT('Ctrl Pts',(12.,-3.24144127777717,-4.19868843733403));
#11321=CARTESIAN_POINT('',(11.5,-3.19043460301063,-3.86714460431668));
#11322=CARTESIAN_POINT('',(12.,-3.19043460301063,-3.86714460431668));
#11323=CARTESIAN_POINT('Ctrl Pts',(11.5,-3.19043460301063,-3.86714460431668));
#11324=CARTESIAN_POINT('Ctrl Pts',(11.5,-3.20529255595053,-3.91747859612382));
#11325=CARTESIAN_POINT('Ctrl Pts',(11.5,-3.23721029824585,-4.02560569719169));
#11326=CARTESIAN_POINT('Ctrl Pts',(11.5,-3.23996754855606,-4.13840048511663));
#11327=CARTESIAN_POINT('Ctrl Pts',(11.5,-3.24144127777717,-4.19868843733403));
#11328=CARTESIAN_POINT('Ctrl Pts',(12.,-3.04412576368949,-3.65640642224881));
#11329=CARTESIAN_POINT('Ctrl Pts',(11.5,-3.04412576368949,-3.65640642224881));
#11330=CARTESIAN_POINT('Ctrl Pts',(12.,-3.0744551921466,-3.68445738163617));
#11331=CARTESIAN_POINT('Ctrl Pts',(11.5,-3.0744551921466,-3.68445738163617));
#11332=CARTESIAN_POINT('Ctrl Pts',(12.,-3.13863909978841,-3.74381953510136));
#11333=CARTESIAN_POINT('Ctrl Pts',(11.5,-3.13863909978841,-3.74381953510136));
#11334=CARTESIAN_POINT('Ctrl Pts',(12.,-3.17254865198207,-3.82455816319041));
#11335=CARTESIAN_POINT('Ctrl Pts',(11.5,-3.17254865198207,-3.82455816319041));
#11336=CARTESIAN_POINT('Ctrl Pts',(12.,-3.19043460301063,-3.86714460431668));
#11337=CARTESIAN_POINT('Ctrl Pts',(11.5,-3.19043460301063,-3.86714460431668));
#11338=CARTESIAN_POINT('',(12.,-3.04412576368949,-3.65640642224881));
#11339=CARTESIAN_POINT('Ctrl Pts',(12.,-3.04412576368949,-3.65640642224881));
#11340=CARTESIAN_POINT('Ctrl Pts',(12.,-3.0744551921466,-3.68445738163617));
#11341=CARTESIAN_POINT('Ctrl Pts',(12.,-3.13863909978841,-3.74381953510136));
#11342=CARTESIAN_POINT('Ctrl Pts',(12.,-3.17254865198207,-3.82455816319041));
#11343=CARTESIAN_POINT('Ctrl Pts',(12.,-3.19043460301063,-3.86714460431668));
#11344=CARTESIAN_POINT('',(11.5,-3.04412576368949,-3.65640642224881));
#11345=CARTESIAN_POINT('',(12.,-3.04412576368949,-3.65640642224881));
#11346=CARTESIAN_POINT('Ctrl Pts',(11.5,-3.04412576368949,-3.65640642224881));
#11347=CARTESIAN_POINT('Ctrl Pts',(11.5,-3.0744551921466,-3.68445738163617));
#11348=CARTESIAN_POINT('Ctrl Pts',(11.5,-3.13863909978841,-3.74381953510136));
#11349=CARTESIAN_POINT('Ctrl Pts',(11.5,-3.17254865198207,-3.82455816319041));
#11350=CARTESIAN_POINT('Ctrl Pts',(11.5,-3.19043460301063,-3.86714460431668));
#11351=CARTESIAN_POINT('Ctrl Pts',(12.,-2.81728002241752,-3.58392315088841));
#11352=CARTESIAN_POINT('Ctrl Pts',(11.5,-2.81728002241752,-3.58392315088841));
#11353=CARTESIAN_POINT('Ctrl Pts',(12.,-2.85919065917721,-3.58662390208458));
#11354=CARTESIAN_POINT('Ctrl Pts',(11.5,-2.85919065917721,-3.58662390208458));
#11355=CARTESIAN_POINT('Ctrl Pts',(12.,-2.94093217053463,-3.59189138312622));
#11356=CARTESIAN_POINT('Ctrl Pts',(11.5,-2.94093217053463,-3.59189138312622));
#11357=CARTESIAN_POINT('Ctrl Pts',(12.,-3.01031635017879,-3.63526929959739));
#11358=CARTESIAN_POINT('Ctrl Pts',(11.5,-3.01031635017879,-3.63526929959739));
#11359=CARTESIAN_POINT('Ctrl Pts',(12.,-3.04412576368949,-3.65640642224881));
#11360=CARTESIAN_POINT('Ctrl Pts',(11.5,-3.04412576368949,-3.65640642224881));
#11361=CARTESIAN_POINT('',(12.,-2.81728002241752,-3.58392315088841));
#11362=CARTESIAN_POINT('Ctrl Pts',(12.,-2.81728002241752,-3.58392315088841));
#11363=CARTESIAN_POINT('Ctrl Pts',(12.,-2.85919065917721,-3.58662390208458));
#11364=CARTESIAN_POINT('Ctrl Pts',(12.,-2.94093217053463,-3.59189138312622));
#11365=CARTESIAN_POINT('Ctrl Pts',(12.,-3.01031635017879,-3.63526929959739));
#11366=CARTESIAN_POINT('Ctrl Pts',(12.,-3.04412576368949,-3.65640642224881));
#11367=CARTESIAN_POINT('',(11.5,-2.81728002241752,-3.58392315088841));
#11368=CARTESIAN_POINT('',(12.,-2.81728002241752,-3.58392315088841));
#11369=CARTESIAN_POINT('Ctrl Pts',(11.5,-2.81728002241752,-3.58392315088841));
#11370=CARTESIAN_POINT('Ctrl Pts',(11.5,-2.85919065917721,-3.58662390208458));
#11371=CARTESIAN_POINT('Ctrl Pts',(11.5,-2.94093217053463,-3.59189138312622));
#11372=CARTESIAN_POINT('Ctrl Pts',(11.5,-3.01031635017879,-3.63526929959739));
#11373=CARTESIAN_POINT('Ctrl Pts',(11.5,-3.04412576368949,-3.65640642224881));
#11374=CARTESIAN_POINT('Ctrl Pts',(12.,-2.59043457916877,-3.65640642224881));
#11375=CARTESIAN_POINT('Ctrl Pts',(11.5,-2.59043457916877,-3.65640642224881));
#11376=CARTESIAN_POINT('Ctrl Pts',(12.,-2.62424398440078,-3.63526922585918));
#11377=CARTESIAN_POINT('Ctrl Pts',(11.5,-2.62424398440078,-3.63526922585918));
#11378=CARTESIAN_POINT('Ctrl Pts',(12.,-2.69362803527202,-3.5918912279468));
#11379=CARTESIAN_POINT('Ctrl Pts',(11.5,-2.69362803527202,-3.5918912279468));
#11380=CARTESIAN_POINT('Ctrl Pts',(12.,-2.7753694826382,-3.58662384675452));
#11381=CARTESIAN_POINT('Ctrl Pts',(11.5,-2.7753694826382,-3.58662384675452));
#11382=CARTESIAN_POINT('Ctrl Pts',(12.,-2.81728002241752,-3.58392315088841));
#11383=CARTESIAN_POINT('Ctrl Pts',(11.5,-2.81728002241752,-3.58392315088841));
#11384=CARTESIAN_POINT('',(12.,-2.59043457916877,-3.65640642224881));
#11385=CARTESIAN_POINT('Ctrl Pts',(12.,-2.59043457916877,-3.65640642224881));
#11386=CARTESIAN_POINT('Ctrl Pts',(12.,-2.62424398440078,-3.63526922585918));
#11387=CARTESIAN_POINT('Ctrl Pts',(12.,-2.69362803527202,-3.5918912279468));
#11388=CARTESIAN_POINT('Ctrl Pts',(12.,-2.7753694826382,-3.58662384675452));
#11389=CARTESIAN_POINT('Ctrl Pts',(12.,-2.81728002241752,-3.58392315088841));
#11390=CARTESIAN_POINT('',(11.5,-2.59043457916877,-3.65640642224881));
#11391=CARTESIAN_POINT('',(12.,-2.59043457916877,-3.65640642224881));
#11392=CARTESIAN_POINT('Ctrl Pts',(11.5,-2.59043457916877,-3.65640642224881));
#11393=CARTESIAN_POINT('Ctrl Pts',(11.5,-2.62424398440078,-3.63526922585918));
#11394=CARTESIAN_POINT('Ctrl Pts',(11.5,-2.69362803527202,-3.5918912279468));
#11395=CARTESIAN_POINT('Ctrl Pts',(11.5,-2.7753694826382,-3.58662384675452));
#11396=CARTESIAN_POINT('Ctrl Pts',(11.5,-2.81728002241752,-3.58392315088841));
#11397=CARTESIAN_POINT('Ctrl Pts',(12.,-2.44278344324729,-3.86714460431668));
#11398=CARTESIAN_POINT('Ctrl Pts',(11.5,-2.44278344324729,-3.86714460431668));
#11399=CARTESIAN_POINT('Ctrl Pts',(12.,-2.46104636428507,-3.82456967172804));
#11400=CARTESIAN_POINT('Ctrl Pts',(11.5,-2.46104636428507,-3.82456967172804));
#11401=CARTESIAN_POINT('Ctrl Pts',(12.,-2.49564648828621,-3.74390908387028));
#11402=CARTESIAN_POINT('Ctrl Pts',(11.5,-2.49564648828621,-3.74390908387028));
#11403=CARTESIAN_POINT('Ctrl Pts',(12.,-2.56003305691502,-3.68447127817933));
#11404=CARTESIAN_POINT('Ctrl Pts',(11.5,-2.56003305691502,-3.68447127817933));
#11405=CARTESIAN_POINT('Ctrl Pts',(12.,-2.59043457916877,-3.65640642224881));
#11406=CARTESIAN_POINT('Ctrl Pts',(11.5,-2.59043457916877,-3.65640642224881));
#11407=CARTESIAN_POINT('',(12.,-2.44278344324729,-3.86714460431668));
#11408=CARTESIAN_POINT('Ctrl Pts',(12.,-2.44278344324729,-3.86714460431668));
#11409=CARTESIAN_POINT('Ctrl Pts',(12.,-2.46104636428507,-3.82456967172804));
#11410=CARTESIAN_POINT('Ctrl Pts',(12.,-2.49564648828621,-3.74390908387028));
#11411=CARTESIAN_POINT('Ctrl Pts',(12.,-2.56003305691502,-3.68447127817933));
#11412=CARTESIAN_POINT('Ctrl Pts',(12.,-2.59043457916877,-3.65640642224881));
#11413=CARTESIAN_POINT('',(11.5,-2.44278344324729,-3.86714460431668));
#11414=CARTESIAN_POINT('',(12.,-2.44278344324729,-3.86714460431668));
#11415=CARTESIAN_POINT('Ctrl Pts',(11.5,-2.44278344324729,-3.86714460431668));
#11416=CARTESIAN_POINT('Ctrl Pts',(11.5,-2.46104636428507,-3.82456967172804));
#11417=CARTESIAN_POINT('Ctrl Pts',(11.5,-2.49564648828621,-3.74390908387028));
#11418=CARTESIAN_POINT('Ctrl Pts',(11.5,-2.56003305691502,-3.68447127817933));
#11419=CARTESIAN_POINT('Ctrl Pts',(11.5,-2.59043457916877,-3.65640642224881));
#11420=CARTESIAN_POINT('Ctrl Pts',(12.,-2.39043447188041,-4.19868843733403));
#11421=CARTESIAN_POINT('Ctrl Pts',(11.5,-2.39043447188041,-4.19868843733403));
#11422=CARTESIAN_POINT('Ctrl Pts',(12.,-2.39195473839086,-4.13837829795365));
#11423=CARTESIAN_POINT('Ctrl Pts',(11.5,-2.39195473839086,-4.13837829795365));
#11424=CARTESIAN_POINT('Ctrl Pts',(12.,-2.3948009826491,-4.02546560353817));
#11425=CARTESIAN_POINT('Ctrl Pts',(11.5,-2.3948009826491,-4.02546560353817));
#11426=CARTESIAN_POINT('Ctrl Pts',(12.,-2.42753409291423,-3.91746074800981));
#11427=CARTESIAN_POINT('Ctrl Pts',(11.5,-2.42753409291423,-3.91746074800981));
#11428=CARTESIAN_POINT('Ctrl Pts',(12.,-2.44278344324729,-3.86714460431668));
#11429=CARTESIAN_POINT('Ctrl Pts',(11.5,-2.44278344324729,-3.86714460431668));
#11430=CARTESIAN_POINT('',(12.,-2.39043447188041,-4.19868843733403));
#11431=CARTESIAN_POINT('Ctrl Pts',(12.,-2.39043447188041,-4.19868843733403));
#11432=CARTESIAN_POINT('Ctrl Pts',(12.,-2.39195473839086,-4.13837829795365));
#11433=CARTESIAN_POINT('Ctrl Pts',(12.,-2.3948009826491,-4.02546560353817));
#11434=CARTESIAN_POINT('Ctrl Pts',(12.,-2.42753409291423,-3.91746074800981));
#11435=CARTESIAN_POINT('Ctrl Pts',(12.,-2.44278344324729,-3.86714460431668));
#11436=CARTESIAN_POINT('',(11.5,-2.39043447188041,-4.19868843733403));
#11437=CARTESIAN_POINT('',(12.,-2.39043447188041,-4.19868843733403));
#11438=CARTESIAN_POINT('Ctrl Pts',(11.5,-2.39043447188041,-4.19868843733403));
#11439=CARTESIAN_POINT('Ctrl Pts',(11.5,-2.39195473839086,-4.13837829795365));
#11440=CARTESIAN_POINT('Ctrl Pts',(11.5,-2.3948009826491,-4.02546560353817));
#11441=CARTESIAN_POINT('Ctrl Pts',(11.5,-2.42753409291423,-3.91746074800981));
#11442=CARTESIAN_POINT('Ctrl Pts',(11.5,-2.44278344324729,-3.86714460431668));
#11443=CARTESIAN_POINT('Ctrl Pts',(12.,-2.44278344324729,-4.53425901114079));
#11444=CARTESIAN_POINT('Ctrl Pts',(11.5,-2.44278344324729,-4.53425901114079));
#11445=CARTESIAN_POINT('Ctrl Pts',(12.,-2.42753077537058,-4.4829310912287));
#11446=CARTESIAN_POINT('Ctrl Pts',(11.5,-2.42753077537058,-4.4829310912287));
#11447=CARTESIAN_POINT('Ctrl Pts',(12.,-2.39501468512188,-4.37350870757552));
#11448=CARTESIAN_POINT('Ctrl Pts',(11.5,-2.39501468512188,-4.37350870757552));
#11449=CARTESIAN_POINT('Ctrl Pts',(12.,-2.39202287947178,-4.25931571159767));
#11450=CARTESIAN_POINT('Ctrl Pts',(11.5,-2.39202287947178,-4.25931571159767));
#11451=CARTESIAN_POINT('Ctrl Pts',(12.,-2.39043447188041,-4.19868843733403));
#11452=CARTESIAN_POINT('Ctrl Pts',(11.5,-2.39043447188041,-4.19868843733403));
#11453=CARTESIAN_POINT('',(12.,-2.44278344324729,-4.53425901114079));
#11454=CARTESIAN_POINT('Ctrl Pts',(12.,-2.44278344324729,-4.53425901114079));
#11455=CARTESIAN_POINT('Ctrl Pts',(12.,-2.42753077537058,-4.4829310912287));
#11456=CARTESIAN_POINT('Ctrl Pts',(12.,-2.39501468512188,-4.37350870757552));
#11457=CARTESIAN_POINT('Ctrl Pts',(12.,-2.39202287947178,-4.25931571159767));
#11458=CARTESIAN_POINT('Ctrl Pts',(12.,-2.39043447188041,-4.19868843733403));
#11459=CARTESIAN_POINT('',(11.5,-2.44278344324729,-4.53425901114079));
#11460=CARTESIAN_POINT('',(12.,-2.44278344324729,-4.53425901114079));
#11461=CARTESIAN_POINT('Ctrl Pts',(11.5,-2.44278344324729,-4.53425901114079));
#11462=CARTESIAN_POINT('Ctrl Pts',(11.5,-2.42753077537058,-4.4829310912287));
#11463=CARTESIAN_POINT('Ctrl Pts',(11.5,-2.39501468512188,-4.37350870757552));
#11464=CARTESIAN_POINT('Ctrl Pts',(11.5,-2.39202287947178,-4.25931571159767));
#11465=CARTESIAN_POINT('Ctrl Pts',(11.5,-2.39043447188041,-4.19868843733403));
#11466=CARTESIAN_POINT('Ctrl Pts',(12.,-2.59043457916877,-4.75439297138783));
#11467=CARTESIAN_POINT('Ctrl Pts',(11.5,-2.59043457916877,-4.75439297138783));
#11468=CARTESIAN_POINT('Ctrl Pts',(12.,-2.56003869833211,-4.7245779321078));
#11469=CARTESIAN_POINT('Ctrl Pts',(11.5,-2.56003869833211,-4.7245779321078));
#11470=CARTESIAN_POINT('Ctrl Pts',(12.,-2.49572245841053,-4.66149072532768));
#11471=CARTESIAN_POINT('Ctrl Pts',(11.5,-2.49572245841053,-4.66149072532768));
#11472=CARTESIAN_POINT('Ctrl Pts',(12.,-2.46106288718264,-4.57819116550949));
#11473=CARTESIAN_POINT('Ctrl Pts',(11.5,-2.46106288718264,-4.57819116550949));
#11474=CARTESIAN_POINT('Ctrl Pts',(12.,-2.44278344324729,-4.53425901114079));
#11475=CARTESIAN_POINT('Ctrl Pts',(11.5,-2.44278344324729,-4.53425901114079));
#11476=CARTESIAN_POINT('',(12.,-2.59043457916877,-4.75439297138783));
#11477=CARTESIAN_POINT('Ctrl Pts',(12.,-2.59043457916877,-4.75439297138783));
#11478=CARTESIAN_POINT('Ctrl Pts',(12.,-2.56003869833211,-4.7245779321078));
#11479=CARTESIAN_POINT('Ctrl Pts',(12.,-2.49572245841053,-4.66149072532768));
#11480=CARTESIAN_POINT('Ctrl Pts',(12.,-2.46106288718264,-4.57819116550949));
#11481=CARTESIAN_POINT('Ctrl Pts',(12.,-2.44278344324729,-4.53425901114079));
#11482=CARTESIAN_POINT('',(11.5,-2.59043457916877,-4.75439297138783));
#11483=CARTESIAN_POINT('',(12.,-2.59043457916877,-4.75439297138783));
#11484=CARTESIAN_POINT('Ctrl Pts',(11.5,-2.59043457916877,-4.75439297138783));
#11485=CARTESIAN_POINT('Ctrl Pts',(11.5,-2.56003869833211,-4.7245779321078));
#11486=CARTESIAN_POINT('Ctrl Pts',(11.5,-2.49572245841053,-4.66149072532768));
#11487=CARTESIAN_POINT('Ctrl Pts',(11.5,-2.46106288718264,-4.57819116550949));
#11488=CARTESIAN_POINT('Ctrl Pts',(11.5,-2.44278344324729,-4.53425901114079));
#11489=CARTESIAN_POINT('Ctrl Pts',(12.,-2.81728002241752,-4.83224557816121));
#11490=CARTESIAN_POINT('Ctrl Pts',(11.5,-2.81728002241752,-4.83224557816121));
#11491=CARTESIAN_POINT('Ctrl Pts',(12.,-2.77524310620926,-4.82924437531482));
#11492=CARTESIAN_POINT('Ctrl Pts',(11.5,-2.77524310620926,-4.82924437531482));
#11493=CARTESIAN_POINT('Ctrl Pts',(12.,-2.69267213656565,-4.82334926569509));
#11494=CARTESIAN_POINT('Ctrl Pts',(11.5,-2.69267213656565,-4.82334926569509));
#11495=CARTESIAN_POINT('Ctrl Pts',(12.,-2.62409772719456,-4.7770977973019));
#11496=CARTESIAN_POINT('Ctrl Pts',(11.5,-2.62409772719456,-4.7770977973019));
#11497=CARTESIAN_POINT('Ctrl Pts',(12.,-2.59043457916877,-4.75439297138783));
#11498=CARTESIAN_POINT('Ctrl Pts',(11.5,-2.59043457916877,-4.75439297138783));
#11499=CARTESIAN_POINT('',(12.,-2.81728002241752,-4.83224557816121));
#11500=CARTESIAN_POINT('Ctrl Pts',(12.,-2.81728002241752,-4.83224557816121));
#11501=CARTESIAN_POINT('Ctrl Pts',(12.,-2.77524310620926,-4.82924437531482));
#11502=CARTESIAN_POINT('Ctrl Pts',(12.,-2.69267213656565,-4.82334926569509));
#11503=CARTESIAN_POINT('Ctrl Pts',(12.,-2.62409772719456,-4.7770977973019));
#11504=CARTESIAN_POINT('Ctrl Pts',(12.,-2.59043457916877,-4.75439297138783));
#11505=CARTESIAN_POINT('',(11.5,-2.81728002241752,-4.83224557816121));
#11506=CARTESIAN_POINT('',(12.,-2.81728002241752,-4.83224557816121));
#11507=CARTESIAN_POINT('Ctrl Pts',(11.5,-2.81728002241752,-4.83224557816121));
#11508=CARTESIAN_POINT('Ctrl Pts',(11.5,-2.77524310620926,-4.82924437531482));
#11509=CARTESIAN_POINT('Ctrl Pts',(11.5,-2.69267213656565,-4.82334926569509));
#11510=CARTESIAN_POINT('Ctrl Pts',(11.5,-2.62409772719456,-4.7770977973019));
#11511=CARTESIAN_POINT('Ctrl Pts',(11.5,-2.59043457916877,-4.75439297138783));
#11512=CARTESIAN_POINT('Ctrl Pts',(12.,-3.04412576368949,-4.75439297138783));
#11513=CARTESIAN_POINT('Ctrl Pts',(11.5,-3.04412576368949,-4.75439297138783));
#11514=CARTESIAN_POINT('Ctrl Pts',(12.,-3.01046261488435,-4.77709779702927));
#11515=CARTESIAN_POINT('Ctrl Pts',(11.5,-3.01046261488435,-4.77709779702927));
#11516=CARTESIAN_POINT('Ctrl Pts',(12.,-2.94188812107246,-4.8233493207492));
#11517=CARTESIAN_POINT('Ctrl Pts',(11.5,-2.94188812107246,-4.8233493207492));
#11518=CARTESIAN_POINT('Ctrl Pts',(12.,-2.85931704286823,-4.82924439157061));
#11519=CARTESIAN_POINT('Ctrl Pts',(11.5,-2.85931704286823,-4.82924439157061));
#11520=CARTESIAN_POINT('Ctrl Pts',(12.,-2.81728002241752,-4.83224557816121));
#11521=CARTESIAN_POINT('Ctrl Pts',(11.5,-2.81728002241752,-4.83224557816121));
#11522=CARTESIAN_POINT('Ctrl Pts',(12.,-3.04412576368949,-4.75439297138783));
#11523=CARTESIAN_POINT('Ctrl Pts',(12.,-3.01046261488435,-4.77709779702927));
#11524=CARTESIAN_POINT('Ctrl Pts',(12.,-2.94188812107246,-4.8233493207492));
#11525=CARTESIAN_POINT('Ctrl Pts',(12.,-2.85931704286823,-4.82924439157061));
#11526=CARTESIAN_POINT('Ctrl Pts',(12.,-2.81728002241752,-4.83224557816121));
#11527=CARTESIAN_POINT('Ctrl Pts',(11.5,-3.04412576368949,-4.75439297138783));
#11528=CARTESIAN_POINT('Ctrl Pts',(11.5,-3.01046261488435,-4.77709779702927));
#11529=CARTESIAN_POINT('Ctrl Pts',(11.5,-2.94188812107246,-4.8233493207492));
#11530=CARTESIAN_POINT('Ctrl Pts',(11.5,-2.85931704286823,-4.82924439157061));
#11531=CARTESIAN_POINT('Ctrl Pts',(11.5,-2.81728002241752,-4.83224557816121));
#11532=CARTESIAN_POINT('Ctrl Pts',(12.,-2.0172798912873,-4.76110445438954));
#11533=CARTESIAN_POINT('Ctrl Pts',(11.5,-2.0172798912873,-4.76110445438954));
#11534=CARTESIAN_POINT('Ctrl Pts',(12.,-2.05869886831498,-4.83432046563605));
#11535=CARTESIAN_POINT('Ctrl Pts',(11.5,-2.05869886831498,-4.83432046563605));
#11536=CARTESIAN_POINT('Ctrl Pts',(12.,-2.13970269247393,-4.97751031063555));
#11537=CARTESIAN_POINT('Ctrl Pts',(11.5,-2.13970269247393,-4.97751031063555));
#11538=CARTESIAN_POINT('Ctrl Pts',(12.,-2.27296348542937,-5.07378746836605));
#11539=CARTESIAN_POINT('Ctrl Pts',(11.5,-2.27296348542937,-5.07378746836605));
#11540=CARTESIAN_POINT('Ctrl Pts',(12.,-2.3380852024903,-5.12083606897924));
#11541=CARTESIAN_POINT('Ctrl Pts',(11.5,-2.3380852024903,-5.12083606897924));
#11542=CARTESIAN_POINT('',(11.5,-2.0172798912873,-4.76110445438954));
#11543=CARTESIAN_POINT('',(12.,-2.0172798912873,-4.76110445438954));
#11544=CARTESIAN_POINT('',(11.5,-2.3380852024903,-5.12083606897924));
#11545=CARTESIAN_POINT('Ctrl Pts',(11.5,-2.0172798912873,-4.76110445438954));
#11546=CARTESIAN_POINT('Ctrl Pts',(11.5,-2.05869886831498,-4.83432046563605));
#11547=CARTESIAN_POINT('Ctrl Pts',(11.5,-2.13970269247393,-4.97751031063555));
#11548=CARTESIAN_POINT('Ctrl Pts',(11.5,-2.27296348542937,-5.07378746836605));
#11549=CARTESIAN_POINT('Ctrl Pts',(11.5,-2.3380852024903,-5.12083606897924));
#11550=CARTESIAN_POINT('',(12.,-2.3380852024903,-5.12083606897924));
#11551=CARTESIAN_POINT('Ctrl Pts',(12.,-1.9018435757508,-4.19868843733403));
#11552=CARTESIAN_POINT('Ctrl Pts',(11.5,-1.9018435757508,-4.19868843733403));
#11553=CARTESIAN_POINT('Ctrl Pts',(12.,-1.90543373880059,-4.30142218525697));
#11554=CARTESIAN_POINT('Ctrl Pts',(11.5,-1.90543373880059,-4.30142218525697));
#11555=CARTESIAN_POINT('Ctrl Pts',(12.,-1.91222022928603,-4.49561993982831));
#11556=CARTESIAN_POINT('Ctrl Pts',(11.5,-1.91222022928603,-4.49561993982831));
#11557=CARTESIAN_POINT('Ctrl Pts',(12.,-1.98364158568163,-4.67610085677398));
#11558=CARTESIAN_POINT('Ctrl Pts',(11.5,-1.98364158568163,-4.67610085677398));
#11559=CARTESIAN_POINT('Ctrl Pts',(12.,-2.0172798912873,-4.76110445438954));
#11560=CARTESIAN_POINT('Ctrl Pts',(11.5,-2.0172798912873,-4.76110445438954));
#11561=CARTESIAN_POINT('',(11.5,-1.9018435757508,-4.19868843733403));
#11562=CARTESIAN_POINT('',(12.,-1.9018435757508,-4.19868843733403));
#11563=CARTESIAN_POINT('Ctrl Pts',(11.5,-1.9018435757508,-4.19868843733403));
#11564=CARTESIAN_POINT('Ctrl Pts',(11.5,-1.90543373880059,-4.30142218525697));
#11565=CARTESIAN_POINT('Ctrl Pts',(11.5,-1.91222022928603,-4.49561993982831));
#11566=CARTESIAN_POINT('Ctrl Pts',(11.5,-1.98364158568163,-4.67610085677398));
#11567=CARTESIAN_POINT('Ctrl Pts',(11.5,-2.0172798912873,-4.76110445438954));
#11568=CARTESIAN_POINT('Ctrl Pts',(12.,-2.0172798912873,-3.64298360525701));
#11569=CARTESIAN_POINT('Ctrl Pts',(11.5,-2.0172798912873,-3.64298360525701));
#11570=CARTESIAN_POINT('Ctrl Pts',(12.,-1.98364811593204,-3.7262945771457));
#11571=CARTESIAN_POINT('Ctrl Pts',(11.5,-1.98364811593204,-3.7262945771457));
#11572=CARTESIAN_POINT('Ctrl Pts',(12.,-1.91177729503079,-3.90432942295666));
#11573=CARTESIAN_POINT('Ctrl Pts',(11.5,-1.91177729503079,-3.90432942295666));
#11574=CARTESIAN_POINT('Ctrl Pts',(12.,-1.90529336600343,-4.09646319521149));
#11575=CARTESIAN_POINT('Ctrl Pts',(11.5,-1.90529336600343,-4.09646319521149));
#11576=CARTESIAN_POINT('Ctrl Pts',(12.,-1.9018435757508,-4.19868843733403));
#11577=CARTESIAN_POINT('Ctrl Pts',(11.5,-1.9018435757508,-4.19868843733403));
#11578=CARTESIAN_POINT('',(11.5,-2.0172798912873,-3.64298360525701));
#11579=CARTESIAN_POINT('',(12.,-2.0172798912873,-3.64298360525701));
#11580=CARTESIAN_POINT('Ctrl Pts',(11.5,-2.0172798912873,-3.64298360525701));
#11581=CARTESIAN_POINT('Ctrl Pts',(11.5,-1.98364811593204,-3.7262945771457));
#11582=CARTESIAN_POINT('Ctrl Pts',(11.5,-1.91177729503079,-3.90432942295666));
#11583=CARTESIAN_POINT('Ctrl Pts',(11.5,-1.90529336600343,-4.09646319521149));
#11584=CARTESIAN_POINT('Ctrl Pts',(11.5,-1.9018435757508,-4.19868843733403));
#11585=CARTESIAN_POINT('Ctrl Pts',(12.,-2.3380852024903,-3.29399021445844));
#11586=CARTESIAN_POINT('Ctrl Pts',(11.5,-2.3380852024903,-3.29399021445844));
#11587=CARTESIAN_POINT('Ctrl Pts',(12.,-2.27303052601677,-3.33942420221086));
#11588=CARTESIAN_POINT('Ctrl Pts',(11.5,-2.27303052601677,-3.33942420221086));
#11589=CARTESIAN_POINT('Ctrl Pts',(12.,-2.14042988155626,-3.43203208811485));
#11590=CARTESIAN_POINT('Ctrl Pts',(11.5,-2.14042988155626,-3.43203208811485));
#11591=CARTESIAN_POINT('Ctrl Pts',(12.,-2.05884085101869,-3.57179117162325));
#11592=CARTESIAN_POINT('Ctrl Pts',(11.5,-2.05884085101869,-3.57179117162325));
#11593=CARTESIAN_POINT('Ctrl Pts',(12.,-2.0172798912873,-3.64298360525701));
#11594=CARTESIAN_POINT('Ctrl Pts',(11.5,-2.0172798912873,-3.64298360525701));
#11595=CARTESIAN_POINT('',(11.5,-2.3380852024903,-3.29399021445844));
#11596=CARTESIAN_POINT('',(12.,-2.3380852024903,-3.29399021445844));
#11597=CARTESIAN_POINT('Ctrl Pts',(11.5,-2.3380852024903,-3.29399021445844));
#11598=CARTESIAN_POINT('Ctrl Pts',(11.5,-2.27303052601677,-3.33942420221086));
#11599=CARTESIAN_POINT('Ctrl Pts',(11.5,-2.14042988155626,-3.43203208811485));
#11600=CARTESIAN_POINT('Ctrl Pts',(11.5,-2.05884085101869,-3.57179117162325));
#11601=CARTESIAN_POINT('Ctrl Pts',(11.5,-2.0172798912873,-3.64298360525701));
#11602=CARTESIAN_POINT('Ctrl Pts',(12.,-2.81728002241752,-3.17318486153218));
#11603=CARTESIAN_POINT('Ctrl Pts',(11.5,-2.81728002241752,-3.17318486153218));
#11604=CARTESIAN_POINT('Ctrl Pts',(12.,-2.73021339554307,-3.1774393208016));
#11605=CARTESIAN_POINT('Ctrl Pts',(11.5,-2.73021339554307,-3.1774393208016));
#11606=CARTESIAN_POINT('Ctrl Pts',(12.,-2.56222990780191,-3.18564773465874));
#11607=CARTESIAN_POINT('Ctrl Pts',(11.5,-2.56222990780191,-3.18564773465874));
#11608=CARTESIAN_POINT('Ctrl Pts',(12.,-2.41095406762107,-3.25876835393096));
#11609=CARTESIAN_POINT('Ctrl Pts',(11.5,-2.41095406762107,-3.25876835393096));
#11610=CARTESIAN_POINT('Ctrl Pts',(12.,-2.3380852024903,-3.29399021445844));
#11611=CARTESIAN_POINT('Ctrl Pts',(11.5,-2.3380852024903,-3.29399021445844));
#11612=CARTESIAN_POINT('',(11.5,-2.81728002241752,-3.17318486153218));
#11613=CARTESIAN_POINT('',(12.,-2.81728002241752,-3.17318486153218));
#11614=CARTESIAN_POINT('Ctrl Pts',(11.5,-2.81728002241752,-3.17318486153218));
#11615=CARTESIAN_POINT('Ctrl Pts',(11.5,-2.73021339554307,-3.1774393208016));
#11616=CARTESIAN_POINT('Ctrl Pts',(11.5,-2.56222990780191,-3.18564773465874));
#11617=CARTESIAN_POINT('Ctrl Pts',(11.5,-2.41095406762107,-3.25876835393096));
#11618=CARTESIAN_POINT('Ctrl Pts',(11.5,-2.3380852024903,-3.29399021445844));
#11619=CARTESIAN_POINT('Ctrl Pts',(12.,-3.29513254574439,-3.2926479178581));
#11620=CARTESIAN_POINT('Ctrl Pts',(11.5,-3.29513254574439,-3.2926479178581));
#11621=CARTESIAN_POINT('Ctrl Pts',(12.,-3.22212492170995,-3.25781531783032));
#11622=CARTESIAN_POINT('Ctrl Pts',(11.5,-3.22212492170995,-3.25781531783032));
#11623=CARTESIAN_POINT('Ctrl Pts',(12.,-3.07105772584909,-3.18573978763288));
#11624=CARTESIAN_POINT('Ctrl Pts',(11.5,-3.07105772584909,-3.18573978763288));
#11625=CARTESIAN_POINT('Ctrl Pts',(12.,-2.90373774653641,-3.17746211017329));
#11626=CARTESIAN_POINT('Ctrl Pts',(11.5,-2.90373774653641,-3.17746211017329));
#11627=CARTESIAN_POINT('Ctrl Pts',(12.,-2.81728002241752,-3.17318486153218));
#11628=CARTESIAN_POINT('Ctrl Pts',(11.5,-2.81728002241752,-3.17318486153218));
#11629=CARTESIAN_POINT('',(11.5,-3.29513254574439,-3.2926479178581));
#11630=CARTESIAN_POINT('',(12.,-3.29513254574439,-3.2926479178581));
#11631=CARTESIAN_POINT('Ctrl Pts',(11.5,-3.29513254574439,-3.2926479178581));
#11632=CARTESIAN_POINT('Ctrl Pts',(11.5,-3.22212492170995,-3.25781531783032));
#11633=CARTESIAN_POINT('Ctrl Pts',(11.5,-3.07105772584909,-3.18573978763288));
#11634=CARTESIAN_POINT('Ctrl Pts',(11.5,-2.90373774653641,-3.17746211017329));
#11635=CARTESIAN_POINT('Ctrl Pts',(11.5,-2.81728002241752,-3.17318486153218));
#11636=CARTESIAN_POINT('Ctrl Pts',(12.,-3.61728015354774,-3.64164130865666));
#11637=CARTESIAN_POINT('Ctrl Pts',(11.5,-3.61728015354774,-3.64164130865666));
#11638=CARTESIAN_POINT('Ctrl Pts',(12.,-3.57569507634018,-3.57012530202263));
#11639=CARTESIAN_POINT('Ctrl Pts',(11.5,-3.57569507634018,-3.57012530202263));
#11640=CARTESIAN_POINT('Ctrl Pts',(12.,-3.49411839632333,-3.42983366903736));
#11641=CARTESIAN_POINT('Ctrl Pts',(11.5,-3.49411839632333,-3.42983366903736));
#11642=CARTESIAN_POINT('Ctrl Pts',(12.,-3.36059175036606,-3.3377771073532));
#11643=CARTESIAN_POINT('Ctrl Pts',(11.5,-3.36059175036606,-3.3377771073532));
#11644=CARTESIAN_POINT('Ctrl Pts',(12.,-3.29513254574439,-3.2926479178581));
#11645=CARTESIAN_POINT('Ctrl Pts',(11.5,-3.29513254574439,-3.2926479178581));
#11646=CARTESIAN_POINT('',(11.5,-3.61728015354774,-3.64164130865666));
#11647=CARTESIAN_POINT('',(12.,-3.61728015354774,-3.64164130865666));
#11648=CARTESIAN_POINT('Ctrl Pts',(11.5,-3.61728015354774,-3.64164130865666));
#11649=CARTESIAN_POINT('Ctrl Pts',(11.5,-3.57569507634018,-3.57012530202263));
#11650=CARTESIAN_POINT('Ctrl Pts',(11.5,-3.49411839632333,-3.42983366903736));
#11651=CARTESIAN_POINT('Ctrl Pts',(11.5,-3.36059175036606,-3.3377771073532));
#11652=CARTESIAN_POINT('Ctrl Pts',(11.5,-3.29513254574439,-3.2926479178581));
#11653=CARTESIAN_POINT('Ctrl Pts',(12.,-3.73271646908424,-4.19868843733403));
#11654=CARTESIAN_POINT('Ctrl Pts',(11.5,-3.73271646908424,-4.19868843733403));
#11655=CARTESIAN_POINT('Ctrl Pts',(12.,-3.7292381752075,-4.09636172137994));
#11656=CARTESIAN_POINT('Ctrl Pts',(11.5,-3.7292381752075,-4.09636172137994));
#11657=CARTESIAN_POINT('Ctrl Pts',(12.,-3.7226931440437,-3.90381572942442));
#11658=CARTESIAN_POINT('Ctrl Pts',(11.5,-3.7226931440437,-3.90381572942442));
#11659=CARTESIAN_POINT('Ctrl Pts',(12.,-3.65091329297962,-3.7252908551468));
#11660=CARTESIAN_POINT('Ctrl Pts',(11.5,-3.65091329297962,-3.7252908551468));
#11661=CARTESIAN_POINT('Ctrl Pts',(12.,-3.61728015354774,-3.64164130865666));
#11662=CARTESIAN_POINT('Ctrl Pts',(11.5,-3.61728015354774,-3.64164130865666));
#11663=CARTESIAN_POINT('',(11.5,-3.73271646908424,-4.19868843733403));
#11664=CARTESIAN_POINT('',(12.,-3.73271646908424,-4.19868843733403));
#11665=CARTESIAN_POINT('Ctrl Pts',(11.5,-3.73271646908424,-4.19868843733403));
#11666=CARTESIAN_POINT('Ctrl Pts',(11.5,-3.7292381752075,-4.09636172137994));
#11667=CARTESIAN_POINT('Ctrl Pts',(11.5,-3.7226931440437,-3.90381572942442));
#11668=CARTESIAN_POINT('Ctrl Pts',(11.5,-3.65091329297962,-3.7252908551468));
#11669=CARTESIAN_POINT('Ctrl Pts',(11.5,-3.61728015354774,-3.64164130865666));
#11670=CARTESIAN_POINT('Ctrl Pts',(12.,-3.61728015354774,-4.76110445438954));
#11671=CARTESIAN_POINT('Ctrl Pts',(11.5,-3.61728015354774,-4.76110445438954));
#11672=CARTESIAN_POINT('Ctrl Pts',(12.,-3.6509184591534,-4.67610085677398));
#11673=CARTESIAN_POINT('Ctrl Pts',(11.5,-3.6509184591534,-4.67610085677398));
#11674=CARTESIAN_POINT('Ctrl Pts',(12.,-3.722339815549,-4.49561993982831));
#11675=CARTESIAN_POINT('Ctrl Pts',(11.5,-3.722339815549,-4.49561993982831));
#11676=CARTESIAN_POINT('Ctrl Pts',(12.,-3.72912630603445,-4.30142218525697));
#11677=CARTESIAN_POINT('Ctrl Pts',(11.5,-3.72912630603445,-4.30142218525697));
#11678=CARTESIAN_POINT('Ctrl Pts',(12.,-3.73271646908424,-4.19868843733403));
#11679=CARTESIAN_POINT('Ctrl Pts',(11.5,-3.73271646908424,-4.19868843733403));
#11680=CARTESIAN_POINT('',(11.5,-3.61728015354774,-4.76110445438954));
#11681=CARTESIAN_POINT('',(12.,-3.61728015354774,-4.76110445438954));
#11682=CARTESIAN_POINT('Ctrl Pts',(11.5,-3.61728015354774,-4.76110445438954));
#11683=CARTESIAN_POINT('Ctrl Pts',(11.5,-3.6509184591534,-4.67610085677398));
#11684=CARTESIAN_POINT('Ctrl Pts',(11.5,-3.722339815549,-4.49561993982831));
#11685=CARTESIAN_POINT('Ctrl Pts',(11.5,-3.72912630603445,-4.30142218525697));
#11686=CARTESIAN_POINT('Ctrl Pts',(11.5,-3.73271646908424,-4.19868843733403));
#11687=CARTESIAN_POINT('Ctrl Pts',(12.,-3.29513254574439,-5.12083606897924));
#11688=CARTESIAN_POINT('Ctrl Pts',(11.5,-3.29513254574439,-5.12083606897924));
#11689=CARTESIAN_POINT('Ctrl Pts',(12.,-3.36062409785768,-5.07383261383137));
#11690=CARTESIAN_POINT('Ctrl Pts',(11.5,-3.36062409785768,-5.07383261383137));
#11691=CARTESIAN_POINT('Ctrl Pts',(12.,-3.494470369987,-4.9777708005786));
#11692=CARTESIAN_POINT('Ctrl Pts',(11.5,-3.494470369987,-4.9777708005786));
#11693=CARTESIAN_POINT('Ctrl Pts',(12.,-3.57576389647374,-4.83434923560211));
#11694=CARTESIAN_POINT('Ctrl Pts',(11.5,-3.57576389647374,-4.83434923560211));
#11695=CARTESIAN_POINT('Ctrl Pts',(12.,-3.61728015354774,-4.76110445438954));
#11696=CARTESIAN_POINT('Ctrl Pts',(11.5,-3.61728015354774,-4.76110445438954));
#11697=CARTESIAN_POINT('',(11.5,-3.29513254574439,-5.12083606897924));
#11698=CARTESIAN_POINT('',(12.,-3.29513254574439,-5.12083606897924));
#11699=CARTESIAN_POINT('Ctrl Pts',(11.5,-3.29513254574439,-5.12083606897924));
#11700=CARTESIAN_POINT('Ctrl Pts',(11.5,-3.36062409785768,-5.07383261383137));
#11701=CARTESIAN_POINT('Ctrl Pts',(11.5,-3.494470369987,-4.9777708005786));
#11702=CARTESIAN_POINT('Ctrl Pts',(11.5,-3.57576389647374,-4.83434923560211));
#11703=CARTESIAN_POINT('Ctrl Pts',(11.5,-3.61728015354774,-4.76110445438954));
#11704=CARTESIAN_POINT('Ctrl Pts',(12.,-2.81728002241752,-5.24566846071813));
#11705=CARTESIAN_POINT('Ctrl Pts',(11.5,-2.81728002241752,-5.24566846071813));
#11706=CARTESIAN_POINT('Ctrl Pts',(12.,-2.90385073195107,-5.24113338477896));
#11707=CARTESIAN_POINT('Ctrl Pts',(11.5,-2.90385073195107,-5.24113338477896));
#11708=CARTESIAN_POINT('Ctrl Pts',(12.,-3.07185502038116,-5.23233234560254));
#11709=CARTESIAN_POINT('Ctrl Pts',(11.5,-3.07185502038116,-5.23233234560254));
#11710=CARTESIAN_POINT('Ctrl Pts',(12.,-3.22223949156476,-5.15723607887502));
#11711=CARTESIAN_POINT('Ctrl Pts',(11.5,-3.22223949156476,-5.15723607887502));
#11712=CARTESIAN_POINT('Ctrl Pts',(12.,-3.29513254574439,-5.12083606897924));
#11713=CARTESIAN_POINT('Ctrl Pts',(11.5,-3.29513254574439,-5.12083606897924));
#11714=CARTESIAN_POINT('',(11.5,-2.81728002241752,-5.24566846071813));
#11715=CARTESIAN_POINT('',(12.,-2.81728002241752,-5.24566846071813));
#11716=CARTESIAN_POINT('Ctrl Pts',(11.5,-2.81728002241752,-5.24566846071813));
#11717=CARTESIAN_POINT('Ctrl Pts',(11.5,-2.90385073195107,-5.24113338477896));
#11718=CARTESIAN_POINT('Ctrl Pts',(11.5,-3.07185502038116,-5.23233234560254));
#11719=CARTESIAN_POINT('Ctrl Pts',(11.5,-3.22223949156476,-5.15723607887502));
#11720=CARTESIAN_POINT('Ctrl Pts',(11.5,-3.29513254574439,-5.12083606897924));
#11721=CARTESIAN_POINT('Ctrl Pts',(12.,-2.3380852024903,-5.12083606897924));
#11722=CARTESIAN_POINT('Ctrl Pts',(11.5,-2.3380852024903,-5.12083606897924));
#11723=CARTESIAN_POINT('Ctrl Pts',(12.,-2.41086775445941,-5.15723358564634));
#11724=CARTESIAN_POINT('Ctrl Pts',(11.5,-2.41086775445941,-5.15723358564634));
#11725=CARTESIAN_POINT('Ctrl Pts',(12.,-2.56162560959927,-5.23262543982973));
#11726=CARTESIAN_POINT('Ctrl Pts',(11.5,-2.56162560959927,-5.23262543982973));
#11727=CARTESIAN_POINT('Ctrl Pts',(12.,-2.73012724363512,-5.24122208523175));
#11728=CARTESIAN_POINT('Ctrl Pts',(11.5,-2.73012724363512,-5.24122208523175));
#11729=CARTESIAN_POINT('Ctrl Pts',(12.,-2.81728002241752,-5.24566846071813));
#11730=CARTESIAN_POINT('Ctrl Pts',(11.5,-2.81728002241752,-5.24566846071813));
#11731=CARTESIAN_POINT('Ctrl Pts',(11.5,-2.3380852024903,-5.12083606897924));
#11732=CARTESIAN_POINT('Ctrl Pts',(11.5,-2.41086775445941,-5.15723358564634));
#11733=CARTESIAN_POINT('Ctrl Pts',(11.5,-2.56162560959927,-5.23262543982973));
#11734=CARTESIAN_POINT('Ctrl Pts',(11.5,-2.73012724363512,-5.24122208523175));
#11735=CARTESIAN_POINT('Ctrl Pts',(11.5,-2.81728002241752,-5.24566846071813));
#11736=CARTESIAN_POINT('Origin',(11.5,-2.947481321161,-4.20942666112516));
#11737=CARTESIAN_POINT('Origin',(12.,-0.272313086306067,-4.8053999441776));
#11738=CARTESIAN_POINT('',(11.5,-0.272313086306067,-4.8053999441776));
#11739=CARTESIAN_POINT('',(12.,-0.272313086306067,-4.8053999441776));
#11740=CARTESIAN_POINT('',(11.5,-0.272313086306067,-5.20808445393178));
#11741=CARTESIAN_POINT('',(11.5,-0.272313086306067,-4.8053999441776));
#11742=CARTESIAN_POINT('',(12.,-0.272313086306067,-5.20808445393178));
#11743=CARTESIAN_POINT('Origin',(12.,-1.05083706787726,-4.8053999441776));
#11744=CARTESIAN_POINT('',(11.5,-1.05083706787727,-4.8053999441776));
#11745=CARTESIAN_POINT('',(12.,-1.05083706787727,-4.8053999441776));
#11746=CARTESIAN_POINT('',(11.5,-1.05083706787726,-4.8053999441776));
#11747=CARTESIAN_POINT('Origin',(12.,-1.05083706787726,-3.20808427511785));
#11748=CARTESIAN_POINT('',(11.5,-1.05083706787726,-3.20808427511785));
#11749=CARTESIAN_POINT('',(12.,-1.05083706787726,-3.20808427511785));
#11750=CARTESIAN_POINT('',(11.5,-1.05083706787726,-3.20808427511785));
#11751=CARTESIAN_POINT('Origin',(12.,-1.5313738863816,-3.20808427511785));
#11752=CARTESIAN_POINT('',(11.5,-1.5313738863816,-3.20808427511785));
#11753=CARTESIAN_POINT('',(12.,-1.5313738863816,-3.20808427511785));
#11754=CARTESIAN_POINT('',(11.5,-1.5313738863816,-3.20808427511785));
#11755=CARTESIAN_POINT('Origin',(12.,-1.5313738863816,-5.20808445393178));
#11756=CARTESIAN_POINT('',(11.5,-1.5313738863816,-5.20808445393178));
#11757=CARTESIAN_POINT('',(12.,-1.5313738863816,-5.20808445393178));
#11758=CARTESIAN_POINT('',(11.5,-1.5313738863816,-5.20808445393178));
#11759=CARTESIAN_POINT('Origin',(12.,-0.272313086306067,-5.20808445393178));
#11760=CARTESIAN_POINT('',(11.5,-0.272313086306067,-5.20808445393178));
#11761=CARTESIAN_POINT('Origin',(11.5,-2.947481321161,-4.20942666112516));
#11762=CARTESIAN_POINT('Origin',(12.,-3.84815263560912,-3.20808427511785));
#11763=CARTESIAN_POINT('',(11.5,-3.84815263560912,-3.20808427511785));
#11764=CARTESIAN_POINT('',(12.,-3.84815263560912,-3.20808427511785));
#11765=CARTESIAN_POINT('',(11.5,-4.44681051186225,-5.20808445393178));
#11766=CARTESIAN_POINT('',(11.5,-3.84815263560912,-3.20808427511785));
#11767=CARTESIAN_POINT('',(12.,-4.44681051186225,-5.20808445393178));
#11768=CARTESIAN_POINT('Origin',(12.,-4.33674338272712,-3.20808427511785));
#11769=CARTESIAN_POINT('',(11.5,-4.33674338272712,-3.20808427511785));
#11770=CARTESIAN_POINT('',(12.,-4.33674338272712,-3.20808427511785));
#11771=CARTESIAN_POINT('',(11.5,-4.33674338272712,-3.20808427511785));
#11772=CARTESIAN_POINT('Origin',(12.,-4.56224667838714,-4.12083612858388));
#11773=CARTESIAN_POINT('',(11.5,-4.56224667838714,-4.12083612858388));
#11774=CARTESIAN_POINT('',(12.,-4.56224667838714,-4.12083612858388));
#11775=CARTESIAN_POINT('',(11.5,-4.56224667838714,-4.12083612858388));
#11776=CARTESIAN_POINT('Ctrl Pts',(12.,-4.63875683954856,-4.43761454998586));
#11777=CARTESIAN_POINT('Ctrl Pts',(11.5,-4.63875683954856,-4.43761454998586));
#11778=CARTESIAN_POINT('Ctrl Pts',(12.,-4.62709981302952,-4.38519034391931));
#11779=CARTESIAN_POINT('Ctrl Pts',(11.5,-4.62709981302952,-4.38519034391931));
#11780=CARTESIAN_POINT('Ctrl Pts',(12.,-4.60351714543397,-4.27913391318122));
#11781=CARTESIAN_POINT('Ctrl Pts',(11.5,-4.60351714543397,-4.27913391318122));
#11782=CARTESIAN_POINT('Ctrl Pts',(12.,-4.57610756885101,-4.17400122241446));
#11783=CARTESIAN_POINT('Ctrl Pts',(11.5,-4.57610756885101,-4.17400122241446));
#11784=CARTESIAN_POINT('Ctrl Pts',(12.,-4.56224667838714,-4.12083612858388));
#11785=CARTESIAN_POINT('Ctrl Pts',(11.5,-4.56224667838714,-4.12083612858388));
#11786=CARTESIAN_POINT('',(11.5,-4.63875683954856,-4.43761454998586));
#11787=CARTESIAN_POINT('',(12.,-4.63875683954856,-4.43761454998586));
#11788=CARTESIAN_POINT('Ctrl Pts',(11.5,-4.63875683954856,-4.43761454998586));
#11789=CARTESIAN_POINT('Ctrl Pts',(11.5,-4.62709981302952,-4.38519034391931));
#11790=CARTESIAN_POINT('Ctrl Pts',(11.5,-4.60351714543397,-4.27913391318122));
#11791=CARTESIAN_POINT('Ctrl Pts',(11.5,-4.57610756885101,-4.17400122241446));
#11792=CARTESIAN_POINT('Ctrl Pts',(11.5,-4.56224667838714,-4.12083612858388));
#11793=CARTESIAN_POINT('Ctrl Pts',(12.,-4.71795144489905,-4.7597621577892));
#11794=CARTESIAN_POINT('Ctrl Pts',(11.5,-4.71795144489905,-4.7597621577892));
#11795=CARTESIAN_POINT('Ctrl Pts',(12.,-4.70335945862166,-4.70527084358007));
#11796=CARTESIAN_POINT('Ctrl Pts',(11.5,-4.70335945862166,-4.70527084358007));
#11797=CARTESIAN_POINT('Ctrl Pts',(12.,-4.67474940132431,-4.59843140499413));
#11798=CARTESIAN_POINT('Ctrl Pts',(11.5,-4.67474940132431,-4.59843140499413));
#11799=CARTESIAN_POINT('Ctrl Pts',(12.,-4.65059283392783,-4.49049845982893));
#11800=CARTESIAN_POINT('Ctrl Pts',(11.5,-4.65059283392783,-4.49049845982893));
#11801=CARTESIAN_POINT('Ctrl Pts',(12.,-4.63875683954856,-4.43761454998586));
#11802=CARTESIAN_POINT('Ctrl Pts',(11.5,-4.63875683954856,-4.43761454998586));
#11803=CARTESIAN_POINT('',(11.5,-4.71795144489905,-4.7597621577892));
#11804=CARTESIAN_POINT('',(12.,-4.71795144489905,-4.7597621577892));
#11805=CARTESIAN_POINT('Ctrl Pts',(11.5,-4.71795144489905,-4.7597621577892));
#11806=CARTESIAN_POINT('Ctrl Pts',(11.5,-4.70335945862166,-4.70527084358007));
#11807=CARTESIAN_POINT('Ctrl Pts',(11.5,-4.67474940132431,-4.59843140499413));
#11808=CARTESIAN_POINT('Ctrl Pts',(11.5,-4.65059283392783,-4.49049845982893));
#11809=CARTESIAN_POINT('Ctrl Pts',(11.5,-4.63875683954856,-4.43761454998586));
#11810=CARTESIAN_POINT('Origin',(12.,-4.73137426189086,-4.7597621577892));
#11811=CARTESIAN_POINT('',(11.5,-4.73137426189086,-4.7597621577892));
#11812=CARTESIAN_POINT('',(12.,-4.73137426189086,-4.7597621577892));
#11813=CARTESIAN_POINT('',(11.5,-4.73137426189086,-4.7597621577892));
#11814=CARTESIAN_POINT('Ctrl Pts',(12.,-4.80788442305228,-4.43761454998586));
#11815=CARTESIAN_POINT('Ctrl Pts',(11.5,-4.80788442305228,-4.43761454998586));
#11816=CARTESIAN_POINT('Ctrl Pts',(12.,-4.79617562244684,-4.49047262996359));
#11817=CARTESIAN_POINT('Ctrl Pts',(11.5,-4.79617562244684,-4.49047262996359));
#11818=CARTESIAN_POINT('Ctrl Pts',(12.,-4.77230316624984,-4.59824218223853));
#11819=CARTESIAN_POINT('Ctrl Pts',(11.5,-4.77230316624984,-4.59824218223853));
#11820=CARTESIAN_POINT('Ctrl Pts',(12.,-4.74518943427359,-4.70524258682988));
#11821=CARTESIAN_POINT('Ctrl Pts',(11.5,-4.74518943427359,-4.70524258682988));
#11822=CARTESIAN_POINT('Ctrl Pts',(12.,-4.73137426189086,-4.7597621577892));
#11823=CARTESIAN_POINT('Ctrl Pts',(11.5,-4.73137426189086,-4.7597621577892));
#11824=CARTESIAN_POINT('',(11.5,-4.80788442305228,-4.43761454998586));
#11825=CARTESIAN_POINT('',(12.,-4.80788442305228,-4.43761454998586));
#11826=CARTESIAN_POINT('Ctrl Pts',(11.5,-4.80788442305228,-4.43761454998586));
#11827=CARTESIAN_POINT('Ctrl Pts',(11.5,-4.79617562244684,-4.49047262996359));
#11828=CARTESIAN_POINT('Ctrl Pts',(11.5,-4.77230316624984,-4.59824218223853));
#11829=CARTESIAN_POINT('Ctrl Pts',(11.5,-4.74518943427359,-4.70524258682988));
#11830=CARTESIAN_POINT('Ctrl Pts',(11.5,-4.73137426189086,-4.7597621577892));
#11831=CARTESIAN_POINT('Ctrl Pts',(12.,-4.88707902840278,-4.12083612858388));
#11832=CARTESIAN_POINT('Ctrl Pts',(11.5,-4.88707902840278,-4.12083612858388));
#11833=CARTESIAN_POINT('Ctrl Pts',(12.,-4.87244144477266,-4.17397211546848));
#11834=CARTESIAN_POINT('Ctrl Pts',(11.5,-4.87244144477266,-4.17397211546848));
#11835=CARTESIAN_POINT('Ctrl Pts',(12.,-4.84352654506753,-4.27893627965882));
#11836=CARTESIAN_POINT('Ctrl Pts',(11.5,-4.84352654506753,-4.27893627965882));
#11837=CARTESIAN_POINT('Ctrl Pts',(12.,-4.8196660330578,-4.38516297326593));
#11838=CARTESIAN_POINT('Ctrl Pts',(11.5,-4.8196660330578,-4.38516297326593));
#11839=CARTESIAN_POINT('Ctrl Pts',(12.,-4.80788442305228,-4.43761454998586));
#11840=CARTESIAN_POINT('Ctrl Pts',(11.5,-4.80788442305228,-4.43761454998586));
#11841=CARTESIAN_POINT('',(11.5,-4.88707902840278,-4.12083612858388));
#11842=CARTESIAN_POINT('',(12.,-4.88707902840278,-4.12083612858388));
#11843=CARTESIAN_POINT('Ctrl Pts',(11.5,-4.88707902840278,-4.12083612858388));
#11844=CARTESIAN_POINT('Ctrl Pts',(11.5,-4.87244144477266,-4.17397211546848));
#11845=CARTESIAN_POINT('Ctrl Pts',(11.5,-4.84352654506753,-4.27893627965882));
#11846=CARTESIAN_POINT('Ctrl Pts',(11.5,-4.8196660330578,-4.38516297326593));
#11847=CARTESIAN_POINT('Ctrl Pts',(11.5,-4.80788442305228,-4.43761454998586));
#11848=CARTESIAN_POINT('Origin',(12.,-5.11526695451638,-3.20808427511785));
#11849=CARTESIAN_POINT('',(11.5,-5.11526695451638,-3.20808427511785));
#11850=CARTESIAN_POINT('',(12.,-5.11526695451638,-3.20808427511785));
#11851=CARTESIAN_POINT('',(11.5,-5.11526695451638,-3.20808427511785));
#11852=CARTESIAN_POINT('Origin',(12.,-5.62264955601594,-3.20808427511785));
#11853=CARTESIAN_POINT('',(11.5,-5.62264955601594,-3.20808427511785));
#11854=CARTESIAN_POINT('',(12.,-5.62264955601594,-3.20808427511785));
#11855=CARTESIAN_POINT('',(11.5,-5.62264955601594,-3.20808427511785));
#11856=CARTESIAN_POINT('Origin',(12.,-5.02399175426862,-5.20808445393178));
#11857=CARTESIAN_POINT('',(11.5,-5.02399175426862,-5.20808445393178));
#11858=CARTESIAN_POINT('',(12.,-5.02399175426862,-5.20808445393178));
#11859=CARTESIAN_POINT('',(11.5,-5.02399175426862,-5.20808445393178));
#11860=CARTESIAN_POINT('Origin',(12.,-4.44681051186225,-5.20808445393178));
#11861=CARTESIAN_POINT('',(11.5,-4.44681051186225,-5.20808445393178));
#11862=CARTESIAN_POINT('Origin',(11.5,-2.947481321161,-4.20942666112516));
#11863=CARTESIAN_POINT('Origin',(12.,-40.9,0.));
#11864=CARTESIAN_POINT('Origin',(12.,-6.17106599883789,-5.35));
#11865=CARTESIAN_POINT('',(11.5,-6.17106599883789,-5.35));
#11866=CARTESIAN_POINT('',(12.,-6.17106599883789,-5.35));
#11867=CARTESIAN_POINT('',(11.5,-10.6710659988379,-5.35));
#11868=CARTESIAN_POINT('',(11.5,-10.6710659988379,-5.35));
#11869=CARTESIAN_POINT('',(12.,-10.6710659988379,-5.35));
#11870=CARTESIAN_POINT('Origin',(12.,-6.17106599883789,-3.05));
#11871=CARTESIAN_POINT('',(11.5,-6.17106599883789,-3.05));
#11872=CARTESIAN_POINT('',(12.,-6.17106599883789,-3.05));
#11873=CARTESIAN_POINT('',(11.5,-6.17106599883789,-5.35));
#11874=CARTESIAN_POINT('Origin',(12.,-10.6710659988379,-5.35));
#11875=CARTESIAN_POINT('',(11.5,-6.17106599883789,-3.05));
#11876=CARTESIAN_POINT('Origin',(11.5,-8.42106599883789,-4.2));
#11877=CARTESIAN_POINT('Origin',(-10.65,-21.15,-1.785));
#11878=CARTESIAN_POINT('',(-10.35,-21.15,-1.035));
#11879=CARTESIAN_POINT('Origin',(-10.35,-21.15,-1.785));
#11880=CARTESIAN_POINT('',(-10.65,-21.15,-1.035));
#11881=CARTESIAN_POINT('Origin',(-10.35,-21.15,-1.785));
#11882=CARTESIAN_POINT('Origin',(-10.65,-9.15,-1.785));
#11883=CARTESIAN_POINT('',(-10.35,-9.15,-1.035));
#11884=CARTESIAN_POINT('Origin',(-10.35,-9.15,-1.785));
#11885=CARTESIAN_POINT('',(-10.65,-9.15,-1.035));
#11886=CARTESIAN_POINT('Origin',(-10.35,-9.15,-1.785));
#11887=CARTESIAN_POINT('Origin',(-12.75,-21.15,-1.785));
#11888=CARTESIAN_POINT('',(-13.5,-21.15,-3.235));
#11889=CARTESIAN_POINT('Origin',(-13.5,-21.15,-1.785));
#11890=CARTESIAN_POINT('',(-12.,-21.15,-3.535));
#11891=CARTESIAN_POINT('',(-12.75,-21.15,-3.385));
#11892=CARTESIAN_POINT('',(-12.,-22.7311388300842,-2.535));
#11893=CARTESIAN_POINT('Origin',(-12.,-21.15,-1.785));
#11894=CARTESIAN_POINT('',(-12.,-22.7311388300842,-1.035));
#11895=CARTESIAN_POINT('Origin',(-12.,-21.15,-1.785));
#11896=CARTESIAN_POINT('Origin',(-12.,-21.15,-1.785));
#11897=CARTESIAN_POINT('Origin',(-13.5,-1.5125,-2.425));
#11898=CARTESIAN_POINT('Origin',(-12.75,-9.15,-1.785));
#11899=CARTESIAN_POINT('',(-13.5,-9.15,-0.335000000000004));
#11900=CARTESIAN_POINT('Origin',(-13.5,-9.15,-1.785));
#11901=CARTESIAN_POINT('',(-12.,-9.15,-0.0350000000000002));
#11902=CARTESIAN_POINT('',(-12.75,-9.15,-0.185000000000002));
#11903=CARTESIAN_POINT('',(-12.,-7.56886116991581,-1.035));
#11904=CARTESIAN_POINT('Origin',(-12.,-9.15,-1.785));
#11905=CARTESIAN_POINT('',(-12.,-7.56886116991581,-2.535));
#11906=CARTESIAN_POINT('Origin',(-12.,-9.15,-1.785));
#11907=CARTESIAN_POINT('Origin',(-12.,-9.15,-1.785));
#11908=CARTESIAN_POINT('Origin',(-13.5,-1.5125,-2.425));
#11909=CARTESIAN_POINT('Origin',(-12.,-28.15,-2.535));
#11910=CARTESIAN_POINT('',(-12.,-28.15,-2.835));
#11911=CARTESIAN_POINT('',(-12.,-28.15,-2.835));
#11912=CARTESIAN_POINT('',(-12.,-28.15,-2.535));
#11913=CARTESIAN_POINT('',(-12.,-28.15,-1.2675));
#11914=CARTESIAN_POINT('',(-12.,-28.15,-2.535));
#11915=CARTESIAN_POINT('Origin',(-12.,-22.7311388300842,-2.535));
#11916=CARTESIAN_POINT('',(-12.,7.57193058495791,-2.53500000000001));
#11917=CARTESIAN_POINT('',(-12.,-22.7311388300842,-2.535));
#11918=CARTESIAN_POINT('Origin',(-12.,-21.15,-1.785));
#11919=CARTESIAN_POINT('',(-12.,-22.7311388300842,-1.035));
#11920=CARTESIAN_POINT('Origin',(-12.,-28.15,-1.035));
#11921=CARTESIAN_POINT('',(-12.,-28.15,-1.035));
#11922=CARTESIAN_POINT('',(-12.,4.8625,-1.03500000000001));
#11923=CARTESIAN_POINT('',(-12.,-28.15,-1.035));
#11924=CARTESIAN_POINT('Origin',(-12.,-28.15,-0.735000000000003));
#11925=CARTESIAN_POINT('',(-12.,-28.15,-0.735000000000003));
#11926=CARTESIAN_POINT('',(-12.,-28.15,-0.367500000000001));
#11927=CARTESIAN_POINT('',(-12.,-28.15,-0.735000000000003));
#11928=CARTESIAN_POINT('Origin',(-12.,-22.9106816861659,-0.735000000000003));
#11929=CARTESIAN_POINT('',(-12.,-22.9106816861659,-0.735000000000003));
#11930=CARTESIAN_POINT('',(-12.,7.48215915691705,-0.735000000000007));
#11931=CARTESIAN_POINT('',(-12.,-22.9106816861659,-0.735000000000003));
#11932=CARTESIAN_POINT('Origin',(-12.,-21.15,-1.785));
#11933=CARTESIAN_POINT('',(-12.,-22.9106816861659,-2.835));
#11934=CARTESIAN_POINT('Origin',(-12.,-21.15,-1.785));
#11935=CARTESIAN_POINT('',(-12.,-22.9106816861659,-2.835));
#11936=CARTESIAN_POINT('Origin',(-12.,-28.15,-2.835));
#11937=CARTESIAN_POINT('',(-12.,4.8625,-2.83500000000001));
#11938=CARTESIAN_POINT('Origin',(-12.,-2.15,-1.035));
#11939=CARTESIAN_POINT('',(-12.,-2.15,-0.735000000000002));
#11940=CARTESIAN_POINT('',(-12.,-2.15,-0.735000000000002));
#11941=CARTESIAN_POINT('',(-12.,-2.15,-1.035));
#11942=CARTESIAN_POINT('',(-12.,-2.15,-0.517500000000019));
#11943=CARTESIAN_POINT('',(-12.,-2.15,-1.035));
#11944=CARTESIAN_POINT('Origin',(-12.,-7.56886116991581,-1.035));
#11945=CARTESIAN_POINT('',(-12.,15.1530694150421,-1.035));
#11946=CARTESIAN_POINT('',(-12.,-7.56886116991581,-1.035));
#11947=CARTESIAN_POINT('Origin',(-12.,-9.15,-1.785));
#11948=CARTESIAN_POINT('',(-12.,-7.56886116991581,-2.535));
#11949=CARTESIAN_POINT('Origin',(-12.,-2.15,-2.535));
#11950=CARTESIAN_POINT('',(-12.,-2.15,-2.535));
#11951=CARTESIAN_POINT('',(-12.,17.8625,-2.535));
#11952=CARTESIAN_POINT('',(-12.,-2.15,-2.535));
#11953=CARTESIAN_POINT('Origin',(-12.,-2.15,-2.835));
#11954=CARTESIAN_POINT('',(-12.,-2.15,-2.835));
#11955=CARTESIAN_POINT('',(-12.,-2.15,-1.41750000000002));
#11956=CARTESIAN_POINT('',(-12.,-2.15,-2.835));
#11957=CARTESIAN_POINT('Origin',(-12.,-7.3893183138341,-2.835));
#11958=CARTESIAN_POINT('',(-12.,-7.3893183138341,-2.835));
#11959=CARTESIAN_POINT('',(-12.,15.2428408430829,-2.835));
#11960=CARTESIAN_POINT('',(-12.,-7.3893183138341,-2.835));
#11961=CARTESIAN_POINT('Origin',(-12.,-9.15,-1.785));
#11962=CARTESIAN_POINT('',(-12.,-7.3893183138341,-0.735000000000001));
#11963=CARTESIAN_POINT('Origin',(-12.,-9.15,-1.785));
#11964=CARTESIAN_POINT('',(-12.,-7.3893183138341,-0.735000000000001));
#11965=CARTESIAN_POINT('Origin',(-12.,-2.15,-0.735000000000002));
#11966=CARTESIAN_POINT('',(-12.,17.8625,-0.735000000000007));
#11967=CARTESIAN_POINT('Origin',(11.15,-0.0389340011601136,-0.192499999999999));
#11968=CARTESIAN_POINT('',(11.65,-0.538934001160114,-2.435));
#11969=CARTESIAN_POINT('',(11.4875,-0.376434001160114,-2.435));
#11970=CARTESIAN_POINT('',(11.65,-0.538934001160114,-0.384999999999999));
#11971=CARTESIAN_POINT('',(11.65,-0.538934001160114,-0.192499999999999));
#11972=CARTESIAN_POINT('',(14.1455329994194,-3.03446700057956,-0.384999999999999));
#11973=CARTESIAN_POINT('Origin',(12.,-0.538934001160114,-0.384999999999999));
#11974=CARTESIAN_POINT('',(12.,-0.538934001160114,-2.435));
#11975=CARTESIAN_POINT('',(12.,-0.538934001160114,-0.384999999999999));
#11976=CARTESIAN_POINT('Origin',(11.15,-11.6710659988379,-1.2175));
#11977=CARTESIAN_POINT('',(11.65,-11.1710659988379,-0.384999999999999));
#11978=CARTESIAN_POINT('',(11.4875,-11.3335659988379,-0.384999999999999));
#11979=CARTESIAN_POINT('',(11.65,-11.1710659988379,-2.435));
#11980=CARTESIAN_POINT('',(11.65,-11.1710659988379,-1.2175));
#11981=CARTESIAN_POINT('',(14.1455329994194,-8.67553299941845,-2.435));
#11982=CARTESIAN_POINT('Origin',(12.,-11.1710659988379,-2.435));
#11983=CARTESIAN_POINT('',(12.,-11.1710659988379,-0.384999999999999));
#11984=CARTESIAN_POINT('',(12.,-11.1710659988379,-2.435));
#11985=CARTESIAN_POINT('Origin',(11.65,-35.2625,0.3));
#11986=CARTESIAN_POINT('',(11.3,-29.625,-0.05));
#11987=CARTESIAN_POINT('',(12.,-30.325,0.65));
#11988=CARTESIAN_POINT('',(11.3,-14.575,-0.05));
#11989=CARTESIAN_POINT('',(11.3,-35.2625,-0.05));
#11990=CARTESIAN_POINT('',(11.3,-14.575,-0.05));
#11991=CARTESIAN_POINT('Origin',(11.65,-29.975,-1.1675));
#11992=CARTESIAN_POINT('',(11.3,-29.625,-2.335));
#11993=CARTESIAN_POINT('',(12.,-30.325,-3.035));
#11994=CARTESIAN_POINT('',(11.3,-29.625,-1.1675));
#11995=CARTESIAN_POINT('Origin',(11.65,-27.7375,-2.685));
#11996=CARTESIAN_POINT('',(11.3,-14.575,-2.335));
#11997=CARTESIAN_POINT('',(11.3,-27.7375,-2.335));
#11998=CARTESIAN_POINT('',(12.,-13.875,-3.035));
#11999=CARTESIAN_POINT('Origin',(11.65,-14.225,-0.025));
#12000=CARTESIAN_POINT('',(11.3,-14.575,-0.025));
#12001=CARTESIAN_POINT('Origin',(12.,-14.575,-0.05));
#12002=CARTESIAN_POINT('',(12.,-14.575,-0.05));
#12003=CARTESIAN_POINT('',(12.,-14.575,-2.335));
#12004=CARTESIAN_POINT('Origin',(12.,-29.625,-0.05));
#12005=CARTESIAN_POINT('',(12.,-29.625,-0.05));
#12006=CARTESIAN_POINT('Origin',(12.,-0.538934001160114,-2.435));
#12007=CARTESIAN_POINT('Origin',(12.,-11.1710659988379,-0.384999999999999));
#12008=CARTESIAN_POINT('Origin',(12.,-29.625,-2.335));
#12009=CARTESIAN_POINT('',(12.,-29.625,-2.335));
#12010=CARTESIAN_POINT('Origin',(12.,-14.575,-2.335));
#12011=CARTESIAN_POINT('Origin',(-9.00000013411045,-30.0000004470348,-5.));
#12012=CARTESIAN_POINT('Origin',(0.,-1.5125,-3.5));
#12013=CARTESIAN_POINT('',(11.500005322409,33.,-3.5));
#12014=CARTESIAN_POINT('Origin',(9.000005322409,33.,-3.5));
#12015=CARTESIAN_POINT('',(7.900005322409,33.,-3.5));
#12016=CARTESIAN_POINT('Origin',(9.000005322409,33.,-3.5));
#12017=CARTESIAN_POINT('Origin',(0.,-1.5125,-3.5));
#12018=CARTESIAN_POINT('',(-6.499994677591,33.,-3.5));
#12019=CARTESIAN_POINT('Origin',(-8.999994677591,33.,-3.5));
#12020=CARTESIAN_POINT('',(-10.099994677591,33.,-3.5));
#12021=CARTESIAN_POINT('Origin',(-8.999994677591,33.,-3.5));
#12022=CARTESIAN_POINT('Origin',(0.,-1.5125,-2.5));
#12023=CARTESIAN_POINT('Origin',(9.,-32.5,-2.5));
#12024=CARTESIAN_POINT('',(9.00000013411042,-35.,-2.5));
#12025=CARTESIAN_POINT('',(5.81568335752188,-35.0000005215406,-2.5));
#12026=CARTESIAN_POINT('',(9.00000013452408,-30.,-2.5));
#12027=CARTESIAN_POINT('Origin',(9.,-32.5,-2.5));
#12028=CARTESIAN_POINT('',(4.50000006705523,-30.0000004470348,-2.5));
#12029=CARTESIAN_POINT('Origin',(9.00000013411045,-30.0000004470348,0.));
#12030=CARTESIAN_POINT('',(9.00000013411045,-30.0000004470348,0.));
#12031=CARTESIAN_POINT('',(9.00000013411045,-30.0000004470348,0.));
#12032=CARTESIAN_POINT('',(11.6313667150438,-30.0000004470348,0.));
#12033=CARTESIAN_POINT('Origin',(9.,-32.5,0.));
#12034=CARTESIAN_POINT('',(9.00000013411045,-35.0000005215406,0.));
#12035=CARTESIAN_POINT('',(9.00000013411045,-35.0000005215406,0.));
#12036=CARTESIAN_POINT('Origin',(9.,-32.5,0.));
#12037=CARTESIAN_POINT('Origin',(11.6313667150438,-35.0000005215406,0.));
#12038=CARTESIAN_POINT('',(9.00000013411045,-35.0000005215406,0.));
#12039=CARTESIAN_POINT('Origin',(0.,-1.5125,-2.5));
#12040=CARTESIAN_POINT('',(7.45182090186989,36.525,-2.5));
#12041=CARTESIAN_POINT('',(-5.325,36.525,-2.5));
#12042=CARTESIAN_POINT('Origin',(9.000005322409,33.,-2.5));
#12043=CARTESIAN_POINT('',(9.00000013411045,30.5000000000054,-2.5));
#12044=CARTESIAN_POINT('',(5.75000008568168,30.5000004544854,-2.5));
#12045=CARTESIAN_POINT('Origin',(9.000005322409,33.,-2.5));
#12046=CARTESIAN_POINT('Origin',(-10.65,36.525,0.));
#12047=CARTESIAN_POINT('',(-7.45181025705188,36.525,-2.5));
#12048=CARTESIAN_POINT('',(-5.325,36.525,-2.5));
#12049=CARTESIAN_POINT('',(-7.45181025705188,36.525,-5.));
#12050=CARTESIAN_POINT('',(7.45182090186989,36.525,-4.));
#12051=CARTESIAN_POINT('Origin',(0.,-1.5125,-2.5));
#12052=CARTESIAN_POINT('',(-9.00086500846616,30.5000001514952,-2.5));
#12053=CARTESIAN_POINT('Origin',(-8.999994677591,33.,-2.5));
#12054=CARTESIAN_POINT('',(-4.50043250418059,30.5000004544854,-2.5));
#12055=CARTESIAN_POINT('Origin',(-8.999994677591,33.,-2.5));
#12056=CARTESIAN_POINT('Origin',(-9.00086500836118,30.5000004544854,0.));
#12057=CARTESIAN_POINT('',(-9.00086500836118,30.5000004544854,0.));
#12058=CARTESIAN_POINT('Origin',(-8.999994677591,33.,0.));
#12059=CARTESIAN_POINT('Origin',(0.,-1.5125,-2.5));
#12060=CARTESIAN_POINT('Origin',(-9.,-32.5,-2.5));
#12061=CARTESIAN_POINT('',(-9.00000013411045,-30.0000004470348,-2.5));
#12062=CARTESIAN_POINT('',(-5.75000008568168,-30.0000004470348,-2.5));
#12063=CARTESIAN_POINT('',(-9.00000012930732,-35.,-2.5));
#12064=CARTESIAN_POINT('Origin',(-9.,-32.5,-2.5));
#12065=CARTESIAN_POINT('',(-4.50000006705523,-35.0000005215406,-2.5));
#12066=CARTESIAN_POINT('Origin',(-11.5000001713634,-30.0000004470348,0.));
#12067=CARTESIAN_POINT('',(-9.00000013411045,-30.0000004470348,0.));
#12068=CARTESIAN_POINT('',(-11.5000001713634,-30.0000004470348,0.));
#12069=CARTESIAN_POINT('',(-9.00000013411045,-30.0000004470348,0.));
#12070=CARTESIAN_POINT('Origin',(9.000005322409,33.,-5.));
#12071=CARTESIAN_POINT('Origin',(-8.999994677591,33.,-5.));
#12072=CARTESIAN_POINT('Origin',(9.,-32.5,-5.));
#12073=CARTESIAN_POINT('Origin',(-9.,-32.5,-5.));
#12074=CARTESIAN_POINT('Origin',(-8.999994677591,33.,-5.));
#12075=CARTESIAN_POINT('',(-6.499994677591,33.,-5.));
#12076=CARTESIAN_POINT('Origin',(9.000005322409,33.,-5.));
#12077=CARTESIAN_POINT('',(11.500005322409,33.,-5.));
#12078=CARTESIAN_POINT('Origin',(9.,-32.5,-5.));
#12079=CARTESIAN_POINT('',(11.5,-32.5,-5.));
#12080=CARTESIAN_POINT('Origin',(9.,-32.5,0.));
#12081=CARTESIAN_POINT('',(7.9,-32.5,0.));
#12082=CARTESIAN_POINT('',(7.9,-32.5,0.));
#12083=CARTESIAN_POINT('Origin',(9.,-32.5,0.));
#12084=CARTESIAN_POINT('Origin',(9.06568358103929,-32.5000004842877,0.));
#12085=CARTESIAN_POINT('Origin',(-9.00000013411045,-35.0000005215406,0.));
#12086=CARTESIAN_POINT('',(-9.00000013411045,-35.0000005215406,0.));
#12087=CARTESIAN_POINT('',(-9.00000013411045,-35.0000005215406,0.));
#12088=CARTESIAN_POINT('',(-9.00000013411045,-35.0000005215406,0.));
#12089=CARTESIAN_POINT('Origin',(-9.,-32.5,0.));
#12090=CARTESIAN_POINT('Origin',(-9.,-32.5,0.));
#12091=CARTESIAN_POINT('Origin',(-9.,-32.5,0.));
#12092=CARTESIAN_POINT('',(-10.1,-32.5,0.));
#12093=CARTESIAN_POINT('',(-10.1,-32.5,0.));
#12094=CARTESIAN_POINT('Origin',(-9.,-32.5,0.));
#12095=CARTESIAN_POINT('Origin',(-9.00000008568168,-32.5000002607703,0.));
#12096=CARTESIAN_POINT('Origin',(9.000005322409,33.,0.));
#12097=CARTESIAN_POINT('',(7.900005322409,33.,0.));
#12098=CARTESIAN_POINT('Origin',(9.000005322409,33.,0.));
#12099=CARTESIAN_POINT('',(9.00000013411045,30.5000004544854,0.));
#12100=CARTESIAN_POINT('Origin',(11.5000001713634,30.5000004544854,0.));
#12101=CARTESIAN_POINT('Origin',(-8.999994677591,33.,0.));
#12102=CARTESIAN_POINT('',(-10.099994677591,33.,0.));
#12103=CARTESIAN_POINT('Origin',(10.65,-39.55,0.));
#12104=CARTESIAN_POINT('Origin',(-12.,37.875,0.));
#12105=CARTESIAN_POINT('Origin',(12.,37.875,0.));
#12106=UNCERTAINTY_MEASURE_WITH_UNIT(LENGTH_MEASURE(0.01),#12110,
'DISTANCE_ACCURACY_VALUE',
'Maximum model space distance between geometric entities at asserted c
onnectivities');
#12107=UNCERTAINTY_MEASURE_WITH_UNIT(LENGTH_MEASURE(0.01),#12110,
'DISTANCE_ACCURACY_VALUE',
'Maximum model space distance between geometric entities at asserted c
onnectivities');
#12108=(
GEOMETRIC_REPRESENTATION_CONTEXT(3)
GLOBAL_UNCERTAINTY_ASSIGNED_CONTEXT((#12106))
GLOBAL_UNIT_ASSIGNED_CONTEXT((#12110,#12112,#12113))
REPRESENTATION_CONTEXT('','3D')
);
#12109=(
GEOMETRIC_REPRESENTATION_CONTEXT(3)
GLOBAL_UNCERTAINTY_ASSIGNED_CONTEXT((#12107))
GLOBAL_UNIT_ASSIGNED_CONTEXT((#12110,#12112,#12113))
REPRESENTATION_CONTEXT('','3D')
);
#12110=(
LENGTH_UNIT()
NAMED_UNIT(*)
SI_UNIT(.MILLI.,.METRE.)
);
#12111=(
LENGTH_UNIT()
NAMED_UNIT(*)
SI_UNIT($,.METRE.)
);
#12112=(
NAMED_UNIT(*)
PLANE_ANGLE_UNIT()
SI_UNIT($,.RADIAN.)
);
#12113=(
NAMED_UNIT(*)
SI_UNIT($,.STERADIAN.)
SOLID_ANGLE_UNIT()
);
#12114=SHAPE_DEFINITION_REPRESENTATION(#12115,#12116);
#12115=PRODUCT_DEFINITION_SHAPE('',$,#12118);
#12116=SHAPE_REPRESENTATION('',(#6318),#12108);
#12117=PRODUCT_DEFINITION_CONTEXT('part definition',#12122,'design');
#12118=PRODUCT_DEFINITION('2026-07-09-00-21-55-622','LowerBody',#12119,
#12117);
#12119=PRODUCT_DEFINITION_FORMATION('',$,#12124);
#12120=PRODUCT_RELATED_PRODUCT_CATEGORY('LowerBody','LowerBody',(#12124));
#12121=APPLICATION_PROTOCOL_DEFINITION('international standard',
'automotive_design',2009,#12122);
#12122=APPLICATION_CONTEXT(
'Core Data for Automotive Mechanical Design Process');
#12123=PRODUCT_CONTEXT('part definition',#12122,'mechanical');
#12124=PRODUCT('2026-07-09-00-21-55-622','LowerBody',$,(#12123));
#12125=PRESENTATION_STYLE_ASSIGNMENT((#12126));
#12126=SURFACE_STYLE_USAGE(.BOTH.,#12127);
#12127=SURFACE_SIDE_STYLE('',(#12128));
#12128=SURFACE_STYLE_FILL_AREA(#12129);
#12129=FILL_AREA_STYLE('\X2\92FC\X0\ - \X2\30B530C630F3\X0\',(#12130));
#12130=FILL_AREA_STYLE_COLOUR('\X2\92FC\X0\ - \X2\30B530C630F3\X0\',#12131);
#12131=COLOUR_RGB('\X2\92FC\X0\ - \X2\30B530C630F3\X0\',0.627450980392157,
0.627450980392157,0.627450980392157);
ENDSEC;
END-ISO-10303-21;
